target_r,max_hold_bars,n_usable,label_rate,n_train,n_test,test_auc
1.0,10,32166,0.583,25725,6441,0.645
1.0,20,35190,0.585,28140,7050,0.645
1.0,30,36309,0.585,29038,7271,0.64
1.0,40,36980,0.585,29569,7411,0.64
1.5,10,30380,0.456,24296,6084,0.604
1.5,20,34763,0.463,27804,6959,0.605
1.5,30,36127,0.464,28896,7231,0.6
1.5,40,36896,0.465,29512,7384,0.601
2.0,10,28288,0.366,22622,5666,0.601
2.0,20,34120,0.384,27294,6826,0.592
2.0,30,35837,0.386,28668,7169,0.589
2.0,40,36746,0.388,29394,7352,0.59
2.5,10,26358,0.296,21084,5274,0.601
2.5,20,33306,0.326,26641,6665,0.596
2.5,30,35446,0.332,28347,7099,0.59
2.5,40,36543,0.334,29226,7317,0.589
