ticker,report,signal,current_price,pre_market,pre_market_time_et,pre_market_source,pre_market_gap_pct,pre_market_reason,hard_requirements_met,hard_daily_trend_up,hard_daily_stoch_bullish,hard_4h_trend_up,hard_4h_stoch_bullish,structural_confirmation,structural_daily_pattern,structural_4h_pattern,soft_score,soft_1h_not_overbought,soft_1h_macd_bullish,soft_volume_confirmed,soft_near_support,soft_1h_bullish_pattern,filter_checks_failed,fails_hard_lt_3,fails_no_structural,fails_soft_lt_2,fails_eps_deteriorating,d1_close,d1_ema50,d1_trend_up,d1_stoch_k,d1_stoch_d,d1_k_above_d,d1_stoch_bullish,d1_overbought,d1_patterns,d1_support,d1_resistance,h4_close,h4_ema50,h4_trend_up,h4_stoch_k,h4_stoch_d,h4_k_above_d,h4_stoch_bullish,h4_overbought,h4_patterns,h4_support,h4_resistance,h1_close,h1_ema50,h1_trend_up,h1_stoch_k,h1_stoch_d,h1_k_above_d,h1_stoch_bullish,h1_overbought,h1_patterns,h1_support,h1_resistance,today_low,today_high,today_range,daily_atr,atr_used_today_pct,atr_projected_low,atr_projected_high,entry_support_1h,stop,take_profit,poc,vwap,above_vwap,trend_dir,channel_lower,channel_mid,channel_upper,channel_slope_pct_day,channel_r2,channel_position_pct,name,sector,industry,market_cap,trailing_p_e,forward_p_e,peg_ratio,price_book,price_sales_ttm,eps_ttm,dividend_yield,profit_margin,operating_margin,return_on_equity,revenue_growth_yoy,free_cash_flow,debt_equity,current_ratio,institutional_ownership,short_pct_of_float,beta,52_week_high,52_week_low,analyst_target_mean,pos_in_52w_range_pct,analyst_consensus,analyst_mean_score,analyst_opinions,analyst_strong_buy,analyst_buy,analyst_hold,analyst_sell,analyst_strong_sell,eps_current,eps_30d_ago,eps_improving,eps_num_analysts,next_earnings_date,days_to_earnings,in_earnings_window,in_sp500,sp500_added_date,upgrades,downgrades,latest_rating_action,buyback_headlines_count,latest_buyback_headline,guidance_headlines_count,latest_guidance_headline,reddit_rank,reddit_mentions,reddit_momentum_pct_24h,reddit_upvotes,news_count,latest_news_time,latest_news_headline,latest_news_url,news_not_fetched_reason,error
A,up,WAIT,172.79,,,,,,False,True,False,True,False,True,True,False,2.0,True,False,True,False,False,1.0,True,False,False,False,172.79,149.72,True,91.73,92.94,False,False,True,hammer,144.65,174.77,172.79,155.72,True,88.39,88.95,False,False,True,,144.65,174.77,172.79,164.54,True,75.4,73.47,True,True,False,,163.27,174.77,169.43,172.94,3.51,4.81,73.0,168.13,174.24,163.27,160.87,190.67,155.9,171.75,True,up,170.37,173.96,177.55,1.68,0.91,34.0,"Agilent Technologies, Inc.",Healthcare,Diagnostics & Research,48720871424.0,34.14822,25.570675,1.43,6.61701,6.608042,5.06,0.59,0.19533001,0.25559,0.20971,0.081,1060374976.0,56.336,2.05,0.95494,0.020499999,1.241,174.77,108.35,175.42857,97.0,Buy,1.78,21,4.0,12.0,7.0,0.0,0.0,1.73,1.72,True,19,2026-11-25,60.0,False,True,2000-06-05,0.0,0.0,2026-08-28 Wells Fargo: main -> Overweight,0.0,,0.0,,N/A,0.0,N/A,0.0,0.0,,,,,
AAPL,up,WAIT,341.04,,,,,,True,True,True,True,True,True,True,False,2.0,False,True,True,False,False,0.0,False,False,False,False,341.04,321.46,True,79.16,81.02,False,True,False,morning_star,328.35,345.34,341.04,328.4,True,58.19,52.54,True,True,False,,328.35,345.34,341.04,336.78,True,91.42,93.35,False,False,True,,334.3,341.67,334.53,341.67,7.14,6.79,105.2,334.88,341.32,334.3,330.9,356.25,337.01,339.0,True,up,335.45,339.5,343.55,0.16,0.22,69.0,Apple Inc.,Technology,Consumer Electronics,4977636933632.0,39.068733,35.582424,2.7,46.341034,10.662793,8.73,0.32,0.27618998,0.32623002,1.4875101,0.164,107721875456.0,78.445,1.003,0.66344,0.0088,1.085,345.34,243.42,328.22205,95.8,Buy,2.20,39,6.0,19.0,13.0,3.0,3.0,1.98,1.98,True,27,2026-10-29,33.0,False,True,1982-11-30,0.0,0.0,2026-09-23 B of A Securities: reit -> Buy,0.0,,0.0,,19,17.0,-5.6,30.0,0.0,,,,,
AAOI,filtered,WAIT,101.34,,,,,,False,False,False,False,False,False,False,False,1.0,True,False,False,False,False,4.0,True,True,True,True,101.34,113.84,False,31.26,40.5,False,False,False,,94.0,110.74,101.34,107.02,False,42.57,44.09,False,False,False,,94.0,110.74,101.34,102.57,False,56.5,63.12,False,False,False,,97.62,105.03,99.97,105.03,5.06,6.6,76.7,98.43,106.57,97.62,94.32,111.87,101.39,102.1,False,up,96.87,103.41,109.95,0.16,0.01,34.0,"Applied Optoelectronics, Inc.",Technology,Communication Equipment,8609498112.0,,22.033897,0.78,5.1297617,14.446195,-0.77,,-0.09568,-0.12884,-0.05449,0.864,-887050112.0,17.994,2.777,0.6291,0.15020001,3.783,233.67,18.5,163.4,38.5,None,N/A,5,2.0,1.0,3.0,0.0,0.0,0.14,0.28,False,6,2026-11-05,40.0,False,False,,0.0,0.0,,0.0,,0.0,,N/A,0.0,N/A,0.0,0.0,,,,ticker filtered out,
ABNB,down,WAIT,157.48,,,,,,False,False,True,False,True,False,False,False,2.0,False,True,True,False,False,2.0,True,True,False,False,157.48,165.78,False,11.16,6.82,True,True,False,,149.0,173.43,157.48,167.93,False,30.01,18.7,True,True,False,,149.0,173.43,157.48,159.47,False,82.27,82.59,False,True,True,,149.0,158.64,151.18,158.64,7.46,5.6,133.2,153.04,156.78,149.0,146.2,174.4,152.09,156.29,True,down,143.95,151.3,158.64,-1.72,0.67,92.0,"Airbnb, Inc.",Consumer Cyclical,Travel Services,94290780160.0,35.952053,25.452288,1.44,11.912399,7.1654973,4.38,,0.2045,0.21009001,0.34542,0.165,3206874880.0,32.004,1.408,0.89359003,0.035,1.161,193.453,110.81,184.35,56.5,Buy,2.00,40,6.0,21.0,16.0,1.0,1.0,2.87,2.85,True,33,2026-11-05,40.0,False,True,2023-09-18,1.0,0.0,2026-09-21 RBC Capital: reit -> Outperform,0.0,,0.0,,N/A,0.0,N/A,0.0,0.0,,,,not fetched for down-trend tickers,
AER,up,WAIT,149.25,,,,,,False,True,True,True,True,False,False,False,1.0,False,False,True,False,False,2.0,False,True,True,False,149.25,145.76,True,88.3,80.32,True,True,True,,136.77,149.92,149.25,144.88,True,94.74,91.83,True,True,True,,136.77,149.92,149.25,144.84,True,92.81,94.95,False,False,True,,143.15,149.92,146.16,149.92,3.76,2.95,127.5,146.97,149.11,143.15,141.68,160.6,143.15,148.62,True,up,144.87,147.43,149.99,0.62,0.68,86.0,AerCap Holdings N.V.,Industrials,Rental & Leasing Services,23453435904.0,7.3357916,8.194048,0.8,1.2516778,2.6170382,20.34,1.1,0.37854,0.575,0.18662001,0.149,-1560377728.0,232.664,1.3,0.94784,0.0222,0.925,158.81,118.96,179.3,76.0,Strong Buy,1.40,10,2.0,7.0,1.0,0.0,0.0,4.15,4.15,True,9,2026-10-28,32.0,False,False,,0.0,0.0,,0.0,,0.0,,N/A,0.0,N/A,0.0,0.0,,,,,
AIR,up,WAIT,115.97,,,,,,False,False,False,False,False,False,False,False,3.0,True,False,True,True,False,3.0,True,True,False,True,115.97,127.71,False,40.29,40.01,True,False,False,,110.36,122.5,115.97,124.03,False,72.42,83.33,False,False,False,,110.36,122.5,115.97,118.31,False,2.19,19.64,False,False,False,,115.92,122.0,115.92,122.0,6.08,5.06,120.2,116.94,120.98,115.92,113.39,119.84,116.53,118.01,False,up,116.91,120.61,124.31,0.98,0.62,-13.0,AAR Corp.,Industrials,Aerospace & Defense,4674454016.0,23.890945,17.74994,2.4,2.6831975,1.4130756,4.86,,0.056739997,0.08384,0.12876001,0.23,-50362500.0,59.397,2.841,1.02608,0.040999997,1.109,154.0,76.1,145.2,51.2,Buy,1.88,5,1.0,4.0,3.0,0.0,0.0,1.30,1.32,False,8,2026-09-29,3.0,True,False,,0.0,0.0,2026-09-15 Guggenheim: init -> Neutral,0.0,,0.0,,N/A,0.0,N/A,0.0,0.0,,,,,
ALAB,up,WAIT,364.46,,,,,,False,True,False,True,False,False,False,False,2.0,True,False,True,False,False,2.0,True,True,False,False,364.46,311.51,True,91.57,93.32,False,False,True,,251.62,377.87,364.46,313.92,True,91.76,93.83,False,False,True,,251.62,377.87,364.46,341.39,True,64.59,74.88,False,False,False,,348.35,377.87,356.2,377.87,21.67,22.37,96.9,355.5,378.57,348.35,337.16,405.41,362.93,367.06,False,up,359.98,386.35,412.72,3.61,0.82,8.0,"Astera Labs, Inc.",Technology,Semiconductors,63256137728.0,180.50494,57.029976,,36.65628,52.629288,2.02,,0.30742002,0.22744,0.25826,1.045,91913128.0,2.574,10.054,0.75997,0.0657,3.778,499.476,97.89,389.9527,66.4,Buy,1.81,23,7.0,12.0,7.0,0.0,0.0,1.19,0.79,True,20,2026-11-03,38.0,False,False,,0.0,0.0,,1.0,Grab Cheers Investors With Share Repurchase Completion Plans,0.0,,N/A,0.0,N/A,0.0,0.0,,,,,
AMAT,up,WAIT,485.05,,,,,,False,True,False,True,True,False,False,False,1.0,False,False,True,False,False,2.0,False,True,True,False,485.05,482.42,True,98.22,96.85,True,False,True,,411.51,487.68,485.05,466.01,True,97.37,96.86,True,True,True,,411.51,487.68,485.05,463.62,True,92.82,92.57,True,False,True,,460.57,487.68,476.36,487.68,11.32,18.26,62.0,469.42,494.62,460.57,451.44,535.47,464.7,482.88,True,up,473.12,491.77,510.41,1.99,0.82,32.0,"Applied Materials, Inc.",Technology,Semiconductor Equipment & Materials,384894763008.0,41.91876,26.256168,0.94,15.019665,12.481589,11.57,0.45,0.30052,0.33736,0.41068,0.248,3075375104.0,28.666,2.423,0.86267996,0.0178,1.597,739.67,197.39,640.8857,53.0,Strong Buy,1.46,35,4.0,28.0,7.0,0.0,0.0,4.06,4.06,True,25,2026-11-12,47.0,False,True,1995-03-16,0.0,0.0,2026-09-01 UBS: main -> Buy,0.0,,1.0,Applied Materials (AMAT) Stock May Look Reasonable Following Fresh AI Demand Forecasts,N/A,0.0,N/A,0.0,0.0,,,,,
AMD,up,WAIT,630.35,,,,,,False,True,False,True,False,True,False,True,2.0,True,False,False,False,True,1.0,True,False,False,False,630.35,515.49,True,96.08,97.26,False,False,True,,480.33,638.95,630.35,539.83,True,94.58,95.41,False,False,True,bullish_harami,480.33,638.95,630.35,596.86,True,78.08,77.71,True,True,False,piercing_line,599.35,638.95,625.52,638.95,13.43,26.2,51.3,612.75,651.72,599.35,586.25,696.5,615.58,631.17,False,up,613.12,647.3,681.48,2.22,0.74,25.0,"Advanced Micro Devices, Inc.",Technology,Semiconductors,1029487722496.0,161.7,40.48134,0.64,15.309897,24.924046,3.9,,0.15577,0.1725,0.10196,0.501,8841499648.0,6.361,2.609,0.75401,0.024600001,2.476,638.95,159.33,618.508,98.2,Strong Buy,1.49,50,5.0,39.0,11.0,0.0,0.0,1.93,1.93,True,39,2026-11-03,38.0,False,True,2017-03-20,0.0,0.0,2026-09-25 B of A Securities: main -> Buy,0.0,,1.0,"AMD, NVIDIA and Intel Forecast: Chip Stocks Push Higher",7,52.0,-29.7,117.0,0.0,,,,,
AME,up,WAIT,250.97,,,,,,False,True,False,True,True,True,False,True,2.0,False,False,True,False,True,0.0,False,False,False,False,250.97,240.34,True,91.94,91.36,True,False,True,,230.01,252.78,250.97,241.11,True,93.13,91.96,True,True,True,hammer,230.01,252.78,250.97,244.35,True,81.71,84.16,False,False,True,bullish_harami,242.11,252.78,249.07,252.78,3.71,5.24,70.8,247.54,254.31,242.11,239.49,268.19,245.88,250.88,True,up,249.31,252.42,255.52,1.09,0.93,27.0,,,,,,,,,,,,,,,,,,,,,,,,,,N/A,N/A,N/A,2.0,12.0,5.0,0.0,1.0,2.10,2.10,True,19,2026-10-29,33.0,False,True,2013-09-23,0.0,0.0,,0.0,,0.0,,N/A,0.0,N/A,0.0,0.0,,,,,
AMRX,up,WAIT,19.76,,,,,,False,True,True,True,False,False,False,False,1.0,False,False,True,False,False,2.0,False,True,True,False,19.76,17.82,True,66.63,66.18,True,True,False,,16.56,21.17,19.76,18.32,True,58.76,61.96,False,False,False,,16.56,21.17,19.76,19.15,True,80.63,77.42,True,True,True,,18.74,20.0,19.33,20.0,0.67,0.89,75.3,19.11,20.22,18.74,18.3,21.95,18.34,19.71,True,up,18.62,19.88,21.14,0.86,0.23,45.0,"Amneal Pharmaceuticals, Inc.",Healthcare,Drug Manufacturers - Specialty & Generic,6885812736.0,41.1875,16.577644,1.88,191.94176,2.2087271,0.48,,0.050479997,0.18335,6.1301703,0.099,-115327128.0,2386.528,2.205,0.48431998,0.046,1.242,21.175,9.56,22.71429,87.8,Strong Buy,1.43,7,3.0,4.0,0.0,0.0,0.0,0.23,0.23,True,7,2026-10-29,33.0,False,False,,0.0,0.0,2026-09-23 Oppenheimer: init -> Outperform,0.0,,0.0,,N/A,0.0,N/A,0.0,0.0,,,,,
AMZN,filtered,WAIT,249.74,,,,,,False,False,False,False,False,False,False,False,1.0,True,False,False,False,False,4.0,True,True,True,True,249.74,254.49,False,31.95,43.97,False,False,False,,244.3,259.49,249.74,254.32,False,34.64,34.5,True,False,False,,244.3,259.49,249.74,251.24,False,78.68,84.08,False,False,False,,245.6,250.93,247.18,250.88,3.7,5.33,69.4,245.55,252.51,245.6,242.93,259.96,249.63,249.21,True,down,243.7,249.4,255.1,-0.32,0.24,53.0,,,,,,,,,,,,,,,,,,,,,,,,,,N/A,N/A,N/A,3.0,9.0,10.0,0.0,1.0,1.94,1.95,False,42,2026-10-29,33.0,False,True,2005-11-18,0.0,0.0,,0.0,,0.0,,17,21.0,10.5,60.0,0.0,,,,ticker filtered out,
ANET,up,WAIT,206.51,,,,,,False,True,False,True,False,False,False,False,2.0,True,False,True,False,False,2.0,True,True,False,False,206.51,190.41,True,82.95,86.26,False,False,True,,186.11,212.0,206.51,196.95,True,79.69,80.49,False,False,False,,186.11,212.0,206.51,203.1,True,63.5,69.33,False,False,False,,198.76,212.0,205.52,212.0,6.48,7.51,86.3,204.49,213.03,198.76,195.01,223.76,205.34,207.81,False,up,203.18,207.17,211.16,0.54,0.56,42.0,,,,,,,,,,,,,,,,,,,,,,,,,,N/A,N/A,N/A,7.0,23.0,1.0,0.0,0.0,1.08,1.08,True,25,2026-11-03,38.0,False,True,2018-08-28,0.0,0.0,,0.0,,0.0,,N/A,0.0,N/A,0.0,0.0,,,,,
APH,up,WAIT,84.1,,,,,,False,True,True,True,False,False,False,False,1.0,False,False,True,False,False,2.0,False,True,True,False,84.1,80.12,True,80.33,74.75,True,True,True,,76.74,85.01,84.1,80.87,True,91.69,91.71,False,False,True,,76.74,85.01,84.1,81.86,True,80.54,83.5,False,False,True,,80.05,85.01,83.48,85.01,1.53,2.78,55.0,82.23,86.26,80.05,78.66,92.26,82.39,84.17,False,up,83.14,84.62,86.09,1.19,0.88,32.0,Amphenol Corporation,Technology,Electronic Components,207363145728.0,42.045,25.634928,0.95,13.381603,7.1475945,2.0,0.6,0.17729001,0.29779,0.38115,0.55,3818374912.0,120.415,1.888,0.96759003,0.0145000005,1.242,89.26,59.005,99.38889,82.9,Strong Buy,1.44,18,4.0,12.0,2.0,0.0,0.0,0.72,0.72,True,15,2026-10-28,32.0,False,True,2008-09-30,0.0,0.0,2026-09-23 Bernstein: init -> Outperform,0.0,,0.0,,N/A,0.0,N/A,0.0,0.0,,,,,
ARMK,down,WAIT,54.94,,,,,,False,False,True,False,True,False,False,False,3.0,True,True,True,False,False,2.0,True,True,False,False,54.94,56.87,False,9.55,10.27,False,True,False,,54.01,60.15,54.94,57.07,False,13.69,10.31,True,True,False,,54.01,60.15,54.94,55.87,False,45.61,40.03,True,True,False,,54.01,56.52,54.01,55.03,1.03,1.39,74.1,53.64,55.4,54.01,53.32,57.37,56.6,54.73,True,down,53.63,54.49,55.35,-0.82,0.81,76.0,Aramark,Industrials,Specialty Business Services,14478286848.0,38.405594,19.507204,0.85,4.264637,0.7295588,1.43,0.88,0.01929,0.04422,0.11694,0.093,374142496.0,186.724,1.285,1.00331,0.031400003,1.19,62.65,35.07,68.5,72.0,Strong Buy,1.50,16,3.0,11.0,1.0,0.0,1.0,0.75,0.75,True,12,2026-11-24,59.0,False,False,,0.0,0.0,,0.0,,0.0,,N/A,0.0,N/A,0.0,0.0,,,,not fetched for down-trend tickers,
ARQT,up,WAIT,26.92,,,,,,False,True,False,True,True,False,False,False,2.0,False,True,True,False,False,1.0,False,True,False,False,26.92,25.47,True,65.9,71.64,False,False,False,,23.1,28.29,26.92,25.39,True,60.41,58.63,True,True,False,,23.1,28.29,26.92,26.03,True,92.58,90.32,True,True,True,,25.19,27.36,25.8,27.09,1.29,1.45,89.0,25.64,27.25,25.19,24.46,30.61,25.97,26.68,True,up,25.47,26.86,28.24,0.78,0.27,52.0,"Arcutis Biotherapeutics, Inc.",Healthcare,Biotechnology,3383627520.0,122.36364,19.794117,,15.330296,7.292599,0.22,,0.06147,0.12651,0.15864,0.593,21685376.0,51.744,2.917,1.08472,0.1566,1.503,31.77,17.67,37.0,65.6,Buy,1.57,7,2.0,4.0,1.0,0.0,0.0,0.17,0.16,True,5,2026-10-27,31.0,False,False,,0.0,0.0,,0.0,,0.0,,N/A,0.0,N/A,0.0,0.0,,,,,
ATRO,up,WAIT,69.19,,,,,,False,False,False,False,False,True,True,False,3.0,True,False,True,False,True,1.0,True,False,False,False,69.19,72.83,False,43.1,43.56,False,False,False,hammer,62.65,72.0,69.19,71.75,False,82.51,83.05,False,False,True,,62.65,72.0,69.19,68.94,True,56.05,54.16,True,True,False,bullish_engulfing,67.51,70.18,68.38,69.93,1.55,3.24,47.8,66.69,71.62,67.51,65.89,74.14,68.94,68.97,True,up,67.95,70.55,73.14,1.09,0.59,24.0,,,,,,,,,,,,,,,,,,,,,,,,,,N/A,N/A,N/A,,,,,,N/A,N/A,,N/A,,,False,False,,0.0,0.0,,0.0,,0.0,,N/A,0.0,N/A,0.0,0.0,,,,,
ATI,down,WAIT,185.56,,,,,,False,False,False,False,False,True,True,True,3.0,True,True,True,False,False,1.0,True,False,False,False,185.56,197.57,False,17.95,19.32,False,False,False,hammer,179.59,197.0,185.56,196.07,False,33.88,34.98,False,False,False,bullish_harami,179.59,197.0,185.56,187.28,False,52.23,47.74,True,True,False,,181.51,189.98,182.32,186.68,4.35,8.0,54.4,178.68,190.32,181.51,177.51,197.64,185.68,184.55,True,down,181.66,186.03,190.4,-0.01,0.0,45.0,,,,,,,,,,,,,,,,,,,,,,,,,,N/A,N/A,N/A,,,,,,N/A,N/A,,N/A,,,False,False,,0.0,0.0,,0.0,,0.0,,N/A,0.0,N/A,0.0,0.0,,,,not fetched for down-trend tickers,
AVGO,down,WAIT,352.82,,,,,,False,False,False,False,False,True,False,True,3.0,True,True,False,False,True,1.0,True,False,False,False,352.82,370.78,False,45.8,56.54,False,False,False,,335.81,366.54,352.82,361.45,False,46.57,49.46,False,False,False,hammer,335.81,366.54,352.82,353.95,False,68.12,68.43,False,True,False,bullish_engulfing,346.89,357.37,349.43,354.43,5.0,10.13,49.4,344.3,359.56,346.89,341.83,369.31,349.34,351.96,True,down,343.48,354.21,364.93,-0.08,0.01,44.0,,,,,,,,,,,,,,,,,,,,,,,,,,N/A,N/A,N/A,,,,,,N/A,N/A,,N/A,,,False,True,2014-05-08,0.0,0.0,,0.0,,0.0,,24,15.0,-34.8,35.0,0.0,,,,not fetched for down-trend tickers,
AVNT,up,WAIT,41.31,,,,,,False,True,True,False,True,False,False,False,3.0,False,True,True,False,True,1.0,False,True,False,False,41.31,41.12,True,31.82,29.1,True,True,False,,39.72,41.98,41.31,41.68,False,60.62,53.2,True,True,False,,39.72,41.98,41.31,41.04,True,84.7,83.69,True,True,True,bullish_harami,40.33,41.49,40.77,41.49,0.72,0.93,77.4,40.56,41.7,40.33,39.86,43.49,41.28,41.25,True,up,40.33,41.1,41.86,0.17,0.11,64.0,,,,,,,,,,,,,,,,,,,,,,,,,,N/A,N/A,N/A,,,,,,N/A,N/A,,N/A,,,False,False,,0.0,0.0,,0.0,,0.0,,N/A,0.0,N/A,0.0,0.0,,,,,
AVPT,down,WAIT,13.01,,,,,,False,True,False,False,False,False,False,False,3.0,True,False,True,False,True,2.0,True,True,False,False,13.01,12.98,True,36.76,40.14,False,False,False,,12.83,13.93,13.01,13.24,False,30.12,31.37,False,False,False,,12.83,13.93,13.01,13.18,False,32.81,43.23,False,False,False,bullish_harami,12.91,13.23,12.98,13.23,0.25,0.44,56.8,12.79,13.42,12.91,12.69,13.49,13.11,13.06,False,down,12.71,12.97,13.23,-0.55,0.55,56.0,,,,,,,,,,,,,,,,,,,,,,,,,,N/A,N/A,N/A,,,,,,N/A,N/A,,N/A,,,False,False,,0.0,0.0,,0.0,,0.0,,N/A,0.0,N/A,0.0,0.0,,,,not fetched for down-trend tickers,
AXTA,up,WAIT,32.88,,,,,,False,False,False,False,True,False,False,False,1.0,False,False,True,False,False,3.0,True,True,True,False,32.88,34.24,False,15.16,14.94,True,False,False,,31.84,33.85,32.88,34.02,False,46.73,36.11,True,True,False,,31.84,33.85,32.88,32.8,True,91.32,93.77,False,False,True,,32.02,32.98,32.42,32.98,0.56,0.85,65.9,32.13,33.27,32.02,31.6,34.8,32.25,32.73,True,up,31.85,32.59,33.33,0.02,0.0,70.0,,,,,,,,,,,,,,,,,,,,,,,,,,N/A,N/A,N/A,,,,,,N/A,N/A,,N/A,,,False,False,,0.0,0.0,,0.0,,0.0,,N/A,0.0,N/A,0.0,0.0,,,,,
BE,up,WAIT,288.58,,,,,,False,True,True,True,True,False,False,False,0.0,False,False,False,False,False,2.0,False,True,True,False,288.58,245.97,True,77.55,79.26,False,True,False,,249.05,292.72,288.58,255.8,True,76.79,61.76,True,True,False,,249.05,292.72,288.58,274.14,True,92.43,94.44,False,False,True,,251.3,292.72,264.01,292.72,28.71,18.97,151.3,273.75,282.98,251.3,241.81,358.73,274.08,284.16,True,up,262.02,276.89,291.76,0.16,0.01,89.0,,,,,,,,,,,,,,,,,,,,,,,,,,N/A,N/A,N/A,,,,,,N/A,N/A,,N/A,,,False,True,2026-09-21,0.0,0.0,,0.0,,0.0,,22,15.0,50.0,281.0,0.0,,,,,
BIIB,error,,,,,,,,,,,,,,,,,,,,,,,,,,,,,,,,,,,,,,,,,,,,,,,,,,,,,,,,,,,,,,,,,,,,,,,,,,,,,,,,,,,,,,,,,,,,,,,,,,,,,,,,,,,,,,,,,,,,,,,,,,,,,,,,,,,,,,,,,,ValueError: No data returned for BIIB
BTSG,down,WAIT,56.59,,,,,,False,False,True,False,True,True,True,False,1.0,False,False,True,False,False,2.0,True,False,True,False,56.59,60.23,False,13.55,11.69,True,True,False,hammer,54.87,60.77,56.59,58.84,False,30.02,24.4,True,True,False,,54.87,60.77,56.59,56.83,False,82.17,84.42,False,False,True,,54.87,57.01,55.49,57.01,1.52,2.14,71.0,54.87,57.63,54.87,53.8,60.78,56.67,56.48,True,down,54.39,55.72,57.06,-0.43,0.35,82.0,,,,,,,,,,,,,,,,,,,,,,,,,,N/A,N/A,N/A,,,,,,N/A,N/A,,N/A,,,False,False,,0.0,0.0,,0.0,,0.0,,N/A,0.0,N/A,0.0,0.0,,,,not fetched for down-trend tickers,
CART,down,WAIT,43.19,,,,,,False,False,True,False,True,False,False,False,2.0,True,False,True,False,False,2.0,True,True,False,False,43.19,46.96,False,11.07,9.3,True,True,False,,42.12,50.22,43.19,46.82,False,26.01,22.85,True,True,False,,42.12,50.22,43.19,44.44,False,63.75,77.68,False,False,False,,42.33,43.78,42.6,43.78,1.18,1.84,64.1,41.94,44.44,42.33,41.41,45.86,43.32,43.32,False,down,41.5,42.82,44.14,-1.02,0.64,64.0,,,,,,,,,,,,,,,,,,,,,,,,,,N/A,N/A,N/A,,,,,,N/A,N/A,,N/A,,,False,False,,0.0,0.0,,0.0,,0.0,,N/A,0.0,N/A,0.0,0.0,,,,not fetched for down-trend tickers,
CAT,up,WAIT,821.31,,,,,,False,False,True,True,True,False,False,False,2.0,False,True,True,False,False,1.0,False,True,False,False,821.31,831.18,False,69.34,66.83,True,True,False,,772.86,827.81,821.31,813.05,True,73.02,66.42,True,True,False,,772.86,827.81,821.31,807.8,True,85.2,83.56,True,True,True,,794.2,823.0,809.05,823.0,13.95,20.5,68.0,802.5,829.55,794.2,783.95,877.35,805.29,816.92,True,up,800.54,813.5,826.46,0.2,0.2,80.0,,,,,,,,,,,,,,,,,,,,,,,,,,N/A,N/A,N/A,,,,,,N/A,N/A,,N/A,,,False,True,1957-03-04,0.0,0.0,,0.0,,0.0,,N/A,0.0,N/A,0.0,0.0,,,,,
CDE,error,,,,,,,,,,,,,,,,,,,,,,,,,,,,,,,,,,,,,,,,,,,,,,,,,,,,,,,,,,,,,,,,,,,,,,,,,,,,,,,,,,,,,,,,,,,,,,,,,,,,,,,,,,,,,,,,,,,,,,,,,,,,,,,,,,,,,,,,,,ValueError: No data returned for CDE
CDNA,up,WAIT,63.71,,,,,,False,True,False,True,False,False,False,False,1.0,False,False,True,False,False,3.0,True,True,True,False,63.71,47.27,True,82.35,83.48,False,False,True,,50.17,65.19,63.71,52.61,True,90.18,86.4,True,False,True,,50.17,65.19,63.71,57.69,True,92.61,96.12,False,False,True,,54.0,65.19,60.51,65.19,4.68,2.72,172.1,62.47,63.23,54.0,52.64,80.31,54.21,63.28,True,up,58.21,61.99,65.78,2.43,0.72,73.0,,,,,,,,,,,,,,,,,,,,,,,,,,N/A,N/A,N/A,,,,,,N/A,N/A,,N/A,,,False,False,,0.0,0.0,,0.0,,0.0,,N/A,0.0,N/A,0.0,0.0,,,,,
CDW,error,,,,,,,,,,,,,,,,,,,,,,,,,,,,,,,,,,,,,,,,,,,,,,,,,,,,,,,,,,,,,,,,,,,,,,,,,,,,,,,,,,,,,,,,,,,,,,,,,,,,,,,,,,,,,,,,,,,,,,,,,,,,,,,,,,,,,,,,,,ValueError: No data returned for CDW
CGNX,down,WAIT,58.65,,,,,,False,False,True,False,True,False,False,False,3.0,True,True,True,False,False,2.0,True,True,False,False,58.65,61.65,False,13.14,18.42,False,True,False,,57.1,63.0,58.65,60.74,False,19.44,14.62,True,True,False,,57.1,63.0,58.65,59.31,False,78.45,69.58,True,True,False,,57.1,59.36,57.6,58.94,1.34,2.16,62.0,56.78,59.76,57.1,56.02,62.59,58.57,58.39,True,down,55.78,57.59,59.4,-1.08,0.66,79.0,,,,,,,,,,,,,,,,,,,,,,,,,,N/A,N/A,N/A,,,,,,N/A,N/A,,N/A,,,False,False,,0.0,0.0,,0.0,,0.0,,N/A,0.0,N/A,0.0,0.0,,,,not fetched for down-trend tickers,
CHRD,down,WAIT,136.25,,,,,,False,False,True,False,False,True,False,True,2.0,True,False,True,False,False,1.0,True,False,False,False,136.25,140.94,False,11.19,8.36,True,True,False,,135.1,157.06,136.25,143.41,False,10.8,13.8,False,False,False,bullish_harami,135.1,157.06,136.25,140.69,False,15.51,10.5,True,True,False,,135.1,141.82,135.1,138.14,3.04,4.98,61.0,133.16,140.08,135.1,132.61,141.71,139.72,136.21,True,down,131.39,135.41,139.43,-1.1,0.69,60.0,,,,,,,,,,,,,,,,,,,,,,,,,,N/A,N/A,N/A,,,,,,N/A,N/A,,N/A,,,False,False,,0.0,0.0,,0.0,,0.0,,N/A,0.0,N/A,0.0,0.0,,,,not fetched for down-trend tickers,
CIEN,up,WAIT,356.83,,,,,,False,False,False,False,False,False,False,False,3.0,True,False,True,False,True,2.0,True,True,False,False,356.83,380.62,False,67.93,73.54,False,False,False,,318.43,376.74,356.83,361.26,False,58.8,62.83,False,False,False,,318.43,376.74,356.83,355.88,True,51.57,56.28,False,False,False,bullish_harami,346.56,366.43,355.01,366.43,11.42,22.01,51.9,344.42,377.02,346.56,335.55,388.75,357.88,358.46,False,up,347.77,362.65,377.53,0.41,0.14,30.0,,,,,,,,,,,,,,,,,,,,,,,,,,N/A,N/A,N/A,,,,,,N/A,N/A,,N/A,,,False,True,2026-02-09,0.0,0.0,,0.0,,0.0,,N/A,0.0,N/A,0.0,0.0,,,,,
COHR,down,WAIT,295.78,,,,,,False,False,False,False,False,False,False,False,1.0,True,False,False,False,False,3.0,True,True,True,False,295.78,303.08,False,47.17,58.08,False,False,False,,265.49,332.86,295.78,297.32,False,24.4,32.11,False,False,False,,265.49,332.86,295.78,299.69,False,58.85,67.89,False,False,False,,290.2,305.99,290.28,301.77,11.49,19.84,57.9,281.93,310.12,290.2,280.28,319.03,308.49,295.91,False,down,277.46,298.58,319.7,-0.59,0.1,43.0,,,,,,,,,,,,,,,,,,,,,,,,,,N/A,N/A,N/A,,,,,,N/A,N/A,,N/A,,,False,True,2026-03-23,0.0,0.0,,0.0,,0.0,,N/A,0.0,N/A,0.0,0.0,,,,not fetched for down-trend tickers,
COP,down,WAIT,127.3,,,,,,False,False,True,False,True,True,False,True,3.0,True,False,True,True,False,1.0,True,False,False,False,127.3,127.61,False,22.02,16.43,True,True,False,,124.47,141.62,127.3,130.8,False,30.54,29.38,True,True,False,bullish_harami,124.47,141.62,127.3,129.71,False,10.33,9.6,True,True,False,,126.97,130.97,126.97,128.56,1.59,3.7,43.0,124.86,130.67,126.97,125.12,130.57,131.88,127.57,False,down,123.3,126.9,130.51,-0.53,0.36,55.0,,,,,,,,,,,,,,,,,,,,,,,,,,N/A,N/A,N/A,,,,,,N/A,N/A,,N/A,,,False,True,1957-03-04,0.0,0.0,,0.0,,0.0,,N/A,0.0,N/A,0.0,0.0,,,,not fetched for down-trend tickers,
CRM,down,WAIT,234.07,,,,,,False,True,True,False,False,False,False,False,4.0,True,False,True,True,True,2.0,True,True,False,False,234.07,220.44,True,19.41,15.85,True,True,False,,229.81,262.33,234.07,235.49,False,25.4,26.97,False,False,False,,229.81,262.33,234.07,239.33,False,4.78,4.71,True,True,False,piercing_line,233.38,242.09,233.38,239.37,5.99,8.58,69.8,230.79,241.96,233.38,229.09,241.54,238.23,235.18,False,down,228.89,235.01,241.12,-0.37,0.25,42.0,,,,,,,,,,,,,,,,,,,,,,,,,,N/A,N/A,N/A,,,,,,N/A,N/A,,N/A,,,False,True,2008-09-15,0.0,0.0,,0.0,,0.0,,N/A,0.0,N/A,0.0,0.0,,,,not fetched for down-trend tickers,
CRDO,up,WAIT,210.79,,,,,,False,True,False,True,False,False,False,False,1.0,False,False,True,False,False,3.0,True,True,True,False,210.79,203.24,True,95.82,91.32,True,False,True,,149.15,214.87,210.79,192.3,True,96.19,96.25,False,False,True,,149.15,214.87,210.79,189.91,True,88.65,92.02,False,False,True,,187.0,214.87,198.0,214.87,16.87,10.06,167.7,204.81,208.06,187.0,181.97,254.02,191.76,207.64,True,up,200.42,208.93,217.45,2.99,0.9,61.0,,,,,,,,,,,,,,,,,,,,,,,,,,N/A,N/A,N/A,,,,,,N/A,N/A,,N/A,,,False,False,,0.0,0.0,,0.0,,0.0,,51,7.0,600.0,27.0,0.0,,,,,
CRWD,error,,,,,,,,,,,,,,,,,,,,,,,,,,,,,,,,,,,,,,,,,,,,,,,,,,,,,,,,,,,,,,,,,,,,,,,,,,,,,,,,,,,,,,,,,,,,,,,,,,,,,,,,,,,,,,,,,,,,,,,,,,,,,,,,,,,,,,,,,,ValueError: No data returned for CRWD
CRVW,up,WAIT,0.04,,,,,,False,False,True,False,True,False,False,False,2.0,True,False,False,True,False,2.0,True,True,False,False,0.04,0.04,False,34.44,22.81,True,True,False,,0.04,0.04,0.04,0.04,False,34.44,23.04,True,True,False,,0.04,0.05,0.04,0.04,False,34.44,23.33,True,False,False,,0.04,0.05,0.04,0.04,0.0,0.0,,,,0.04,0.04,0.04,0.04,0.04,False,up,0.03,0.04,0.04,0.6,0.18,23.0,,,,,,,,,,,,,,,,,,,,,,,,,,N/A,N/A,N/A,,,,,,N/A,N/A,,N/A,,,False,False,,0.0,0.0,,0.0,,0.0,,N/A,0.0,N/A,0.0,0.0,,,,,
CSCO,error,,,,,,,,,,,,,,,,,,,,,,,,,,,,,,,,,,,,,,,,,,,,,,,,,,,,,,,,,,,,,,,,,,,,,,,,,,,,,,,,,,,,,,,,,,,,,,,,,,,,,,,,,,,,,,,,,,,,,,,,,,,,,,,,,,,,,,,,,,ValueError: No data returned for CSCO
CTAS,error,,,,,,,,,,,,,,,,,,,,,,,,,,,,,,,,,,,,,,,,,,,,,,,,,,,,,,,,,,,,,,,,,,,,,,,,,,,,,,,,,,,,,,,,,,,,,,,,,,,,,,,,,,,,,,,,,,,,,,,,,,,,,,,,,,,,,,,,,,ValueError: No data returned for CTAS
CTVA,error,,,,,,,,,,,,,,,,,,,,,,,,,,,,,,,,,,,,,,,,,,,,,,,,,,,,,,,,,,,,,,,,,,,,,,,,,,,,,,,,,,,,,,,,,,,,,,,,,,,,,,,,,,,,,,,,,,,,,,,,,,,,,,,,,,,,,,,,,,ValueError: No data returned for CTVA
CVLT,error,,,,,,,,,,,,,,,,,,,,,,,,,,,,,,,,,,,,,,,,,,,,,,,,,,,,,,,,,,,,,,,,,,,,,,,,,,,,,,,,,,,,,,,,,,,,,,,,,,,,,,,,,,,,,,,,,,,,,,,,,,,,,,,,,,,,,,,,,,ValueError: No data returned for CVLT
CVX,error,,,,,,,,,,,,,,,,,,,,,,,,,,,,,,,,,,,,,,,,,,,,,,,,,,,,,,,,,,,,,,,,,,,,,,,,,,,,,,,,,,,,,,,,,,,,,,,,,,,,,,,,,,,,,,,,,,,,,,,,,,,,,,,,,,,,,,,,,,ValueError: No data returned for CVX
DASH,down,WAIT,193.43,,,,,,False,False,True,False,True,False,False,False,2.0,False,True,True,False,False,2.0,True,True,False,False,193.43,201.42,False,21.58,13.8,True,True,False,,182.15,204.09,193.43,202.3,False,45.46,34.6,True,True,False,,182.15,204.09,193.43,192.46,True,93.83,92.31,True,True,True,,182.15,193.67,187.53,193.67,6.14,7.1,86.5,186.57,194.63,182.15,178.6,215.68,193.56,191.51,True,down,183.27,188.18,193.08,-0.55,0.42,104.0,,,,,,,,,,,,,,,,,,,,,,,,,,N/A,N/A,N/A,,,,,,N/A,N/A,,N/A,,,False,True,2025-03-24,0.0,0.0,,0.0,,0.0,,N/A,0.0,N/A,0.0,0.0,,,,not fetched for down-trend tickers,
DDOG,error,,,,,,,,,,,,,,,,,,,,,,,,,,,,,,,,,,,,,,,,,,,,,,,,,,,,,,,,,,,,,,,,,,,,,,,,,,,,,,,,,,,,,,,,,,,,,,,,,,,,,,,,,,,,,,,,,,,,,,,,,,,,,,,,,,,,,,,,,,ValueError: No data returned for DDOG
DELL,error,,,,,,,,,,,,,,,,,,,,,,,,,,,,,,,,,,,,,,,,,,,,,,,,,,,,,,,,,,,,,,,,,,,,,,,,,,,,,,,,,,,,,,,,,,,,,,,,,,,,,,,,,,,,,,,,,,,,,,,,,,,,,,,,,,,,,,,,,,ValueError: No data returned for DELL
DGX,down,WAIT,236.23,,,,,,False,True,True,False,False,False,False,False,2.0,True,False,True,False,False,2.0,True,True,False,False,236.23,233.27,True,36.94,39.63,False,True,False,,227.24,248.84,236.23,238.43,False,43.24,41.2,True,False,False,,227.24,248.84,236.23,238.45,False,77.73,81.47,False,False,False,,231.92,238.24,235.48,238.24,2.76,6.1,45.2,232.14,241.58,231.92,228.87,247.27,236.1,236.94,False,down,225.69,232.52,239.35,-0.97,0.64,77.0,,,,,,,,,,,,,,,,,,,,,,,,,,N/A,N/A,N/A,,,,,,N/A,N/A,,N/A,,,False,True,2002-12-12,0.0,0.0,,0.0,,0.0,,N/A,0.0,N/A,0.0,0.0,,,,not fetched for down-trend tickers,
DHR,up,WAIT,224.59,,,,,,False,True,False,True,True,True,False,True,3.0,True,False,True,False,True,0.0,False,False,False,False,224.59,206.87,True,91.67,93.11,False,False,True,,199.09,226.65,224.59,211.93,True,87.64,85.43,True,True,True,hammer,199.09,226.65,224.59,218.56,True,67.54,67.41,True,True,False,bullish_engulfing,219.0,226.65,221.6,224.9,3.3,5.4,61.1,219.5,227.0,219.0,216.3,237.02,220.86,223.85,True,up,222.83,226.2,229.57,1.04,0.89,26.0,,,,,,,,,,,,,,,,,,,,,,,,,,N/A,N/A,N/A,,,,,,N/A,N/A,,N/A,,,False,True,1998-11-18,0.0,0.0,,0.0,,0.0,,N/A,0.0,N/A,0.0,0.0,,,,,
DOCN,up,WAIT,139.73,,,,,,False,True,False,True,False,False,False,False,2.0,True,False,True,False,False,2.0,True,True,False,False,139.73,127.83,True,74.12,80.86,False,False,False,,114.31,151.83,139.73,129.1,True,61.83,68.19,False,False,False,,114.31,151.83,139.73,138.15,True,40.66,44.69,False,False,False,,136.02,146.48,138.51,146.48,7.97,10.42,76.5,136.06,148.93,136.02,130.81,153.11,146.05,140.88,False,up,133.93,145.13,156.34,1.11,0.25,26.0,,,,,,,,,,,,,,,,,,,,,,,,,,N/A,N/A,N/A,,,,,,N/A,N/A,,N/A,,,False,False,,0.0,0.0,,0.0,,0.0,,N/A,0.0,N/A,0.0,0.0,,,,,
DT,up,WAIT,57.96,,,,,,False,True,False,True,False,False,False,False,4.0,True,False,True,True,True,2.0,True,True,False,False,57.96,50.87,True,89.84,92.52,False,False,True,,51.26,59.41,57.96,53.78,True,76.19,83.6,False,False,False,,51.26,59.41,57.96,57.06,True,24.15,27.41,False,False,False,bullish_harami,57.69,59.41,57.72,59.17,1.45,1.76,82.4,57.41,59.48,57.69,56.81,59.69,58.99,58.22,False,up,57.78,59.2,60.61,1.06,0.76,6.0,,,,,,,,,,,,,,,,,,,,,,,,,,N/A,N/A,N/A,,,,,,N/A,N/A,,N/A,,,False,False,,0.0,0.0,,0.0,,0.0,,N/A,0.0,N/A,0.0,0.0,,,,,
ECL,up,WAIT,279.7,,,,,,False,True,True,True,True,False,False,False,3.0,False,True,True,False,True,1.0,False,True,False,False,279.7,276.63,True,70.11,55.2,True,True,False,,267.83,280.66,279.7,276.77,True,87.86,80.87,True,True,True,,267.83,280.66,279.7,275.43,True,90.25,93.36,False,False,True,bullish_engulfing,273.14,280.66,273.14,280.66,7.52,5.06,148.6,275.6,278.2,273.14,270.61,293.33,270.52,278.72,True,up,273.63,277.79,281.95,0.39,0.52,73.0,,,,,,,,,,,,,,,,,,,,,,,,,,N/A,N/A,N/A,,,,,,N/A,N/A,,N/A,,,False,True,1989-01-31,0.0,0.0,,0.0,,0.0,,N/A,0.0,N/A,0.0,0.0,,,,,
EMR,error,,,,,,,,,,,,,,,,,,,,,,,,,,,,,,,,,,,,,,,,,,,,,,,,,,,,,,,,,,,,,,,,,,,,,,,,,,,,,,,,,,,,,,,,,,,,,,,,,,,,,,,,,,,,,,,,,,,,,,,,,,,,,,,,,,,,,,,,,,ValueError: No data returned for EMR
ESTC,up,WAIT,88.1,,,,,,False,True,True,True,False,False,False,False,2.0,True,False,True,False,False,1.0,False,True,False,False,88.1,80.83,True,62.26,59.16,True,True,False,,83.04,92.64,88.1,86.45,True,67.91,80.46,False,False,False,,83.04,92.64,88.1,89.05,False,8.45,7.83,True,True,False,,87.37,92.64,87.37,92.64,5.27,3.56,148.0,89.08,90.93,87.37,85.59,91.86,89.2,89.33,False,up,88.4,90.31,92.22,0.36,0.32,-8.0,,,,,,,,,,,,,,,,,,,,,,,,,,N/A,N/A,N/A,,,,,,N/A,N/A,,N/A,,,False,False,,0.0,0.0,,0.0,,0.0,,N/A,0.0,N/A,0.0,0.0,,,,,
EXLS,error,,,,,,,,,,,,,,,,,,,,,,,,,,,,,,,,,,,,,,,,,,,,,,,,,,,,,,,,,,,,,,,,,,,,,,,,,,,,,,,,,,,,,,,,,,,,,,,,,,,,,,,,,,,,,,,,,,,,,,,,,,,,,,,,,,,,,,,,,,ValueError: No data returned for EXLS
ENTG,error,,,,,,,,,,,,,,,,,,,,,,,,,,,,,,,,,,,,,,,,,,,,,,,,,,,,,,,,,,,,,,,,,,,,,,,,,,,,,,,,,,,,,,,,,,,,,,,,,,,,,,,,,,,,,,,,,,,,,,,,,,,,,,,,,,,,,,,,,,ValueError: No data returned for ENTG
FCX,error,,,,,,,,,,,,,,,,,,,,,,,,,,,,,,,,,,,,,,,,,,,,,,,,,,,,,,,,,,,,,,,,,,,,,,,,,,,,,,,,,,,,,,,,,,,,,,,,,,,,,,,,,,,,,,,,,,,,,,,,,,,,,,,,,,,,,,,,,,ValueError: No data returned for FCX
FIVE,error,,,,,,,,,,,,,,,,,,,,,,,,,,,,,,,,,,,,,,,,,,,,,,,,,,,,,,,,,,,,,,,,,,,,,,,,,,,,,,,,,,,,,,,,,,,,,,,,,,,,,,,,,,,,,,,,,,,,,,,,,,,,,,,,,,,,,,,,,,ValueError: No data returned for FIVE
FIVN,error,,,,,,,,,,,,,,,,,,,,,,,,,,,,,,,,,,,,,,,,,,,,,,,,,,,,,,,,,,,,,,,,,,,,,,,,,,,,,,,,,,,,,,,,,,,,,,,,,,,,,,,,,,,,,,,,,,,,,,,,,,,,,,,,,,,,,,,,,,ValueError: No data returned for FIVN
FLS,up,WAIT,73.84,,,,,,False,False,False,False,False,False,False,False,2.0,True,False,True,False,False,2.0,True,True,False,False,73.84,75.84,False,72.62,74.01,False,False,False,,68.36,77.77,73.84,75.67,False,54.06,67.59,False,False,False,,68.36,77.77,73.84,75.24,False,18.04,20.01,False,False,False,,72.98,77.77,72.98,77.08,4.1,2.52,162.7,74.56,75.5,72.98,71.72,77.02,73.81,74.46,False,up,74.63,76.57,78.5,0.53,0.42,-20.0,,,,,,,,,,,,,,,,,,,,,,,,,,N/A,N/A,N/A,,,,,,N/A,N/A,,N/A,,,False,False,,0.0,0.0,,0.0,,0.0,,N/A,0.0,N/A,0.0,0.0,,,,,
FLYW,error,,,,,,,,,,,,,,,,,,,,,,,,,,,,,,,,,,,,,,,,,,,,,,,,,,,,,,,,,,,,,,,,,,,,,,,,,,,,,,,,,,,,,,,,,,,,,,,,,,,,,,,,,,,,,,,,,,,,,,,,,,,,,,,,,,,,,,,,,,ValueError: No data returned for FLYW
FORM,error,,,,,,,,,,,,,,,,,,,,,,,,,,,,,,,,,,,,,,,,,,,,,,,,,,,,,,,,,,,,,,,,,,,,,,,,,,,,,,,,,,,,,,,,,,,,,,,,,,,,,,,,,,,,,,,,,,,,,,,,,,,,,,,,,,,,,,,,,,ValueError: No data returned for FORM
FRSH,up,WAIT,12.55,,,,,,False,True,True,True,False,False,False,False,1.0,True,False,False,False,False,2.0,False,True,True,False,12.55,12.1,True,66.85,55.96,True,True,False,,12.14,13.05,12.55,12.54,True,59.16,70.98,False,False,False,,12.14,13.05,12.55,12.62,False,9.75,13.55,False,False,False,,12.41,13.05,12.52,12.93,0.41,0.46,89.1,12.47,12.98,12.41,12.18,13.11,12.84,12.68,False,up,12.33,12.74,13.14,0.36,0.18,26.0,,,,,,,,,,,,,,,,,,,,,,,,,,N/A,N/A,N/A,,,,,,N/A,N/A,,N/A,,,False,False,,0.0,0.0,,0.0,,0.0,,N/A,0.0,N/A,0.0,0.0,,,,,
FTI,down,WAIT,71.0,,,,,,False,False,True,False,True,False,False,False,4.0,True,True,True,False,True,2.0,True,True,False,False,71.0,73.8,False,12.21,11.45,True,True,False,,69.75,76.39,71.0,73.92,False,22.8,22.27,True,True,False,,69.75,76.39,71.0,71.81,False,45.93,40.54,True,True,False,bullish_engulfing,70.0,72.17,70.0,71.29,1.29,2.34,55.1,68.95,72.34,70.0,68.83,74.25,71.13,70.83,True,down,69.49,70.67,71.84,-0.32,0.38,64.0,,,,,,,,,,,,,,,,,,,,,,,,,,N/A,N/A,N/A,,,,,,N/A,N/A,,N/A,,,False,False,,0.0,0.0,,0.0,,0.0,,N/A,0.0,N/A,0.0,0.0,,,,not fetched for down-trend tickers,
GOOG,error,,,,,,,,,,,,,,,,,,,,,,,,,,,,,,,,,,,,,,,,,,,,,,,,,,,,,,,,,,,,,,,,,,,,,,,,,,,,,,,,,,,,,,,,,,,,,,,,,,,,,,,,,,,,,,,,,,,,,,,,,,,,,,,,,,,,,,,,,,ValueError: No data returned for GOOG
GEV,up,WAIT,957.25,,,,,,False,False,True,True,False,True,True,False,1.0,True,False,False,False,False,2.0,True,False,True,False,957.25,966.3,False,74.99,72.82,True,True,False,hammer,868.25,971.34,957.25,947.45,True,73.71,77.55,False,False,False,,868.25,971.34,957.25,944.35,True,73.97,73.16,True,True,False,,921.53,965.35,943.39,965.35,21.95,35.93,61.1,929.42,979.32,921.53,903.57,1037.77,952.91,953.0,True,up,941.55,955.67,969.79,0.29,0.39,56.0,,,,,,,,,,,,,,,,,,,,,,,,,,N/A,N/A,N/A,,,,,,N/A,N/A,,N/A,,,False,True,2024-04-02,0.0,0.0,,0.0,,0.0,,N/A,0.0,N/A,0.0,0.0,,,,,
GLW,up,WAIT,156.7,,,,,,False,False,False,True,True,True,True,True,2.0,False,True,True,False,False,1.0,True,False,False,False,156.7,158.02,False,45.85,51.32,False,False,False,hammer,142.35,160.71,156.7,154.53,True,70.05,68.24,True,True,False,hammer,142.35,160.71,156.7,154.72,True,83.21,83.31,False,True,True,,149.6,157.72,154.2,157.72,3.52,8.29,42.5,149.43,162.49,149.6,145.46,173.56,159.24,156.07,True,up,151.04,157.7,164.37,0.6,0.25,42.0,,,,,,,,,,,,,,,,,,,,,,,,,,N/A,N/A,N/A,,,,,,N/A,N/A,,N/A,,,False,True,1995-02-27,0.0,0.0,,0.0,,0.0,,N/A,0.0,N/A,0.0,0.0,,,,,
GTES,up,WAIT,26.86,,,,,,False,True,True,True,True,False,False,False,2.0,False,True,True,False,False,1.0,False,True,False,False,26.86,26.3,True,85.32,77.46,True,True,True,,24.82,26.89,26.86,26.11,True,90.5,85.02,True,True,True,,24.82,26.89,26.86,26.13,True,90.32,88.09,True,True,True,,25.82,26.89,26.03,26.89,0.86,0.82,104.9,26.07,26.85,25.82,25.41,29.03,25.6,26.73,True,up,26.25,26.6,26.95,0.64,0.79,88.0,,,,,,,,,,,,,,,,,,,,,,,,,,N/A,N/A,N/A,,,,,,N/A,N/A,,N/A,,,False,False,,0.0,0.0,,0.0,,0.0,,N/A,0.0,N/A,0.0,0.0,,,,,
HALO,up,WAIT,113.91,,,,,,False,True,False,True,False,True,False,True,2.0,True,False,True,False,False,1.0,True,False,False,False,113.91,100.92,True,73.57,77.79,False,False,False,,105.5,116.85,113.91,107.99,True,75.35,75.03,True,False,False,bullish_harami,105.5,116.85,113.91,112.61,True,59.89,60.65,False,True,False,,111.07,116.09,113.43,115.62,2.19,3.11,70.4,112.51,116.54,111.07,109.52,120.5,111.73,114.2,False,up,113.47,115.23,116.99,0.64,0.74,12.0,,,,,,,,,,,,,,,,,,,,,,,,,,N/A,N/A,N/A,,,,,,N/A,N/A,,N/A,,,False,False,,0.0,0.0,,0.0,,0.0,,N/A,0.0,N/A,0.0,0.0,,,,,
HQY,down,WAIT,88.26,,,,,,False,False,True,False,True,False,False,False,3.0,True,True,True,False,False,2.0,True,True,False,False,88.26,96.1,False,4.14,7.65,False,True,False,,87.35,97.92,88.26,95.25,False,6.14,3.57,True,True,False,,87.35,97.92,88.26,91.5,False,14.86,14.98,False,True,False,,87.35,92.0,87.35,89.25,1.91,2.45,78.0,86.8,89.8,87.35,86.12,91.47,94.9,88.18,True,down,86.04,87.79,89.54,-1.47,0.9,63.0,,,,,,,,,,,,,,,,,,,,,,,,,,N/A,N/A,N/A,,,,,,N/A,N/A,,N/A,,,False,False,,0.0,0.0,,0.0,,0.0,,N/A,0.0,N/A,0.0,0.0,,,,not fetched for down-trend tickers,
INGM,error,,,,,,,,,,,,,,,,,,,,,,,,,,,,,,,,,,,,,,,,,,,,,,,,,,,,,,,,,,,,,,,,,,,,,,,,,,,,,,,,,,,,,,,,,,,,,,,,,,,,,,,,,,,,,,,,,,,,,,,,,,,,,,,,,,,,,,,,,,ValueError: No data returned for INGM
IREN,error,,,,,,,,,,,,,,,,,,,,,,,,,,,,,,,,,,,,,,,,,,,,,,,,,,,,,,,,,,,,,,,,,,,,,,,,,,,,,,,,,,,,,,,,,,,,,,,,,,,,,,,,,,,,,,,,,,,,,,,,,,,,,,,,,,,,,,,,,,ValueError: No data returned for IREN
IOT,down,WAIT,37.98,,,,,,False,False,False,False,False,False,False,False,3.0,True,False,True,True,False,2.0,True,True,False,False,37.98,38.43,False,20.28,20.81,False,False,False,,37.74,43.19,37.98,39.27,False,21.17,23.68,False,False,False,,37.74,43.19,37.98,39.06,False,15.74,26.23,False,False,False,,37.92,40.05,37.92,40.05,2.13,2.07,102.9,37.98,39.99,37.92,36.89,39.61,39.17,38.62,False,down,37.29,38.42,39.55,-0.41,0.24,31.0,,,,,,,,,,,,,,,,,,,,,,,,,,N/A,N/A,N/A,,,,,,N/A,N/A,,N/A,,,False,False,,0.0,0.0,,0.0,,0.0,,N/A,0.0,N/A,0.0,0.0,,,,not fetched for down-trend tickers,
INTC,up,WAIT,122.96,,,,,,False,True,False,True,False,False,False,False,2.0,True,False,True,False,False,2.0,True,True,False,False,122.96,103.68,True,93.48,95.16,False,False,True,,94.52,127.43,122.96,107.0,True,89.93,94.08,False,False,True,,94.52,127.43,122.96,118.4,True,54.79,58.94,False,False,False,,119.44,127.43,122.84,126.93,4.09,6.94,58.9,119.99,129.78,119.44,115.97,133.44,121.3,124.34,False,up,120.58,128.12,135.65,2.11,0.68,16.0,,,,,,,,,,,,,,,,,,,,,,,,,,N/A,N/A,N/A,,,,,,N/A,N/A,,N/A,,,False,True,1976-12-31,0.0,0.0,,0.0,,0.0,,28,13.0,-35.0,17.0,0.0,,,,,
KEYS,error,,,,,,,,,,,,,,,,,,,,,,,,,,,,,,,,,,,,,,,,,,,,,,,,,,,,,,,,,,,,,,,,,,,,,,,,,,,,,,,,,,,,,,,,,,,,,,,,,,,,,,,,,,,,,,,,,,,,,,,,,,,,,,,,,,,,,,,,,,ValueError: No data returned for KEYS
KLAC,up,WAIT,187.91,,,,,,False,False,False,True,True,False,False,False,2.0,True,False,True,False,False,2.0,True,True,False,False,187.91,189.14,False,86.61,85.65,True,False,True,,165.89,189.56,187.91,182.81,True,91.83,91.81,True,True,True,,165.89,189.56,187.91,182.96,True,76.28,73.88,True,True,False,,182.4,189.56,186.01,189.56,3.54,7.28,48.6,182.28,193.29,182.4,178.76,201.63,187.11,187.52,True,up,185.15,191.84,198.52,1.55,0.76,21.0,,,,,,,,,,,,,,,,,,,,,,,,,,N/A,N/A,N/A,,,,,,N/A,N/A,,N/A,,,False,True,1997-09-30,0.0,0.0,,0.0,,0.0,,N/A,0.0,N/A,0.0,0.0,,,,,
KO,up,WAIT,87.82,,,,,,False,True,False,False,False,False,False,False,4.0,True,False,True,True,True,2.0,True,True,False,False,87.82,87.12,True,27.21,29.34,False,False,False,,87.12,90.36,87.82,88.2,False,39.43,47.19,False,False,False,,87.12,90.36,87.82,88.17,False,9.46,14.91,False,False,False,bullish_engulfing,87.56,89.36,87.56,88.32,0.76,1.22,62.3,87.1,88.78,87.56,86.95,89.12,87.9,87.84,False,up,87.53,88.23,88.94,0.05,0.05,20.0,,,,,,,,,,,,,,,,,,,,,,,,,,N/A,N/A,N/A,,,,,,N/A,N/A,,N/A,,,False,True,1957-03-04,0.0,0.0,,0.0,,0.0,,N/A,0.0,N/A,0.0,0.0,,,,,
LECO,up,WAIT,271.81,,,,,,False,True,True,True,True,False,False,False,2.0,False,True,True,False,False,1.0,False,True,False,False,271.81,267.44,True,66.56,58.74,True,True,False,,243.62,272.12,271.81,266.46,True,94.3,90.64,True,True,True,,243.62,272.12,271.81,263.92,True,93.76,93.13,True,True,True,,261.1,272.12,266.52,272.12,5.61,7.4,75.8,264.72,273.92,261.1,257.4,293.43,258.91,270.05,True,up,266.73,269.85,272.97,0.82,0.89,81.0,,,,,,,,,,,,,,,,,,,,,,,,,,N/A,N/A,N/A,,,,,,N/A,N/A,,N/A,,,False,False,,0.0,0.0,,0.0,,0.0,,N/A,0.0,N/A,0.0,0.0,,,,,
LITE,up,WAIT,941.64,,,,,,False,True,False,True,False,False,False,False,1.0,True,False,False,False,False,3.0,True,True,True,False,941.64,880.68,True,54.23,56.99,False,False,False,,832.16,1002.0,941.64,906.94,True,51.73,54.23,False,False,False,,832.16,1002.0,941.64,932.86,True,63.27,71.4,False,False,False,,912.0,962.88,913.29,962.88,49.59,61.94,80.1,900.94,975.23,912.0,881.03,1032.56,942.89,940.75,True,up,910.34,949.76,989.19,0.43,0.15,40.0,,,,,,,,,,,,,,,,,,,,,,,,,,N/A,N/A,N/A,,,,,,N/A,N/A,,N/A,,,False,True,2026-03-23,0.0,0.0,,0.0,,0.0,,N/A,0.0,N/A,0.0,0.0,,,,,
LLY,up,WAIT,1184.33,,,,,,False,True,True,True,False,True,True,True,2.0,True,False,True,False,False,0.0,False,False,False,False,1184.33,1162.96,True,72.94,69.74,True,True,False,hammer,1130.5,1197.79,1184.33,1164.17,True,72.22,70.58,True,False,False,bullish_harami,1130.5,1197.79,1184.33,1165.21,True,69.45,60.56,True,True,False,,1145.98,1197.79,1160.84,1190.0,29.16,29.18,99.9,1160.82,1190.02,1145.98,1131.39,1263.74,1146.45,1174.1,True,up,1161.88,1182.68,1203.47,0.47,0.54,54.0,,,,,,,,,,,,,,,,,,,,,,,,,,N/A,N/A,N/A,,,,,,N/A,N/A,,N/A,,,False,True,1970-12-31,0.0,0.0,,0.0,,0.0,,N/A,0.0,N/A,0.0,0.0,,,,,
LRCX,up,WAIT,315.29,,,,,,False,True,True,True,True,False,False,False,1.0,False,False,True,False,False,2.0,False,True,True,False,315.29,306.51,True,78.46,75.8,True,True,False,,265.37,317.13,315.29,300.73,True,94.96,90.93,True,True,True,,265.37,317.13,315.29,301.2,True,92.42,92.38,True,False,True,,298.86,317.13,307.5,317.13,9.63,14.22,67.7,302.91,321.72,298.86,291.75,350.6,303.57,313.38,True,up,305.65,319.53,333.41,2.01,0.78,35.0,,,,,,,,,,,,,,,,,,,,,,,,,,N/A,N/A,N/A,,,,,,N/A,N/A,,N/A,,,False,True,2012-06-29,0.0,0.0,,0.0,,0.0,,N/A,0.0,N/A,0.0,0.0,,,,,
MANH,down,WAIT,206.03,,,,,,False,True,True,False,False,False,False,False,4.0,True,False,True,True,True,2.0,True,True,False,False,206.03,197.25,True,41.61,37.45,True,True,False,,202.18,214.62,206.03,207.39,False,48.2,57.92,False,False,False,,202.18,214.62,206.03,208.87,False,3.99,4.24,False,True,False,bullish_harami,205.47,213.3,205.47,210.38,4.9,6.76,72.5,203.62,212.23,205.47,202.09,211.94,209.19,207.14,False,down,204.05,208.21,212.37,-0.09,0.03,24.0,,,,,,,,,,,,,,,,,,,,,,,,,,N/A,N/A,N/A,,,,,,N/A,N/A,,N/A,,,False,False,,0.0,0.0,,0.0,,0.0,,N/A,0.0,N/A,0.0,0.0,,,,not fetched for down-trend tickers,
MDB,error,,,,,,,,,,,,,,,,,,,,,,,,,,,,,,,,,,,,,,,,,,,,,,,,,,,,,,,,,,,,,,,,,,,,,,,,,,,,,,,,,,,,,,,,,,,,,,,,,,,,,,,,,,,,,,,,,,,,,,,,,,,,,,,,,,,,,,,,,,ValueError: No data returned for MDB
META,up,WAIT,751.9,,,,,,False,True,False,True,False,True,False,True,1.0,True,False,False,False,False,2.0,True,False,True,False,751.9,636.1,True,89.92,90.51,False,False,True,,649.25,779.82,751.9,665.53,True,83.52,88.75,False,False,True,bullish_harami,649.25,779.82,751.9,730.17,True,21.42,20.66,True,True,False,,743.01,779.82,746.54,769.57,23.03,29.56,77.9,740.01,776.1,743.01,728.23,787.4,750.06,753.01,False,up,743.77,780.93,818.09,1.98,0.74,11.0,,,,,,,,,,,,,,,,,,,,,,,,,,N/A,N/A,N/A,,,,,,N/A,N/A,,N/A,,,False,True,2013-12-23,0.0,0.0,,0.0,,0.0,,3,140.0,-50.9,310.0,0.0,,,,,
MNST,down,WAIT,43.1,,,,,,False,False,False,False,True,True,False,True,4.0,True,True,True,False,True,1.0,True,False,False,False,43.1,45.28,False,36.33,46.82,False,False,False,,42.11,45.08,43.1,44.68,False,22.36,17.28,True,True,False,hammer,42.11,45.08,43.1,43.66,False,43.64,42.81,True,True,False,bullish_engulfing,42.11,44.18,42.11,43.17,1.06,0.9,117.8,42.27,43.01,42.11,41.66,45.26,44.51,42.81,True,down,42.04,42.8,43.57,-0.78,0.76,69.0,,,,,,,,,,,,,,,,,,,,,,,,,,N/A,N/A,N/A,,,,,,N/A,N/A,,N/A,,,False,True,2012-06-28,0.0,0.0,,0.0,,0.0,,N/A,0.0,N/A,0.0,0.0,,,,not fetched for down-trend tickers,
MRK,error,,,,,,,,,,,,,,,,,,,,,,,,,,,,,,,,,,,,,,,,,,,,,,,,,,,,,,,,,,,,,,,,,,,,,,,,,,,,,,,,,,,,,,,,,,,,,,,,,,,,,,,,,,,,,,,,,,,,,,,,,,,,,,,,,,,,,,,,,,ValueError: No data returned for MRK
MRVL,up,WAIT,261.89,,,,,,False,True,False,True,False,False,False,False,2.0,True,False,True,False,False,2.0,True,True,False,False,261.89,229.86,True,89.62,91.37,False,False,True,,213.63,267.48,261.89,237.65,True,86.84,86.69,True,False,True,,213.63,267.48,261.89,253.56,True,74.27,82.16,False,False,False,,252.19,267.48,257.43,267.48,10.05,12.65,79.4,254.83,270.08,252.19,245.86,285.93,258.97,262.82,False,up,256.48,267.4,278.31,1.44,0.67,25.0,,,,,,,,,,,,,,,,,,,,,,,,,,N/A,N/A,N/A,,,,,,N/A,N/A,,N/A,,,False,True,2026-06-22,0.0,0.0,,0.0,,0.0,,N/A,0.0,N/A,0.0,0.0,,,,,
MSFT,error,,,,,,,,,,,,,,,,,,,,,,,,,,,,,,,,,,,,,,,,,,,,,,,,,,,,,,,,,,,,,,,,,,,,,,,,,,,,,,,,,,,,,,,,,,,,,,,,,,,,,,,,,,,,,,,,,,,,,,,,,,,,,,,,,,,,,,,,,,ValueError: No data returned for MSFT
MTSI,error,,,,,,,,,,,,,,,,,,,,,,,,,,,,,,,,,,,,,,,,,,,,,,,,,,,,,,,,,,,,,,,,,,,,,,,,,,,,,,,,,,,,,,,,,,,,,,,,,,,,,,,,,,,,,,,,,,,,,,,,,,,,,,,,,,,,,,,,,,ValueError: No data returned for MTSI
MU,error,,,,,,,,,,,,,,,,,,,,,,,,,,,,,,,,,,,,,,,,,,,,,,,,,,,,,,,,,,,,,,,,,,,,,,,,,,,,,,,,,,,,,,,,,,,,,,,,,,,,,,,,,,,,,,,,,,,,,,,,,,,,,,,,,,,,,,,,,,ValueError: No data returned for MU
NEM,error,,,,,,,,,,,,,,,,,,,,,,,,,,,,,,,,,,,,,,,,,,,,,,,,,,,,,,,,,,,,,,,,,,,,,,,,,,,,,,,,,,,,,,,,,,,,,,,,,,,,,,,,,,,,,,,,,,,,,,,,,,,,,,,,,,,,,,,,,,ValueError: No data returned for NEM
NESR,error,,,,,,,,,,,,,,,,,,,,,,,,,,,,,,,,,,,,,,,,,,,,,,,,,,,,,,,,,,,,,,,,,,,,,,,,,,,,,,,,,,,,,,,,,,,,,,,,,,,,,,,,,,,,,,,,,,,,,,,,,,,,,,,,,,,,,,,,,,ValueError: No data returned for NESR
NOW,down,WAIT,135.63,,,,,,False,True,False,True,False,False,False,False,3.0,True,False,True,True,False,2.0,True,True,False,False,135.63,128.11,True,44.72,46.6,False,False,False,,135.07,147.57,135.63,134.92,True,20.67,29.91,False,False,False,,135.07,147.57,135.63,137.97,False,6.87,8.52,False,False,False,,135.6,141.04,135.6,139.83,4.23,5.56,76.1,134.27,141.16,135.6,132.82,139.84,136.69,136.88,False,down,134.87,137.84,140.8,-0.01,0.0,13.0,,,,,,,,,,,,,,,,,,,,,,,,,,N/A,N/A,N/A,,,,,,N/A,N/A,,N/A,,,False,True,2019-11-21,0.0,0.0,,0.0,,0.0,,70,5.0,-16.7,17.0,0.0,,,,not fetched for down-trend tickers,
NTAP,up,WAIT,201.21,,,,,,False,True,True,True,True,False,False,False,3.0,True,True,True,False,False,1.0,False,True,False,False,201.21,185.24,True,82.76,83.5,False,True,True,,186.13,203.91,201.21,192.06,True,70.93,69.46,True,True,False,,186.13,203.91,201.21,196.47,True,60.77,58.39,True,True,False,,192.97,203.91,196.24,201.39,5.15,7.67,67.1,193.72,203.91,192.97,189.13,219.33,197.53,199.57,True,up,193.8,198.3,202.8,0.21,0.12,82.0,,,,,,,,,,,,,,,,,,,,,,,,,,N/A,N/A,N/A,,,,,,N/A,N/A,,N/A,,,False,True,1999-06-25,0.0,0.0,,0.0,,0.0,,N/A,0.0,N/A,0.0,0.0,,,,,
NBIS,error,,,,,,,,,,,,,,,,,,,,,,,,,,,,,,,,,,,,,,,,,,,,,,,,,,,,,,,,,,,,,,,,,,,,,,,,,,,,,,,,,,,,,,,,,,,,,,,,,,,,,,,,,,,,,,,,,,,,,,,,,,,,,,,,,,,,,,,,,,ValueError: No data returned for NBIS
NVDA,error,,,,,,,,,,,,,,,,,,,,,,,,,,,,,,,,,,,,,,,,,,,,,,,,,,,,,,,,,,,,,,,,,,,,,,,,,,,,,,,,,,,,,,,,,,,,,,,,,,,,,,,,,,,,,,,,,,,,,,,,,,,,,,,,,,,,,,,,,,ValueError: No data returned for NVDA
OKTA,up,WAIT,195.14,,,,,,False,True,False,True,False,False,False,False,2.0,True,False,False,True,False,2.0,True,True,False,False,195.14,162.37,True,82.06,90.5,False,False,True,,170.22,212.5,195.14,177.87,True,62.44,77.11,False,False,False,,170.22,212.5,195.14,195.99,False,3.0,9.62,False,False,False,,195.04,212.5,195.04,205.0,9.96,10.16,98.0,194.84,205.2,195.04,189.96,202.91,190.45,198.57,False,up,195.51,206.12,216.74,1.49,0.58,-2.0,,,,,,,,,,,,,,,,,,,,,,,,,,N/A,N/A,N/A,,,,,,N/A,N/A,,N/A,,,False,False,,0.0,0.0,,0.0,,0.0,,N/A,0.0,N/A,0.0,0.0,,,,,
ONTO,up,WAIT,287.71,,,,,,True,True,True,True,True,True,False,True,2.0,False,True,True,False,False,0.0,False,False,False,False,287.71,280.07,True,87.99,86.0,True,True,True,,240.01,290.0,287.71,275.01,True,91.17,88.01,True,True,True,hammer,240.01,290.0,287.71,275.56,True,82.87,81.48,True,True,True,,272.26,290.0,281.0,290.0,9.0,14.42,62.4,275.58,295.42,272.26,265.05,321.7,275.68,286.12,True,up,279.77,291.46,303.16,1.84,0.78,34.0,,,,,,,,,,,,,,,,,,,,,,,,,,N/A,N/A,N/A,,,,,,N/A,N/A,,N/A,,,False,False,,0.0,0.0,,0.0,,0.0,,N/A,0.0,N/A,0.0,0.0,,,,,
ORCL,error,,,,,,,,,,,,,,,,,,,,,,,,,,,,,,,,,,,,,,,,,,,,,,,,,,,,,,,,,,,,,,,,,,,,,,,,,,,,,,,,,,,,,,,,,,,,,,,,,,,,,,,,,,,,,,,,,,,,,,,,,,,,,,,,,,,,,,,,,,ValueError: No data returned for ORCL
P,error,,,,,,,,,,,,,,,,,,,,,,,,,,,,,,,,,,,,,,,,,,,,,,,,,,,,,,,,,,,,,,,,,,,,,,,,,,,,,,,,,,,,,,,,,,,,,,,,,,,,,,,,,,,,,,,,,,,,,,,,,,,,,,,,,,,,,,,,,,ValueError: No data returned for P
PAA,down,WAIT,24.42,,,,,,False,False,True,False,False,True,False,True,2.0,True,False,True,False,False,1.0,True,False,False,False,24.42,24.6,False,9.77,6.41,True,True,False,,24.12,26.38,24.42,25.03,False,14.85,15.69,False,False,False,bullish_harami,24.12,26.38,24.42,24.84,False,21.69,13.41,True,True,False,,24.12,24.85,24.12,24.63,0.5,0.49,102.0,24.14,24.61,24.12,23.87,25.25,25.44,24.31,True,down,23.91,24.21,24.5,-0.85,0.89,86.0,,,,,,,,,,,,,,,,,,,,,,,,,,N/A,N/A,N/A,,,,,,N/A,N/A,,N/A,,,False,False,,0.0,0.0,,0.0,,0.0,,N/A,0.0,N/A,0.0,0.0,,,,not fetched for down-trend tickers,
PANW,up,WAIT,374.6,,,,,,False,True,False,True,False,False,False,False,3.0,True,False,True,True,False,2.0,True,True,False,False,374.6,351.03,True,86.67,89.3,False,False,True,,340.25,396.3,374.6,364.07,True,61.65,75.35,False,False,False,,340.25,396.3,374.6,376.66,False,8.46,13.23,False,False,False,,373.78,396.3,373.78,388.25,14.47,17.4,83.2,370.85,391.18,373.78,365.08,388.88,374.94,378.31,False,up,370.78,386.25,401.73,0.74,0.36,12.0,,,,,,,,,,,,,,,,,,,,,,,,,,N/A,N/A,N/A,,,,,,N/A,N/A,,N/A,,,False,True,2023-06-20,0.0,0.0,,0.0,,0.0,,N/A,0.0,N/A,0.0,0.0,,,,,
PARR,down,WAIT,77.42,,,,,,False,True,True,False,False,True,True,True,3.0,True,True,True,False,False,1.0,True,False,False,False,77.42,77.22,True,17.26,17.39,False,True,False,bullish_engulfing,74.22,87.72,77.42,80.08,False,15.78,17.59,False,False,False,bullish_engulfing,74.22,87.72,77.42,79.42,False,59.38,44.51,True,True,False,,74.22,79.28,74.22,78.53,4.31,4.41,97.7,74.12,78.63,74.22,72.02,85.52,76.79,76.62,True,down,72.32,74.85,77.38,-2.22,0.88,101.0,,,,,,,,,,,,,,,,,,,,,,,,,,N/A,N/A,N/A,,,,,,N/A,N/A,,N/A,,,False,False,,0.0,0.0,,0.0,,0.0,,N/A,0.0,N/A,0.0,0.0,,,,not fetched for down-trend tickers,
PAY,down,WAIT,30.17,,,,,,False,False,True,False,True,False,False,False,2.0,True,False,True,False,False,2.0,True,True,False,False,30.17,34.26,False,11.04,7.12,True,True,False,,29.28,37.9,30.17,34.77,False,14.86,13.17,True,True,False,,29.28,37.9,30.17,32.33,False,53.67,57.91,False,False,False,,29.28,31.0,30.12,30.83,0.7,1.63,42.9,29.2,31.75,29.28,28.47,32.72,30.17,30.35,False,down,27.32,28.88,30.44,-4.02,0.9,92.0,,,,,,,,,,,,,,,,,,,,,,,,,,N/A,N/A,N/A,,,,,,N/A,N/A,,N/A,,,False,False,,0.0,0.0,,0.0,,0.0,,N/A,0.0,N/A,0.0,0.0,,,,not fetched for down-trend tickers,
PCTY,error,,,,,,,,,,,,,,,,,,,,,,,,,,,,,,,,,,,,,,,,,,,,,,,,,,,,,,,,,,,,,,,,,,,,,,,,,,,,,,,,,,,,,,,,,,,,,,,,,,,,,,,,,,,,,,,,,,,,,,,,,,,,,,,,,,,,,,,,,,ValueError: No data returned for PCTY
PDFS,up,WAIT,49.57,,,,,,False,True,True,True,True,False,False,False,2.0,True,False,True,False,False,1.0,False,True,False,False,49.57,47.48,True,87.94,86.36,True,True,True,,41.12,50.26,49.57,46.38,True,89.58,89.02,True,True,True,,41.12,50.26,49.57,47.13,True,78.17,76.26,True,True,False,,46.62,50.26,48.59,50.26,1.67,2.52,66.3,47.74,51.11,46.62,45.36,55.89,48.23,49.4,True,up,48.03,49.67,51.32,1.76,0.82,47.0,,,,,,,,,,,,,,,,,,,,,,,,,,N/A,N/A,N/A,,,,,,N/A,N/A,,N/A,,,False,False,,0.0,0.0,,0.0,,0.0,,N/A,0.0,N/A,0.0,0.0,,,,,
PH,error,,,,,,,,,,,,,,,,,,,,,,,,,,,,,,,,,,,,,,,,,,,,,,,,,,,,,,,,,,,,,,,,,,,,,,,,,,,,,,,,,,,,,,,,,,,,,,,,,,,,,,,,,,,,,,,,,,,,,,,,,,,,,,,,,,,,,,,,,,ValueError: No data returned for PH
PLTR,up,WAIT,189.66,,,,,,False,True,False,True,False,False,False,False,1.0,True,False,False,False,False,3.0,True,True,True,False,189.66,167.22,True,89.85,91.68,False,False,True,,166.42,194.68,189.66,176.92,True,85.97,89.8,False,False,True,,166.42,194.68,189.66,185.74,True,36.08,45.89,False,False,False,,188.24,194.68,189.35,194.21,4.86,5.81,83.6,188.4,195.16,188.24,185.33,196.15,191.28,191.4,False,up,190.78,195.35,199.92,1.58,0.88,-12.0,,,,,,,,,,,,,,,,,,,,,,,,,,N/A,N/A,N/A,,,,,,N/A,N/A,,N/A,,,False,True,2024-09-23,0.0,0.0,,0.0,,0.0,,N/A,0.0,N/A,0.0,0.0,,,,,
PR,down,WAIT,21.36,,,,,,False,False,True,False,False,False,False,False,3.0,True,False,True,True,False,2.0,True,True,False,False,21.36,22.08,False,10.66,8.37,True,True,False,,21.27,24.65,21.36,22.57,False,9.63,12.79,False,False,False,,21.27,24.65,21.36,22.11,False,12.33,9.6,True,True,False,,21.27,22.23,21.27,21.62,0.35,0.75,46.7,20.87,22.02,21.27,20.89,22.06,21.82,21.42,False,down,20.64,21.23,21.81,-1.21,0.76,62.0,,,,,,,,,,,,,,,,,,,,,,,,,,N/A,N/A,N/A,,,,,,N/A,N/A,,N/A,,,False,False,,0.0,0.0,,0.0,,0.0,,N/A,0.0,N/A,0.0,0.0,,,,not fetched for down-trend tickers,
PSX,down,WAIT,255.7,,,,,,False,True,False,True,False,True,False,True,3.0,True,True,True,False,False,1.0,True,False,False,False,255.7,237.61,True,25.63,30.11,False,False,False,,250.09,277.12,255.7,252.99,True,16.12,22.96,False,False,False,bullish_engulfing,250.09,277.12,255.7,259.6,False,36.67,25.76,True,True,False,,250.09,263.45,250.09,257.31,7.22,9.14,79.0,248.17,259.23,250.09,245.52,270.97,273.06,253.72,True,down,244.95,251.83,258.71,-1.27,0.78,78.0,,,,,,,,,,,,,,,,,,,,,,,,,,N/A,N/A,N/A,,,,,,N/A,N/A,,N/A,,,False,True,2012-05-01,0.0,0.0,,0.0,,0.0,,N/A,0.0,N/A,0.0,0.0,,,,not fetched for down-trend tickers,
Q,error,,,,,,,,,,,,,,,,,,,,,,,,,,,,,,,,,,,,,,,,,,,,,,,,,,,,,,,,,,,,,,,,,,,,,,,,,,,,,,,,,,,,,,,,,,,,,,,,,,,,,,,,,,,,,,,,,,,,,,,,,,,,,,,,,,,,,,,,,,ValueError: No data returned for Q
QCOM,up,WAIT,201.95,,,,,,False,True,False,True,True,False,False,False,2.0,True,False,True,False,False,1.0,False,True,False,False,201.95,178.14,True,88.56,91.92,False,False,True,,170.51,205.85,201.95,181.82,True,86.2,82.67,True,True,True,,170.51,205.85,201.95,193.7,True,79.58,84.51,False,False,False,,191.75,205.85,194.53,205.85,11.32,10.29,110.0,195.56,204.82,191.75,186.6,224.97,194.8,202.15,False,up,192.65,201.92,211.2,1.32,0.57,50.0,,,,,,,,,,,,,,,,,,,,,,,,,,N/A,N/A,N/A,,,,,,N/A,N/A,,N/A,,,False,True,1999-07-22,0.0,0.0,,0.0,,0.0,,63,6.0,500.0,8.0,0.0,,,,,
REGN,error,,,,,,,,,,,,,,,,,,,,,,,,,,,,,,,,,,,,,,,,,,,,,,,,,,,,,,,,,,,,,,,,,,,,,,,,,,,,,,,,,,,,,,,,,,,,,,,,,,,,,,,,,,,,,,,,,,,,,,,,,,,,,,,,,,,,,,,,,,ValueError: No data returned for REGN
RGLD,up,WAIT,252.45,,,,,,False,True,False,True,False,True,True,False,2.0,True,False,True,False,False,1.0,True,False,False,False,252.45,241.74,True,44.58,48.43,False,False,False,hammer,240.76,259.88,252.45,250.21,True,54.85,58.27,False,False,False,,240.76,259.88,252.45,252.13,True,68.87,67.09,True,True,False,,247.95,254.63,248.85,253.69,4.84,7.19,67.3,246.5,256.04,247.95,244.36,264.58,252.02,252.17,True,up,248.18,252.69,257.2,0.09,0.04,47.0,,,,,,,,,,,,,,,,,,,,,,,,,,N/A,N/A,N/A,,,,,,N/A,N/A,,N/A,,,False,False,,0.0,0.0,,0.0,,0.0,,N/A,0.0,N/A,0.0,0.0,,,,,
ROK,up,WAIT,434.28,,,,,,False,False,True,True,True,True,False,True,3.0,True,False,True,False,True,0.0,False,False,False,False,434.28,435.56,False,88.63,81.86,True,True,True,,406.92,438.5,434.28,428.95,True,88.41,88.19,True,True,True,hammer,406.92,438.5,434.28,427.98,True,64.27,68.54,False,False,False,piercing_line,426.0,438.5,431.23,438.5,7.27,10.51,69.2,427.99,441.74,426.0,420.75,454.57,410.39,434.74,False,up,431.38,438.67,445.96,0.93,0.84,20.0,,,,,,,,,,,,,,,,,,,,,,,,,,N/A,N/A,N/A,,,,,,N/A,N/A,,N/A,,,False,True,2000-03-12,0.0,0.0,,0.0,,0.0,,N/A,0.0,N/A,0.0,0.0,,,,,
RKLB,error,,,,,,,,,,,,,,,,,,,,,,,,,,,,,,,,,,,,,,,,,,,,,,,,,,,,,,,,,,,,,,,,,,,,,,,,,,,,,,,,,,,,,,,,,,,,,,,,,,,,,,,,,,,,,,,,,,,,,,,,,,,,,,,,,,,,,,,,,,ValueError: No data returned for RKLB
SCHW,error,,,,,,,,,,,,,,,,,,,,,,,,,,,,,,,,,,,,,,,,,,,,,,,,,,,,,,,,,,,,,,,,,,,,,,,,,,,,,,,,,,,,,,,,,,,,,,,,,,,,,,,,,,,,,,,,,,,,,,,,,,,,,,,,,,,,,,,,,,ValueError: No data returned for SCHW
SHC,down,WAIT,18.35,,,,,,False,False,False,False,False,True,False,True,4.0,True,True,True,False,True,1.0,True,False,False,False,18.35,18.41,False,21.78,28.15,False,False,False,,18.17,19.64,18.35,18.68,False,14.97,15.61,False,False,False,hammer,18.17,19.64,18.35,18.57,False,25.34,31.67,False,False,False,bullish_engulfing,18.17,18.63,18.21,18.58,0.37,0.46,80.4,18.12,18.67,18.17,17.94,18.97,18.77,18.33,True,down,17.94,18.22,18.51,-0.69,0.76,73.0,,,,,,,,,,,,,,,,,,,,,,,,,,N/A,N/A,N/A,,,,,,N/A,N/A,,N/A,,,False,False,,0.0,0.0,,0.0,,0.0,,N/A,0.0,N/A,0.0,0.0,,,,not fetched for down-trend tickers,
SOFI,down,WAIT,16.57,,,,,,False,False,False,False,False,False,False,False,1.0,True,False,False,False,False,3.0,True,True,True,False,16.57,17.51,False,15.52,17.35,False,False,False,,16.2,17.96,16.57,17.36,False,27.87,25.21,True,False,False,,16.2,17.96,16.57,16.87,False,59.49,66.97,False,False,False,,16.2,16.96,16.55,16.92,0.37,0.61,60.7,16.31,17.16,16.2,15.9,17.57,16.96,16.7,False,down,16.32,16.69,17.06,-0.28,0.21,34.0,,,,,,,,,,,,,,,,,,,,,,,,,,N/A,N/A,N/A,,,,,,N/A,N/A,,N/A,,,False,False,,0.0,0.0,,0.0,,0.0,,47,8.0,700.0,31.0,0.0,,,,not fetched for down-trend tickers,
SKHY,up,WAIT,191.51,,,,,,False,True,False,True,True,False,False,False,0.0,False,False,False,False,False,2.0,False,True,True,False,191.51,169.76,True,68.62,74.36,False,False,False,,172.23,196.48,191.51,177.84,True,67.53,65.84,True,True,False,,172.23,196.48,191.51,187.61,True,84.67,84.14,True,False,True,,184.74,192.83,187.8,192.83,5.03,9.39,53.6,183.44,197.19,184.74,180.04,208.71,186.89,190.61,True,up,185.58,191.53,197.48,0.51,0.3,50.0,,,,,,,,,,,,,,,,,,,,,,,,,,N/A,N/A,N/A,,,,,,N/A,N/A,,N/A,,,False,False,,0.0,0.0,,0.0,,0.0,,N/A,0.0,N/A,0.0,0.0,,,,,
SMTC,down,WAIT,182.17,,,,,,False,True,True,True,True,False,False,False,0.0,False,False,False,False,False,2.0,False,True,True,False,182.17,149.11,True,72.56,72.29,True,True,False,,146.93,190.64,182.17,158.65,True,67.43,62.23,True,True,False,,146.93,190.64,182.17,173.52,True,89.41,91.99,False,False,True,,162.56,185.0,176.48,185.0,8.52,11.91,71.5,173.09,188.39,162.56,156.61,220.51,178.0,181.14,True,down,164.3,174.38,184.46,-0.37,0.06,89.0,,,,,,,,,,,,,,,,,,,,,,,,,,N/A,N/A,N/A,,,,,,N/A,N/A,,N/A,,,False,False,,0.0,0.0,,0.0,,0.0,,N/A,0.0,N/A,0.0,0.0,,,,not fetched for down-trend tickers,
SITM,up,WAIT,661.81,,,,,,False,True,True,True,True,False,False,False,1.0,False,False,True,False,False,2.0,False,True,True,False,661.81,610.79,True,86.16,84.69,True,True,True,,539.54,669.86,661.81,609.85,True,96.11,90.33,True,True,True,,539.54,669.86,661.81,624.05,True,92.98,94.19,False,False,True,,578.53,669.86,638.63,669.86,31.23,41.29,75.6,628.57,679.92,578.53,557.88,817.7,630.09,658.72,True,up,617.42,647.47,677.53,1.07,0.46,74.0,,,,,,,,,,,,,,,,,,,,,,,,,,N/A,N/A,N/A,,,,,,N/A,N/A,,N/A,,,False,False,,0.0,0.0,,0.0,,0.0,,N/A,0.0,N/A,0.0,0.0,,,,,
SLB,error,,,,,,,,,,,,,,,,,,,,,,,,,,,,,,,,,,,,,,,,,,,,,,,,,,,,,,,,,,,,,,,,,,,,,,,,,,,,,,,,,,,,,,,,,,,,,,,,,,,,,,,,,,,,,,,,,,,,,,,,,,,,,,,,,,,,,,,,,,ValueError: No data returned for SLB
SMTC,down,WAIT,182.17,,,,,,False,True,True,True,True,False,False,False,0.0,False,False,False,False,False,2.0,False,True,True,False,182.17,149.11,True,72.56,72.29,True,True,False,,146.93,190.64,182.17,158.65,True,67.43,62.23,True,True,False,,146.93,190.64,182.17,173.52,True,89.41,91.99,False,False,True,,162.56,185.0,176.48,185.0,8.52,11.91,71.5,173.09,188.39,162.56,156.61,220.51,178.0,181.14,True,down,164.3,174.38,184.46,-0.37,0.06,89.0,,,,,,,,,,,,,,,,,,,,,,,,,,N/A,N/A,N/A,,,,,,N/A,N/A,,N/A,,,False,False,,0.0,0.0,,0.0,,0.0,,N/A,0.0,N/A,0.0,0.0,,,,not fetched for down-trend tickers,
SNDK,up,WAIT,1777.59,,,,,,False,True,False,True,False,False,False,False,2.0,True,False,False,False,True,2.0,True,True,False,False,1777.59,1603.47,True,68.67,76.58,False,False,False,,1504.2,1909.48,1777.59,1656.63,True,63.74,65.28,False,False,False,,1504.2,1909.48,1777.59,1751.84,True,52.45,49.89,True,True,False,bullish_engulfing,1726.39,1846.99,1742.95,1815.0,72.05,99.9,72.1,1715.1,1842.85,1726.39,1676.44,1929.31,1774.94,1771.12,True,up,1701.62,1837.04,1972.46,1.19,0.3,28.0,,,,,,,,,,,,,,,,,,,,,,,,,,N/A,N/A,N/A,,,,,,N/A,N/A,,N/A,,,False,True,2025-11-28,0.0,0.0,,0.0,,0.0,,9,43.0,-31.7,92.0,0.0,,,,,
SNX,down,WAIT,262.8,,,,,,False,True,False,False,True,True,False,True,1.0,True,False,False,False,False,2.0,True,False,True,False,262.8,259.17,True,48.02,69.41,False,False,False,,243.03,298.77,262.8,263.87,False,33.3,35.16,False,True,False,bullish_harami,243.03,298.77,262.8,269.18,False,45.68,41.8,True,True,False,,243.03,298.77,260.6,280.61,20.01,12.59,158.9,268.02,273.19,243.03,236.73,301.91,265.88,265.89,False,down,248.05,270.65,293.24,-0.1,0.0,33.0,,,,,,,,,,,,,,,,,,,,,,,,,,N/A,N/A,N/A,,,,,,N/A,N/A,,N/A,,,False,False,,0.0,0.0,,0.0,,0.0,,N/A,0.0,N/A,0.0,0.0,,,,not fetched for down-trend tickers,
SSRM,down,WAIT,35.69,,,,,,False,True,False,False,False,True,True,True,2.0,True,False,True,False,False,1.0,True,False,False,False,35.69,34.16,True,37.22,48.22,False,False,False,hammer,34.15,38.67,35.69,35.76,False,25.99,29.22,False,False,False,bullish_harami,34.15,38.67,35.69,36.14,False,58.46,47.12,True,True,False,,34.78,37.23,34.78,35.87,1.09,1.43,76.2,34.44,36.21,34.78,34.06,38.13,36.22,35.54,True,down,34.52,36.0,37.48,-0.28,0.07,40.0,,,,,,,,,,,,,,,,,,,,,,,,,,N/A,N/A,N/A,,,,,,N/A,N/A,,N/A,,,False,False,,0.0,0.0,,0.0,,0.0,,N/A,0.0,N/A,0.0,0.0,,,,not fetched for down-trend tickers,
SPCX,error,,,,,,,,,,,,,,,,,,,,,,,,,,,,,,,,,,,,,,,,,,,,,,,,,,,,,,,,,,,,,,,,,,,,,,,,,,,,,,,,,,,,,,,,,,,,,,,,,,,,,,,,,,,,,,,,,,,,,,,,,,,,,,,,,,,,,,,,,,ValueError: No data returned for SPCX
TER,error,,,,,,,,,,,,,,,,,,,,,,,,,,,,,,,,,,,,,,,,,,,,,,,,,,,,,,,,,,,,,,,,,,,,,,,,,,,,,,,,,,,,,,,,,,,,,,,,,,,,,,,,,,,,,,,,,,,,,,,,,,,,,,,,,,,,,,,,,,ValueError: No data returned for TER
TKR,error,,,,,,,,,,,,,,,,,,,,,,,,,,,,,,,,,,,,,,,,,,,,,,,,,,,,,,,,,,,,,,,,,,,,,,,,,,,,,,,,,,,,,,,,,,,,,,,,,,,,,,,,,,,,,,,,,,,,,,,,,,,,,,,,,,,,,,,,,,ValueError: No data returned for TKR
TMO,up,WAIT,674.55,,,,,,False,True,False,True,False,True,True,True,2.0,True,False,False,False,True,1.0,True,False,False,False,674.55,605.5,True,92.58,92.89,False,False,True,hammer,605.65,682.98,674.55,632.57,True,78.12,81.82,False,False,False,bullish_harami,605.65,682.98,674.55,659.54,True,60.86,58.03,True,True,False,bullish_engulfing,655.95,682.98,664.53,678.0,13.47,15.43,87.3,662.57,679.96,655.95,648.24,714.01,658.74,671.12,True,up,663.13,672.94,682.76,0.49,0.65,58.0,,,,,,,,,,,,,,,,,,,,,,,,,,N/A,N/A,N/A,,,,,,N/A,N/A,,N/A,,,False,True,2004-08-03,0.0,0.0,,0.0,,0.0,,N/A,0.0,N/A,0.0,0.0,,,,,
TTC,up,WAIT,97.14,,,,,,False,True,True,True,True,False,False,False,2.0,True,False,True,False,False,1.0,False,True,False,False,97.14,95.36,True,81.25,63.04,True,True,True,,91.11,97.94,97.14,95.28,True,88.31,86.66,True,True,True,,91.11,97.94,97.14,95.31,True,67.82,69.46,False,True,False,,95.35,97.94,96.47,97.94,1.47,2.1,70.0,95.84,98.57,95.35,94.3,101.4,97.05,97.18,False,up,96.11,97.58,99.04,0.87,0.85,35.0,,,,,,,,,,,,,,,,,,,,,,,,,,N/A,N/A,N/A,,,,,,N/A,N/A,,N/A,,,False,False,,0.0,0.0,,0.0,,0.0,,N/A,0.0,N/A,0.0,0.0,,,,,
TSLA,up,WAIT,372.08,,,,,,False,True,False,True,False,False,False,False,2.0,True,False,False,False,True,2.0,True,True,False,False,372.08,362.69,True,70.63,77.18,False,False,False,,354.05,386.83,372.08,363.99,True,57.23,68.59,False,False,False,,354.05,386.83,372.08,373.09,False,22.83,24.37,False,False,False,bullish_harami,367.67,386.83,367.67,386.83,19.16,11.12,172.3,375.71,378.79,367.67,362.11,387.03,379.27,373.57,False,up,369.92,379.4,388.89,0.45,0.34,11.0,,,,,,,,,,,,,,,,,,,,,,,,,,N/A,N/A,N/A,,,,,,N/A,N/A,,N/A,,,False,True,2020-12-21,0.0,0.0,,0.0,,0.0,,8,46.0,64.3,80.0,0.0,,,,,
TSM,up,WAIT,450.58,,,,,,False,True,False,True,False,False,False,False,1.0,True,False,False,False,False,3.0,True,True,True,False,450.58,425.74,True,90.41,92.67,False,False,True,,412.55,455.03,450.58,431.29,True,90.69,91.76,False,False,True,,412.55,455.03,450.58,442.68,True,71.36,74.01,False,False,False,,440.6,455.03,449.01,455.03,6.02,10.21,59.0,444.82,459.22,440.6,435.5,473.2,450.92,451.22,False,up,447.68,455.34,463.01,0.84,0.8,19.0,,,,,,,,,,,,,,,,,,,,,,,,,,N/A,N/A,N/A,,,,,,N/A,N/A,,N/A,,,False,False,,0.0,0.0,,0.0,,0.0,,N/A,0.0,N/A,0.0,0.0,,,,,
TTEK,error,,,,,,,,,,,,,,,,,,,,,,,,,,,,,,,,,,,,,,,,,,,,,,,,,,,,,,,,,,,,,,,,,,,,,,,,,,,,,,,,,,,,,,,,,,,,,,,,,,,,,,,,,,,,,,,,,,,,,,,,,,,,,,,,,,,,,,,,,,ValueError: No data returned for TTEK
TWLO,up,WAIT,275.81,,,,,,False,True,False,True,False,False,False,False,2.0,True,False,True,False,False,2.0,True,True,False,False,275.81,233.62,True,83.76,91.55,False,False,True,,225.52,304.75,275.81,248.89,True,70.81,83.44,False,False,False,,225.52,304.75,275.81,273.04,True,4.17,5.21,False,True,False,,273.52,304.75,273.52,298.45,24.93,14.04,177.6,284.41,287.56,273.52,266.5,289.77,243.72,280.56,False,up,278.53,300.75,322.96,2.87,0.71,-6.0,,,,,,,,,,,,,,,,,,,,,,,,,,N/A,N/A,N/A,,,,,,N/A,N/A,,N/A,,,False,False,,0.0,0.0,,0.0,,0.0,,N/A,0.0,N/A,0.0,0.0,,,,,
TXN,up,WAIT,278.01,,,,,,False,True,True,True,True,False,False,False,1.0,False,False,True,False,False,2.0,False,True,True,False,278.01,271.06,True,92.84,92.41,True,True,True,,257.1,278.69,278.01,267.41,True,91.06,89.17,True,True,True,,257.1,278.69,278.01,269.92,True,88.31,86.96,True,True,True,,266.79,278.69,269.53,278.69,9.16,8.1,113.1,270.59,277.63,266.79,262.74,300.91,270.27,276.63,True,up,272.31,276.65,280.98,0.84,0.83,66.0,,,,,,,,,,,,,,,,,,,,,,,,,,N/A,N/A,N/A,,,,,,N/A,N/A,,N/A,2026-10-27,31.0,False,True,2001-03-12,0.0,0.0,,0.0,,0.0,,N/A,0.0,N/A,0.0,0.0,,,,,
UBER,error,,,,,,,,,,,,,,,,,,,,,,,,,,,,,,,,,,,,,,,,,,,,,,,,,,,,,,,,,,,,,,,,,,,,,,,,,,,,,,,,,,,,,,,,,,,,,,,,,,,,,,,,,,,,,,,,,,,,,,,,,,,,,,,,,,,,,,,,,,ValueError: No data returned for UBER
VCYT,error,,,,,,,,,,,,,,,,,,,,,,,,,,,,,,,,,,,,,,,,,,,,,,,,,,,,,,,,,,,,,,,,,,,,,,,,,,,,,,,,,,,,,,,,,,,,,,,,,,,,,,,,,,,,,,,,,,,,,,,,,,,,,,,,,,,,,,,,,,ValueError: No data returned for VCYT
VEEV,error,,,,,,,,,,,,,,,,,,,,,,,,,,,,,,,,,,,,,,,,,,,,,,,,,,,,,,,,,,,,,,,,,,,,,,,,,,,,,,,,,,,,,,,,,,,,,,,,,,,,,,,,,,,,,,,,,,,,,,,,,,,,,,,,,,,,,,,,,,ValueError: No data returned for VEEV
VSH,up,WAIT,32.56,,,,,,False,False,False,True,True,False,False,False,3.0,True,False,True,False,True,3.0,True,True,False,True,32.56,34.29,False,55.74,62.87,False,False,False,,30.19,33.55,32.56,32.45,True,56.57,53.53,True,True,False,,30.19,33.55,32.56,32.36,True,72.46,77.94,False,False,False,hammer,31.1,33.2,32.21,33.2,0.99,1.59,62.3,31.61,33.8,31.1,30.3,35.95,32.59,32.72,False,up,31.85,32.58,33.31,0.12,0.05,48.0,,,,,,,,,,,,,,,,,,,,,,,,,,N/A,N/A,N/A,,,,,,0.28,0.29,False,6,2026-11-04,39.0,False,False,,0.0,0.0,2026-09-15 Oppenheimer: init -> Outperform,0.0,,0.0,,N/A,0.0,N/A,0.0,0.0,,,,,
VST,down,WAIT,138.46,,,,,,False,False,False,False,False,True,True,True,3.0,True,True,True,False,False,2.0,True,False,False,True,138.46,145.07,False,8.44,11.95,False,False,False,hammer,135.98,146.11,138.46,142.48,False,15.45,16.51,False,False,False,piercing_line,135.98,146.11,138.46,139.89,False,46.72,31.22,True,True,False,,135.98,140.32,136.02,140.1,4.08,4.14,98.6,135.96,140.16,135.98,133.91,145.29,141.35,137.59,True,down,134.85,136.79,138.72,-0.75,0.82,93.0,,,,,,,,,,,,,,,,,,,,,,,,,,N/A,N/A,N/A,,,,,,2.59,2.60,False,7,2026-11-05,40.0,False,True,2024-05-08,0.0,0.0,,0.0,,0.0,,N/A,0.0,N/A,0.0,0.0,,,,not fetched for down-trend tickers,
WAT,up,WAIT,433.73,,,,,,False,True,True,True,True,False,False,False,1.0,False,False,True,False,False,2.0,False,True,True,False,433.73,404.63,True,83.08,79.61,True,True,True,,402.12,436.34,433.73,415.91,True,83.04,71.25,True,True,True,,402.12,436.34,433.73,426.08,True,86.17,87.4,False,False,True,,418.0,436.34,425.67,435.93,10.26,10.67,96.2,425.26,436.34,418.0,412.66,465.34,423.32,432.63,True,up,423.15,430.15,437.15,0.21,0.22,76.0,Waters Corporation,Healthcare,Diagnostics & Research,42567495680.0,109.4798,26.201012,1.6,2.8025289,9.165563,3.96,,0.03588,0.09422,0.019199999,1.134,-142067632.0,36.045,1.861,1.02283,0.0337,1.194,436.34,282.77,444.79166,98.3,Buy,1.68,24,3.0,15.0,7.0,0.0,0.0,4.00,4.00,True,22,2026-10-30,34.0,False,True,2002-01-02,2.0,0.0,2026-09-21 Goldman Sachs: main -> Buy,0.0,,0.0,,N/A,0.0,N/A,0.0,0.0,,,,,
WAY,error,,,,,,,,,,,,,,,,,,,,,,,,,,,,,,,,,,,,,,,,,,,,,,,,,,,,,,,,,,,,,,,,,,,,,,,,,,,,,,,,,,,,,,,,,,,,,,,,,,,,,,,,,,,,,,,,,,,,,,,,,,,,,,,,,,,,,,,,,,ValueError: No data returned for WAY
WDAY,down,WAIT,189.41,,,,,,False,True,True,False,False,False,False,False,3.0,True,False,True,True,False,2.0,True,True,False,False,189.41,180.43,True,33.33,28.87,True,True,False,,183.6,201.0,189.41,189.89,False,37.45,40.77,False,False,False,,183.6,201.0,189.41,191.64,False,15.33,18.73,False,False,False,,188.75,195.74,188.75,192.07,3.32,6.82,48.7,185.25,195.57,188.75,185.34,195.51,192.13,190.35,False,down,185.71,189.09,192.47,-0.58,0.63,55.0,"Workday, Inc.",Technology,Software - Application,45657448448.0,38.901436,14.316504,0.7,7.0587573,4.496056,4.91,,0.12319,0.11816,0.16006,0.128,3046374912.0,58.39,0.908,1.12499,0.083100006,1.082,249.85,110.36,208.68184,56.7,Buy,2.26,38,5.0,15.0,19.0,1.0,2.0,2.74,2.64,True,36,,,False,True,2024-12-23,0.0,1.0,2026-08-31 Goldman Sachs: main -> Neutral,0.0,,0.0,,N/A,0.0,N/A,0.0,0.0,,,,not fetched for down-trend tickers,
WK,down,WAIT,69.66,,,,,,False,True,True,False,False,False,False,False,3.0,True,False,True,True,False,2.0,True,True,False,False,69.66,68.67,True,16.29,15.71,True,True,False,,69.16,76.45,69.66,72.19,False,24.24,29.37,False,False,False,,69.16,76.45,69.66,71.83,False,14.91,25.95,False,False,False,,69.6,72.31,69.62,72.31,2.69,2.93,91.8,69.38,72.55,69.6,68.13,71.95,70.93,70.62,False,down,67.89,69.93,71.98,-0.85,0.58,43.0,Workiva Inc.,Technology,Software - Application,3789564160.0,82.90476,17.195911,,-310.89285,4.0469737,0.84,,0.04871,0.04571,,0.186,169095376.0,,1.473,1.01532,0.0759,0.487,97.095,43.34,89.8,49.0,Strong Buy,1.18,10,2.0,9.0,0.0,0.0,0.0,0.80,0.80,True,10,2026-11-04,39.0,False,False,,0.0,0.0,2026-09-16 Baird: main -> Outperform,0.0,,0.0,,N/A,0.0,N/A,0.0,0.0,,,,not fetched for down-trend tickers,
WSM,up,WAIT,231.89,,,,,,False,True,False,True,True,False,False,False,2.0,True,False,False,False,True,1.0,False,True,False,False,231.89,228.38,True,72.18,73.88,False,False,False,,216.68,234.32,231.89,229.06,True,81.75,74.19,True,True,True,,216.68,234.32,231.89,228.48,True,75.48,81.28,False,False,False,bullish_harami,225.79,233.84,226.87,233.84,6.97,6.46,107.9,227.38,233.33,225.79,222.56,245.88,228.79,231.5,True,up,227.81,233.19,238.57,0.71,0.61,38.0,"Williams-Sonoma, Inc.",Consumer Cyclical,Specialty Retail,27312990208.0,23.809034,22.056053,2.6,14.603274,3.4116013,9.74,1.33,0.14729,0.17272,0.54960996,0.067,1069320128.0,71.369,1.447,0.98489,0.0493,1.463,254.89,165.51,247.85,74.3,Buy,2.17,20,2.0,9.0,11.0,0.0,1.0,2.20,2.13,True,12,2026-11-18,53.0,False,True,2025-03-24,0.0,0.0,2026-09-09 Evercore ISI Group: main -> In-Line,0.0,,0.0,,N/A,0.0,N/A,0.0,0.0,,,,,
XYZ,filtered,WAIT,76.42,,,,,,False,False,True,False,True,False,False,False,1.0,False,False,True,False,False,4.0,True,True,True,True,76.42,78.73,False,18.3,16.83,True,True,False,,74.36,80.57,76.42,78.75,False,41.67,35.8,True,True,False,,74.36,80.57,76.42,76.89,False,81.02,84.76,False,False,True,,74.36,77.19,75.4,77.19,1.79,2.19,81.7,75.0,77.59,74.36,73.27,81.15,76.71,76.58,False,down,74.39,76.18,77.97,-0.18,0.09,57.0,"Block, Inc.",Technology,Software - Infrastructure,45912752128.0,136.46428,14.735344,0.59,2.0824022,1.8334327,0.56,,0.01426,0.06999,0.01612,0.093,-27105876.0,32.58,2.209,0.84244,0.028800001,2.522,86.92,48.21,98.30952,72.9,Buy,1.55,42,10.0,29.0,8.0,0.0,0.0,1.02,1.03,False,32,2026-11-09,44.0,False,True,2025-07-23,1.0,0.0,2026-09-25 Cantor Fitzgerald: reit -> Overweight,0.0,,0.0,,N/A,0.0,N/A,0.0,0.0,,,,ticker filtered out,
ZBRA,up,WAIT,370.02,,,,,,False,True,False,True,True,False,False,False,2.0,True,False,True,False,False,1.0,False,True,False,False,370.02,336.45,True,84.1,81.71,True,False,True,,338.67,374.94,370.02,352.99,True,83.65,81.69,True,True,True,,338.67,374.94,370.02,361.29,True,77.89,81.18,False,False,False,,362.6,374.94,365.09,374.01,8.92,10.69,83.4,363.32,375.78,362.6,357.25,389.17,346.12,370.68,False,up,367.19,375.16,383.13,1.32,0.86,18.0,Zebra Technologies Corporation,Technology,Communication Equipment,17506836480.0,33.886448,16.668724,0.61,5.1050563,3.0145822,10.92,,0.092180006,0.21259001,0.15286,0.204,576750016.0,86.23,0.516,1.05909,0.045900002,1.607,386.23,199.05,411.45267,91.3,Buy,1.94,15,3.0,7.0,6.0,0.0,0.0,4.90,4.89,True,15,2026-11-03,38.0,False,True,2019-12-23,0.0,0.0,2026-09-15 Needham: main -> Buy,0.0,,0.0,,N/A,0.0,N/A,0.0,0.0,,,,,
ZM,down,WAIT,89.74,,,,,,False,False,False,False,False,False,False,False,3.0,True,False,True,True,False,3.0,True,True,False,True,89.74,95.55,False,20.72,22.44,False,False,False,,87.81,97.0,89.74,94.63,False,44.11,44.87,False,False,False,,87.81,97.0,89.74,91.47,False,18.7,27.18,False,False,False,,89.5,93.33,89.63,91.83,2.2,2.81,78.3,89.02,92.44,89.5,88.1,92.2,89.74,90.6,False,down,88.42,90.77,93.12,-0.05,0.01,28.0,"Zoom Communications, Inc.",Technology,Software - Application,26175916032.0,8.329618,14.155827,2.48,2.640471,5.2424703,10.77,,0.65192,0.24609,0.32143003,0.049,1975528320.0,0.533,3.826,0.79096,0.0269,1.04,114.74,70.7,118.24,43.2,Buy,1.90,25,2.0,16.0,11.0,0.0,1.0,1.49,1.50,False,25,2026-11-24,59.0,False,False,,0.0,0.0,,0.0,,0.0,,N/A,0.0,N/A,0.0,0.0,,,,not fetched for down-trend tickers,
