ticker,report,signal,current_price,close_price,close_date,market_open,after_hours,after_hours_time_et,after_hours_pct,after_hours_source,overnight,overnight_time_et,overnight_pct,overnight_source,overnight_trades,pre_market,pre_market_time_et,pre_market_pct,pre_market_source,current_ext_price,current_ext_session,setup,setup_label,grade,ctx_state,ctx_ext_ema50_atr,ctx_ema50_slope_pct,ctx_higher_lows,ctx_higher_highs,ctx_days_above_ema50,setup_level,setup_stop,setup_target,setup_rr,setup_buy_below,setup_buy_up_to,setup_watch_kind,setup_breakout_above,setup_turn_above,setup_buy_when,setup_distance,setup_target_src,setup_overhead,setup_confirms,setup_fails,wait_reason,other_setups,turn_daily_turn_n,turn_h_turn_above,filter_checks_failed,fails_no_setup,fails_weak_context,fails_wait_signal,fails_eps_deteriorating,d1_close,d1_ema50,d1_trend_up,d1_stoch_k,d1_stoch_d,d1_k_above_d,d1_stoch_bullish,d1_overbought,d1_patterns,d1_support,d1_resistance,h4_close,h4_ema50,h4_trend_up,h4_stoch_k,h4_stoch_d,h4_k_above_d,h4_stoch_bullish,h4_overbought,h4_patterns,h4_support,h4_resistance,h1_close,h1_ema50,h1_trend_up,h1_stoch_k,h1_stoch_d,h1_k_above_d,h1_stoch_bullish,h1_overbought,h1_patterns,h1_support,h1_resistance,today_low,today_high,today_range,daily_atr,atr_used_today_pct,atr_projected_low,atr_projected_high,entry_support_1h,stop,take_profit,target_source,target_r,target_below_min_r,poc,vwap,above_vwap,trend_dir,trend_reason,avwap,avwap_anchor_type,avwap_anchor_date,above_avwap,hhhl_window_days,hhhl_up_days,hhhl_down_days,hhhl_mixed_days,hhhl_net,streak_current_type,streak_current_days,streak_previous_type,streak_previous_days,channel_lower,channel_mid,channel_upper,channel_slope_pct_day,channel_r2,channel_position_pct,premarket_near_support,premarket_near_level,premarket_near_atr,near_s1,near_s1_atr,near_s2,near_s2_atr,day_s1,day_s1_pct,day_s1_touches,day_s2,day_s2_pct,day_s2_touches,day_t1,day_t1_pct,day_t1_touches,day_t1_r,day_t2,day_t2_pct,day_t2_touches,day_t2_r,name,sector,industry,market_cap,trailing_p_e,forward_p_e,peg_ratio,price_book,price_sales_ttm,eps_ttm,dividend_yield,profit_margin,operating_margin,return_on_equity,revenue_growth_yoy,free_cash_flow,debt_equity,current_ratio,institutional_ownership,short_pct_of_float,beta,52_week_high,52_week_low,analyst_target_mean,pos_in_52w_range_pct,analyst_consensus,analyst_mean_score,analyst_opinions,analyst_strong_buy,analyst_buy,analyst_hold,analyst_sell,analyst_strong_sell,eps_current,eps_30d_ago,eps_improving,eps_num_analysts,next_earnings_date,days_to_earnings,in_earnings_window,in_sp500,sp500_added_date,upgrades,downgrades,latest_rating_action,buyback_headlines_count,latest_buyback_headline,guidance_headlines_count,latest_guidance_headline,reddit_rank,reddit_mentions,reddit_momentum_pct_24h,reddit_upvotes,news_count,latest_news_time,latest_news_headline,latest_news_url,news_not_fetched_reason,error,req_volume_x_average,conf_close_in_the_top_pct_of_the_bar_s_range,conf_tight_base_before_the_break,conf_daily_pct_k_above_and_not_rolling_over,conf_higher_lows_in_place,req_support_held_no_daily_close_below_it_sin,req_rejection_closed_back_above_the_test_bar,conf_bullish_candle,conf_volume_on_the_bounce_average,conf_daily_stochastic_reset_and_turning_up,conf_trend_context_intact,req_held_closes_above_ma,req_not_extended,conf_higher_low_since_the_reclaim,conf_ma_above_ma,conf_volume_on_the_reclaim_x_average,conf_daily_pct_k_above_pct_d_and_not_overboug,conf_ma_reclaimed_as_well,req_ma_rising,req_ma_held_no_daily_close_below_it,conf_volume_fading_into_the_end_of_the_dip,req_structure_intact_pullback_low_above_the,conf_daily_stochastic_reset,conf_pullback_low_sat_at_value,conf_bullish_candle_bullish_harami
AMN,down,WAIT,34.86,34.23,2026-09-28,True,34.26,16:00,0.09,sip,,,,,0,34.24,09:30,0.03,sip,,,,,-,UPTREND_WEAK,1.17,0.53,False,True,13,,,,,,,,,,,,,,,,"trend intact, but price is not at a level/MA and there is no fresh breakout",,True,True,2,True,False,True,False,34.86,33.64,True,65.06,62.66,True,True,False,,33.41,35.56,34.86,34.18,True,70.26,60.76,True,True,False,,33.41,35.56,34.86,34.37,True,76.04,55.55,True,True,False,,34.0,34.99,34.15,34.88,0.73,1.04,70.2,33.84,35.19,34.0,33.48,35.29,T1 - nearest resistance,0.31,True,34.5,34.44,True,down,channel rising but weak fit (R2 0.17 < 0.5),34.03,low,2026-08-06,True,20,7,7,6,0,down,1,up,1,34.0,34.54,35.08,0.17,0.17,80.0,False,S1,1.49,False,2.09,False,3.86,32.69,-6.22,7.0,30.85,-11.5,1.0,35.29,1.23,12,0.31,37.22,6.77,1.0,1.71,"AMN Healthcare Services, Inc.",Healthcare,Medical Care Facilities,1326889472,12.83146,36.579506,1.22,1.7893143,0.38636172,2.67,,0.030550001,0.03997,0.15556,0.023,445770624.0,104.658,1.128,1.2484,0.106800005,0.389,37.22,14.97,36.14286,89.4,Hold,2.56,7,1,2,5,0,1,0.23,0.23,True,9,2026-11-05,37.0,False,False,,0,0,2026-09-11 BMO Capital: main -> Outperform,0,,0,,N/A,0,N/A,0,0,,,,not fetched for down-trend tickers,,,,,,,,,,,,,,,,,,,,,,,,,,
ARHS,up,WAIT,9.51,9.64,2026-09-28,True,9.63,16:27,-0.1,sip,,,,,0,9.65,09:30,0.1,sip,,,FRESH_BREAKOUT,Fresh breakout,D,UPTREND_WEAK,1.89,2.45,False,True,7,9.49,9.11,10.21,1.77,,9.55,,,9.64,"Turn - daily: back above yesterday's close 9.64, or a close in the top half of the day's range; 1h: reclaim the session VWAP (9.53) and 1h MACD bullish or 1h %K above %D | Confirmations: any 3 of: Close in the top 40% of the bar's range; Tight base before the break; Daily %K above 50 and not rolling over; Higher lows in place",5.0,"T1 - nearest real resistance (swing level, 2 touch(es))",9.76,0.0,no turn yet on the daily and 1h charts; confirmations 0/4 (need 3),weak fresh breakout: no turn yet on the daily and 1h charts; confirmations 0/4 (need 3),,False,False,1,False,False,True,False,9.51,8.56,True,95.0,96.12,False,False,True,,7.07,9.76,9.51,8.76,True,86.86,91.2,False,False,True,bullish_harami,7.07,9.76,9.51,9.17,True,22.97,28.53,False,False,False,hammer,9.38,9.76,9.4,9.71,0.31,0.5,62.0,9.21,9.9,9.38,9.11,10.21,"T1 - nearest real resistance (swing level, 2 touch(es))",1.77,False,9.03,9.53,False,up,channel rising (R2 0.75),8.76,low,2026-07-23,True,20,7,8,5,-1,down,1,up,2,9.42,9.75,10.09,1.45,0.75,13.0,False,S1,0.94,False,0.66,False,1.48,9.18,-3.47,2.0,8.77,-7.78,1.0,9.76,2.63,1,0.62,10.21,7.36,2.0,1.75,"Arhaus, Inc.",Consumer Cyclical,Specialty Retail,1363030784,19.26,16.810097,,3.2889345,0.96910465,0.5,,0.04911,0.07915,0.17282,0.074,79252496.0,146.823,1.327,1.026,0.12020001,2.321,12.08,5.57,10.53846,60.5,Buy,2.13,13,1,6,8,0,0,0.08,0.08,True,15,2026-11-05,37.0,False,False,,1,0,2026-09-21 Jefferies: up -> Buy,0,,0,,N/A,0,N/A,0,0,,,,,,True,False,False,False,False,,,,,,,,,,,,,,,,,,,,
ARLO,down,WAIT,12.48,12.6,2026-09-28,True,12.75,19:27,1.19,sip,,,,,0,12.61,09:30,0.08,sip,,,,,-,DOWNTREND,-1.81,-0.83,True,False,0,,,,,,,,,12.6,,,,,,,downtrend (below a falling EMA50) - no long setup,,False,False,3,True,True,True,False,12.48,13.41,False,9.41,13.3,False,False,False,,12.29,13.85,12.48,13.25,False,14.09,12.87,True,True,False,,12.29,13.85,12.48,12.91,False,21.94,19.88,True,True,False,,12.29,13.23,12.38,12.68,0.3,0.52,57.7,12.16,12.9,12.29,12.03,13.34,T1 - nearest resistance,1.91,False,13.05,12.48,False,down,channel sloping down,12.48,low,2026-09-28,False,20,6,7,7,-1,down,1,mixed,1,12.13,12.47,12.8,-1.27,0.79,51.0,True,S1,0.44,True,0.19,,,12.38,-0.8,2.0,,,,13.34,6.89,11,1.91,14.38,15.22,1.0,4.22,"Arlo Technologies, Inc.",Industrials,Building Products & Equipment,1355927680,46.666668,12.284174,0.52,8.548168,2.3093574,0.27,,0.052020002,-0.035550002,0.22068001,0.205,62496248.0,4.876,1.402,1.0414,0.1388,1.543,19.94,11.05,21.0,16.1,None,N/A,6,2,5,0,0,0,0.20,0.20,True,7,2026-11-05,37.0,False,False,,0,0,,0,,0,,N/A,0,N/A,0,0,,,,not fetched for down-trend tickers,,,,,,,,,,,,,,,,,,,,,,,,,,
ASTH,up,WAIT,35.04,35.17,2026-09-28,True,35.13,16:00,-0.11,sip,,,,,0,35.15,09:30,-0.06,sip,,,,,-,DOWNTREND,-1.24,-1.42,False,False,0,,,,,,,,,35.17,,,,,,,downtrend (below a falling EMA50) - no long setup,,False,True,3,True,True,True,False,35.04,37.55,False,42.73,39.98,True,True,False,,32.22,39.45,35.04,36.51,False,63.14,65.43,False,False,False,piercing_line,32.22,39.45,35.04,35.13,False,22.58,18.35,True,True,False,,34.11,36.66,34.46,35.66,1.2,2.02,59.4,33.64,36.48,34.11,33.1,37.39,T1 - nearest resistance,1.21,True,33.24,34.93,True,up,channel rising (R2 0.53),34.31,low,2026-09-21,True,20,7,9,4,-2,up,3,down,1,34.34,35.76,37.18,1.05,0.53,25.0,False,S1,1.45,False,1.4,,,32.22,-8.05,2.0,,,,37.39,6.71,14,1.21,43.05,22.86,1.0,4.13,"Astrana Health, Inc.",Healthcare,Medical Care Facilities,1742601472,44.468353,9.659936,,2.0830123,0.45330748,0.82,,0.01055,0.03529,0.06902,0.485,231191248.0,163.623,1.229,0.66183996,0.1257,0.907,51.6,18.08,51.66667,50.6,Strong Buy,1.40,9,2,7,1,0,0,0.88,0.86,True,3,2026-11-05,37.0,False,False,,0,0,2026-09-15 Oppenheimer: init -> Outperform,0,,1,Astrana Health Affirms FY2026 Sales Guidance of $3.800B-$4.100B vs $4.004B Est,N/A,0,N/A,0,0,,,,,,,,,,,,,,,,,,,,,,,,,,,,,,
ATEN,down,WAIT,25.5,25.51,2026-09-28,True,25.5,16:00,-0.04,sip,,,,,0,25.52,09:30,0.04,sip,,,,,-,DOWNTREND,-1.82,-1.19,True,True,0,,,,,,,,,25.51,,,,,,,downtrend (below a falling EMA50) - no long setup,,False,True,3,True,True,True,False,25.5,27.37,False,40.62,48.73,False,False,False,,24.68,27.58,25.5,26.26,False,20.29,18.61,True,True,False,,24.68,27.58,25.5,25.9,False,22.5,14.33,True,True,False,,24.68,26.38,24.68,26.38,1.7,1.03,165.0,25.35,25.71,24.68,24.17,25.9,T1 - nearest resistance,0.3,True,26.69,25.11,True,down,channel sloping down,25.91,low,2026-09-08,False,20,6,11,3,-5,down,4,up,1,24.77,25.28,25.79,-1.01,0.8,72.0,False,S1,1.14,False,1.12,,,24.35,-4.51,4.0,,,,25.9,1.57,1,0.3,27.21,6.71,3.0,1.29,"A10 Networks, Inc.",Technology,Software - Infrastructure,1851530112,44.736843,21.496132,14.76,7.764921,5.969327,0.57,0.93,0.13854,0.11261,0.19444999,0.155,61384500.0,95.007,1.29,1.08522,0.18969999,1.119,38.49,16.52,36.66667,40.9,Buy,1.83,6,1,3,2,0,0,0.27,0.27,True,5,2026-11-03,35.0,False,False,,0,0,2026-09-01 Deutsche Bank: init -> Hold,0,,0,,N/A,0,N/A,0,0,,,,not fetched for down-trend tickers,,,,,,,,,,,,,,,,,,,,,,,,,,
CARS,filtered,WAIT,10.44,10.42,2026-09-28,True,10.42,16:00,0.0,sip,,,,,0,10.31,09:30,-1.06,sip,,,,,-,DOWNTREND,-2.21,-1.6,False,False,0,,,,,,,,,,,,,,,,downtrend (below a falling EMA50) - no long setup,,True,True,4,True,True,True,True,10.44,11.37,False,26.2,27.45,False,False,False,,10.11,11.75,10.44,11.23,False,18.86,23.98,False,False,False,bullish_engulfing,10.11,11.75,10.44,10.74,False,11.2,11.08,True,True,False,,10.31,10.92,10.31,10.59,0.28,0.42,66.7,10.17,10.73,10.31,10.1,10.62,T1 - nearest resistance,0.53,True,10.55,10.42,True,down,channel sloping down,10.49,low,2026-09-23,False,20,6,10,4,-4,down,1,up,1,9.75,10.34,10.94,-1.05,0.35,58.0,True,S1,0.48,False,0.79,,,10.11,-3.16,1.0,,,,10.62,1.72,2,0.53,11.43,9.48,10.0,2.91,Cars.com Inc.,Communication Services,Internet Content & Information,557810880,19.296295,4.024238,2.35,1.2667153,0.76872313,0.54,,0.047259998,0.15492,0.07401,0.007,104946496.0,100.793,1.997,1.07849,0.1676,1.591,13.69,7.4,13.71429,48.3,Hold,2.57,7,1,2,3,1,0,0.57,0.58,False,5,2026-11-05,37.0,False,False,,0,0,,0,,0,,N/A,0,N/A,0,0,,,,ticker filtered out,,,,,,,,,,,,,,,,,,,,,,,,,,
DSP,down,WAIT,12.23,12.24,2026-09-28,True,12.36,16:18,0.98,sip,,,,,0,12.29,09:30,0.41,sip,,,,,-,DOWNTREND,-0.19,-0.24,False,False,0,,,,,,,,,12.24,,,,,,,downtrend (below a falling EMA50) - no long setup,,False,False,3,True,True,True,False,12.23,12.4,False,68.61,67.26,True,True,False,,9.51,12.9,12.23,12.44,False,50.44,61.49,False,False,False,bullish_harami,9.51,12.9,12.23,12.3,False,30.9,28.03,True,True,False,hammer,12.0,12.73,12.04,12.5,0.46,0.89,51.7,11.61,12.93,12.0,11.55,13.39,T1 - nearest resistance,1.71,False,12.29,12.24,False,down,channel sloping down,11.55,low,2026-09-17,True,20,6,6,8,0,down,1,mixed,3,11.89,12.28,12.67,-0.2,0.06,43.0,True,S1,0.1,True,0.03,False,1.26,12.2,-0.25,10.0,11.11,-9.16,2.0,13.39,9.48,5,1.71,14.65,19.79,1.0,3.56,Viant Technology Inc.,Technology,Software - Application,814251520,33.999996,15.572518,0.96,2.2712934,2.0958965,0.36,,0.02236,-0.03695,0.07517,0.339,47748376.0,6.944,2.338,0.59124,0.084,1.131,14.8,8.11,19.5,61.6,None,N/A,11,3,8,0,0,0,0.17,0.17,True,6,2026-11-09,41.0,False,False,,0,0,,0,,0,,N/A,0,N/A,0,0,,,,not fetched for down-trend tickers,,,,,,,,,,,,,,,,,,,,,,,,,,
ETON,up,WAIT,58.97,59.25,2026-09-28,True,59.84,18:06,1.0,sip,,,,,0,58.67,09:30,-0.98,sip,,,,,-,UPTREND_WEAK,2.06,2.11,False,True,159,,,,,,,,,,,,,,,,extended 2.1 ATR above EMA50 with no fresh breakout - wait for a pullback to value,,True,False,2,True,False,True,False,58.97,53.27,True,71.79,67.32,True,False,False,,53.6,60.6,58.97,56.95,True,74.43,75.3,False,False,False,bullish_engulfing,53.6,60.6,58.97,57.8,True,72.15,72.3,False,True,False,,56.01,60.6,57.9,59.68,1.78,2.77,64.3,56.91,60.67,56.01,54.62,59.37,T1 - nearest resistance,0.09,True,58.99,58.82,True,up,channel rising (R2 0.64),58.01,low,2026-08-11,True,20,6,8,6,-2,down,1,up,2,57.56,59.26,60.96,0.95,0.64,42.0,False,S1,0.92,False,1.03,False,1.84,56.11,-4.85,1.0,53.86,-8.67,2.0,59.37,0.68,5,0.09,62.91,6.68,1.0,0.91,"Eton Pharmaceuticals, Inc.",Healthcare,Drug Manufacturers - Specialty & Generic,1691549952,147.95,22.937984,,35.932,16.019224,0.4,,0.12016,0.35766,0.35971,0.986,6581250.0,62.735,1.52,0.70581,0.0746,0.9,66.37,14.27,71.0,85.8,Strong Buy,1.00,4,0,4,0,0,0,0.37,0.31,True,2,2026-11-12,44.0,False,False,,0,0,,0,,0,,N/A,0,N/A,0,0,,,,,,,,,,,,,,,,,,,,,,,,,,,,,,
GCT,down,WAIT,50.76,52.63,2026-09-28,True,52.75,19:51,0.23,sip,52.88,03:39,0.48,boats,2,52.7,09:30,0.13,sip,,,SUPPORT_BOUNCE,Support bounce,D,UPTREND_WEAK,0.7,1.74,False,True,46,49.24,47.94,53.85,1.1,50.31,,,,52.63,"Setup: Rejection - closed back above the test bar / upper half of range | Price: pull back to 50.31 or lower (R:R 1.5+ with the same stop and target) | Then the turn has to show at that price - daily: back above yesterday's close 52.63, or a close in the top half of the day's range; 1h: reclaim the session VWAP (50.77) | Confirmations: any 3 of: Bullish candle; Volume on the bounce >= average; Daily stochastic reset and turning up; Trend context intact",10.2,"T1 - nearest real resistance (swing level, 9 touch(es))",,0.0,Rejection - closed back above the test bar / upper half of range; no turn yet on the daily and 1h charts; confirmations 0/4 (need 3); R:R 1.10 below 1.5,weak support bounce: Rejection - closed back above the test bar / upper half of range; no turn yet on the daily and 1h charts; confirmations 0/4 (need 3); R:R 1.10 below 1.5,,False,False,2,False,False,True,True,50.76,48.94,True,50.21,64.82,False,False,False,,49.34,55.6,50.76,51.64,False,29.4,45.27,False,False,False,,49.34,55.6,50.76,52.62,False,16.48,9.37,True,True,False,,49.43,55.6,49.43,53.11,3.68,2.6,141.5,50.51,52.03,49.43,47.94,53.85,"T1 - nearest real resistance (swing level, 9 touch(es))",1.1,True,53.41,50.77,False,down,channel sloping down,49.76,low,2026-07-23,True,20,5,4,11,1,down,1,up,1,50.08,52.23,54.37,-0.37,0.12,16.0,False,S1,1.33,False,0.58,False,1.83,49.24,-2.99,4.0,46.01,-9.36,1.0,54.1,6.58,8,1.18,,,,,GigaCloud Technology Inc.,Technology,Software - Infrastructure,1879072640,12.528572,10.89441,0.27,3.5672157,1.2813176,4.2,,0.10647,0.115439996,0.32344002,0.276,87657872.0,94.92,2.091,0.96922994,0.1512,1.647,56.27,25.39,57.0,82.2,None,N/A,3,1,1,1,0,0,1.10,1.11,False,1,2026-11-05,37.0,False,False,,0,0,,0,,0,,N/A,0,N/A,0,0,,,,not fetched for down-trend tickers,,,,,,,True,False,False,False,False,False,,,,,,,,,,,,,,
GDYN,down,WAIT,7.66,7.6,2026-09-28,True,7.75,18:25,1.97,sip,,,,,0,7.52,09:30,-1.05,sip,,,SUPPORT_BOUNCE,Support bounce,D,UPTREND_WEAK,0.64,0.56,False,True,46,7.58,7.43,8.03,1.63,,7.67,,,,Confirmations: any 2 of: Volume on the bounce >= average; Daily stochastic reset and turning up; Trend context intact,2.0,"T1 - nearest real resistance (swing level, 3 touch(es))",,1.0,confirmations 1/4 (need 3),weak support bounce: confirmations 1/4 (need 3),,True,True,1,False,False,True,False,7.66,7.5,True,18.85,20.1,False,False,False,,7.45,8.25,7.66,7.76,False,30.17,26.49,True,True,False,morning_star,7.45,8.25,7.66,7.72,False,52.38,48.5,True,True,False,,7.45,7.77,7.45,7.66,0.21,0.25,84.0,7.41,7.7,7.45,7.43,8.03,"T1 - nearest real resistance (swing level, 3 touch(es))",1.63,False,7.71,7.59,True,down,channel sloping down,7.38,low,2026-07-23,True,20,6,9,5,-3,down,1,up,1,7.49,7.62,7.75,-0.31,0.36,63.0,True,S1,-0.24,True,0.32,False,6.04,7.58,-1.04,6.0,6.15,-19.71,1.0,8.03,4.83,2,1.61,8.22,7.31,2.0,2.43,"Grid Dynamics Holdings, Inc.",Technology,Information Technology Services,615753024,253.00002,14.427464,,1.1835334,1.4571242,0.03,,0.00677,0.03619,0.0054400004,0.07,22719750.0,3.214,7.216,0.77728,0.0868,0.893,10.21,5.11,9.2,50.0,None,N/A,5,2,3,1,0,0,0.13,0.12,True,5,2026-10-29,30.0,False,False,,0,0,,0,,0,,N/A,0,N/A,0,0,,,,not fetched for down-trend tickers,,,,,,,True,True,True,False,False,False,,,,,,,,,,,,,,
GNK,down,WAIT,25.99,25.92,2026-09-28,True,25.93,16:00,0.04,sip,,,,,0,25.78,09:30,-0.54,sip,,,,,-,DOWNTREND,-0.34,-0.08,False,True,0,,,,,,,,,26.01,,,,,,,downtrend (below a falling EMA50) - no long setup,,True,False,3,True,True,True,False,25.99,26.26,False,10.17,12.65,False,False,False,,25.68,28.42,25.99,26.65,False,12.7,9.87,True,True,False,,25.68,28.42,25.99,26.47,False,59.41,58.6,True,False,False,hammer,25.68,26.55,25.78,26.24,0.46,0.81,56.8,25.43,26.59,25.68,25.28,26.39,T1 - nearest resistance,0.56,True,25.97,26.01,False,down,channel sloping down,26.68,low,2026-08-11,False,20,8,6,6,2,down,2,up,1,24.96,25.59,26.23,-1.08,0.76,81.0,True,S1,0.46,False,0.72,False,1.47,25.41,-2.23,2.0,24.8,-4.58,1.0,26.39,1.54,6,0.56,27.79,6.93,2.0,2.54,Genco Shipping & Trading Limited,Industrials,Marine Shipping,1130200704,28.494505,14.994594,,1.2719513,2.5646222,0.91,6.9,0.091479994,0.24968,0.045500003,0.685,-122388872.0,36.529,2.971,0.56721,0.035,0.895,28.42,15.55,29.36,81.1,Buy,1.83,5,1,3,2,0,0,0.89,0.83,True,4,2026-11-04,36.0,False,False,,0,0,,0,,0,,N/A,0,N/A,0,0,,,,not fetched for down-trend tickers,,,,,,,,,,,,,,,,,,,,,,,,,,
GOLD,down,WAIT,42.74,42.88,2026-09-28,True,43.0,19:20,0.28,sip,,,,,0,43.49,09:30,1.42,sip,,,,,-,DOWNTREND,-0.74,-0.47,False,False,0,,,,,,,,,42.88,,,,,,,downtrend (below a falling EMA50) - no long setup,,False,True,3,True,True,True,False,42.74,44.25,False,11.3,20.1,False,False,False,,42.31,48.42,42.74,44.72,False,10.03,13.91,False,False,False,,42.31,48.42,42.74,43.86,False,11.61,8.08,True,True,False,,42.31,44.29,42.31,43.49,1.18,2.04,57.8,41.45,44.35,42.31,41.29,44.55,T1 - nearest resistance,1.25,True,43.81,42.71,True,down,channel sloping down,44.16,low,2026-07-21,False,20,8,11,1,-3,down,1,up,2,41.92,42.87,43.82,-0.51,0.47,43.0,False,S1,0.83,True,0.47,False,2.15,41.79,-2.22,6.0,38.35,-10.27,5.0,44.55,4.23,4,1.25,47.25,10.55,1.0,3.11,"Gold.com, Inc.",Financial Services,Capital Markets,1249281280,14.574829,11.487935,,1.424961,0.048965674,2.94,1.82,0.0032300001,0.00447,0.108,0.992,409000992.0,96.09,1.145,0.60693,0.16469999,0.623,66.7,23.0,64.4,45.2,Strong Buy,1.20,5,1,4,0,0,0,0.88,0.00,True,1,2026-11-05,37.0,False,False,,0,0,,0,,0,,N/A,0,N/A,0,0,,,,not fetched for down-trend tickers,,,,,,,,,,,,,,,,,,,,,,,,,,
GPRE,down,WAIT,14.71,14.8,2026-09-28,True,14.8,16:00,0.0,sip,,,,,0,14.74,09:30,-0.41,sip,,,,,-,DOWNTREND,-1.29,-0.65,True,False,0,,,,,,,,,,,,,,,,downtrend (below a falling EMA50) - no long setup,,True,True,3,True,True,True,False,14.71,15.37,False,29.84,35.5,False,False,False,hammer,14.47,15.51,14.71,15.12,False,20.81,27.34,False,False,False,hammer,14.47,15.51,14.71,14.94,False,25.26,24.48,True,True,False,bullish_harami,14.54,15.18,14.54,14.81,0.27,0.51,52.9,14.3,15.05,14.54,14.28,14.73,T1 - nearest resistance,0.05,True,15.0,14.68,True,down,channel sloping down,14.89,low,2026-08-28,False,20,9,7,4,2,up,1,down,1,14.54,14.84,15.13,-0.26,0.22,29.0,False,S1,0.73,False,0.67,False,2.51,14.37,-2.31,2.0,13.43,-8.7,1.0,14.73,0.14,1,0.05,15.46,5.1,2.0,1.74,Green Plains Inc.,Basic Materials,Chemicals,1037410880,8.862276,8.799048,1.16,1.1925867,0.5670883,1.67,,0.06776,0.15211001,0.15468,-0.193,32913250.0,63.073,1.993,1.17346,0.1924,1.161,19.65,8.65,19.0,55.1,Buy,2.00,6,0,3,3,0,0,0.57,0.56,True,4,2026-11-04,36.0,False,False,,0,0,,0,,0,,N/A,0,N/A,0,0,,,,not fetched for down-trend tickers,,,,,,,,,,,,,,,,,,,,,,,,,,
HCSG,down,WAIT,20.81,20.79,2026-09-28,True,20.78,16:00,-0.05,sip,,,,,0,20.84,09:30,0.24,sip,,,,,-,DOWNTREND,-2.72,-1.02,False,False,0,,,,,,,,,,,,,,,,downtrend (below a falling EMA50) - no long setup,,True,True,3,True,True,True,False,20.81,21.99,False,8.75,10.7,False,False,False,,20.69,22.4,20.81,21.65,False,6.37,8.09,False,True,False,bullish_harami,20.69,22.4,20.81,21.1,False,18.47,14.95,True,True,False,,20.69,21.08,20.69,20.97,0.28,0.43,65.1,20.54,21.12,20.69,20.47,21.01,T1 - nearest resistance,0.59,True,21.52,20.76,True,down,channel sloping down,21.85,low,2026-08-12,False,20,7,10,3,-3,down,3,up,1,20.51,20.68,20.86,-0.62,0.9,87.0,False,S1,0.58,False,0.51,,,20.59,-1.06,1.0,,,,21.01,0.96,1,0.59,21.28,2.26,2.0,1.38,"Healthcare Services Group, Inc.",Healthcare,Medical Care Facilities,1426177152,12.295858,16.882917,1.36,2.7227464,0.7648727,1.71,,0.06594,0.04717,0.24691999,0.027,70280248.0,3.417,3.022,1.1279399,0.0539,0.807,25.75,15.13,27.0,53.5,Buy,1.86,6,0,4,3,0,0,0.24,0.24,True,7,2026-10-21,22.0,False,False,,0,0,,0,,0,,N/A,0,N/A,0,0,,,,not fetched for down-trend tickers,,,,,,,,,,,,,,,,,,,,,,,,,,
HIVE,down,WAIT,3.06,3.04,2026-09-28,True,3.05,19:58,0.33,sip,3.03,03:28,-0.33,boats,13,3.05,09:30,0.33,sip,,,,,-,CORRECTION,-0.19,0.62,True,True,0,,,,,,,,,,,,,,,,under EMA50 by 0.2 ATR with a higher low intact - wait for a support bounce or an EMA50 reclaim,,True,True,2,True,False,True,False,3.06,3.09,False,30.23,42.79,False,False,False,,2.86,3.6,3.06,3.11,False,9.62,13.09,False,False,False,bullish_harami;hammer,2.86,3.6,3.06,3.18,False,31.37,32.0,False,False,False,bullish_engulfing,2.99,3.32,3.01,3.1,0.09,0.18,50.0,2.92,3.19,2.99,2.9,3.13,T1 - nearest resistance,0.44,True,3.5,3.05,True,down,channel sloping down,2.95,low,2026-07-29,True,20,7,9,4,-2,down,4,mixed,1,2.86,2.98,3.1,-3.06,0.9,80.0,True,S1,0.33,True,0.39,False,1.17,2.99,-2.29,1.0,2.85,-6.86,3.0,3.13,2.29,4,0.44,3.3,7.84,3.0,1.5,HIVE Digital Technologies Ltd.,Financial Services,Capital Markets,833803136,,-14.476191,,1.948718,2.5167615,-1.39,,-0.98512,-0.58647996,-0.66388,0.735,140166000.0,88.551,1.957,0.43258998,,3.671,7.84,1.73,7.125,21.8,Strong Buy,1.22,8,0,8,1,0,0,-0.18,-0.18,True,8,2026-11-12,44.0,False,False,,0,0,2026-09-16 Chardan Capital: main -> Buy,0,,0,,N/A,0,N/A,0,0,,,,not fetched for down-trend tickers,,,,,,,,,,,,,,,,,,,,,,,,,,
HOPE,down,WAIT,13.44,13.66,2026-09-28,True,13.64,16:00,-0.15,sip,,,,,0,13.61,09:30,-0.37,sip,,,,,-,DOWNTREND,-1.33,-0.21,False,False,0,,,,,,,,,13.66,,,,,,,downtrend (below a falling EMA50) - no long setup,,False,False,3,True,True,True,False,13.44,13.79,False,25.79,29.04,False,False,False,,13.4,14.18,13.44,13.85,False,11.38,23.36,False,False,False,bullish_harami,13.4,14.18,13.44,13.72,False,4.29,2.92,True,True,False,,13.4,13.91,13.4,13.7,0.3,0.26,115.4,13.44,13.66,13.4,13.27,13.62,T1 - nearest resistance,1.06,True,13.88,13.48,False,down,channel sloping down,13.98,low,2026-07-23,False,20,6,9,5,-3,down,1,up,1,13.37,13.57,13.78,-0.35,0.47,19.0,False,S1,1.69,False,1.04,,,13.17,-2.01,1.0,,,,13.62,1.34,4,1.06,13.92,3.57,6.0,2.82,"Hope Bancorp, Inc.",Financial Services,Banks - Regional,1742398720,13.64,8.732394,1.24,0.7589162,3.262754,1.0,4.05,0.23934,0.34244,0.056550004,0.71,,,,0.95278,0.0729,0.806,14.59,9.8,15.5,76.0,Buy,2.20,4,0,2,3,0,0,0.29,0.29,True,5,2026-10-27,28.0,False,False,,0,0,2026-09-24 StoneX: init -> Hold,0,,0,,N/A,0,N/A,0,0,,,,not fetched for down-trend tickers,,,,,,,,,,,,,,,,,,,,,,,,,,
HPE,down,WAIT,61.31,62.63,2026-09-28,True,62.61,19:56,-0.03,sip,62.61,03:23,-0.03,boats,99,63.05,09:30,0.67,sip,,,,,-,UPTREND,1.71,3.16,True,True,132,,,,,,,,,62.63,,,,,,,"trend intact, but price is not at a level/MA and there is no fresh breakout",,False,False,2,True,False,True,False,61.31,54.93,True,70.44,78.66,False,False,False,,55.02,65.65,61.31,58.38,True,30.41,41.91,False,False,False,bullish_harami,55.02,65.65,61.31,61.69,False,16.08,14.66,True,True,False,,60.68,65.65,60.68,63.7,3.02,3.72,81.2,59.98,64.4,60.68,58.82,63.78,T1 - nearest resistance,0.99,True,61.32,61.52,False,down,channel rising but weak fit (R2 0.09 < 0.5),55.04,low,2026-07-28,True,20,8,5,7,3,down,1,up,1,60.71,62.76,64.81,0.26,0.09,15.0,False,S1,2.13,False,1.66,False,2.9,55.14,-10.06,3.0,50.51,-17.62,6.0,63.78,4.03,4,0.99,,,,,Hewlett Packard Enterprise Company,Technology,Communication Equipment,83139125248,32.45078,13.6228,0.5,3.1371467,1.9856017,1.93,0.91,0.06666,0.12560001,0.10936,0.337,4738625024.0,76.464,1.113,0.91295,0.048,1.442,65.65,19.84,68.0795,90.5,Buy,2.04,20,4,9,10,0,0,1.27,1.07,True,19,,,False,True,2015-11-02,0,1,2026-09-14 Evercore ISI Group: down -> In-Line,0,,0,,N/A,0,N/A,0,0,,,,not fetched for down-trend tickers,,,,,,,,,,,,,,,,,,,,,,,,,,
INVX,filtered,WAIT,27.44,28.86,2026-09-28,True,28.86,16:00,0.0,sip,,,,,0,28.54,09:30,-1.11,sip,,,,,-,DOWNTREND,-1.18,-0.28,False,False,0,,,,,,,,,28.86,,,,,,,downtrend (below a falling EMA50) - no long setup,,False,False,4,True,True,True,True,27.44,28.71,False,35.02,38.83,False,False,False,,27.0,30.12,27.44,28.93,False,43.02,57.77,False,False,False,,27.0,30.12,27.44,28.46,False,5.07,6.9,False,False,False,,27.42,29.05,27.42,28.54,1.12,1.07,104.7,27.47,28.49,27.42,26.88,27.85,T1 - nearest resistance,0.73,True,27.96,27.76,False,down,channel rising but weak fit (R2 0.19 < 0.5),29.35,low,2026-07-21,False,20,9,9,2,0,up,1,mixed,1,27.76,28.56,29.36,0.34,0.19,-20.0,False,S1,1.44,True,0.41,False,1.12,27.0,-1.6,1.0,26.24,-4.37,2.0,27.85,1.49,3,0.73,28.66,4.45,1.0,2.18,"Innovex International, Inc.",Energy,Oil & Gas Equipment & Services,2018347904,32.06667,15.421362,,1.8779283,2.0200078,0.9,,0.06171,0.11575,0.05994,0.092,174039872.0,7.043,5.006,0.87483,0.075100005,1.071,33.71,17.01,33.4,62.5,Buy,1.60,5,1,3,1,0,0,0.39,0.41,False,4,2026-11-03,35.0,False,False,,0,0,,0,,0,,N/A,0,N/A,0,0,,,,ticker filtered out,,,,,,,,,,,,,,,,,,,,,,,,,,
IONQ,up,WATCH,44.1,44.56,2026-09-28,True,44.66,19:59,0.22,sip,44.92,03:59,0.81,boats,4374,45.41,09:30,1.91,sip,,,MA_RECLAIM,MA reclaim (early trend),C,EARLY_UPTREND,0.88,1.41,False,True,5,41.74,39.73,45.15,0.24,41.9,,price,45.15,44.56,"Price: pull back to 41.90 or lower (R:R 1.5+ with the same stop and target) OR close above 45.15 on 1.5x+ volume (becomes a fresh breakout) | Then the turn has to show at that price - daily: back above yesterday's close 44.56, or a close in the top half of the day's range; 1h: reclaim the session VWAP (44.40)",4.8,"T1 - overhead resistance (swing level, 5 touch(es)) inside 1 ATR",45.15,4.0,no turn yet on the daily and 1h charts; R:R 0.24 below 1.5,no turn yet on the daily and 1h charts; R:R 0.24 below 1.5,,False,False,1,False,False,False,True,44.1,41.74,True,78.48,82.25,False,False,False,,36.06,47.91,44.1,41.31,True,60.17,69.81,False,False,False,,36.06,47.91,44.1,43.36,True,5.87,5.68,True,False,False,,43.82,47.91,43.82,45.9,2.08,2.69,77.3,43.21,46.51,43.82,39.73,45.15,"T1 - overhead resistance (swing level, 5 touch(es)) inside 1 ATR",0.24,True,42.66,44.4,False,up,channel rising (R2 0.7),41.35,low,2026-07-29,True,20,6,8,6,-2,up,2,down,1,44.04,46.47,48.9,1.96,0.7,1.0,False,S1,1.43,False,0.94,False,2.06,41.57,-5.74,4.0,38.56,-12.56,1.0,44.84,1.68,3,0.17,47.94,8.71,1.0,0.88,"IonQ, Inc.",Technology,Computer Hardware,18060947456,,-34.4913,,5.1053596,73.27729,-3.79,,0.0,-4.08174,-0.60483,2.868,-87774752.0,1.632,10.66,0.50630003,0.1004,3.295,84.64,25.89,66.63214,31.0,Strong Buy,1.36,14,1,11,2,0,0,-0.81,-0.75,False,5,2026-11-04,36.0,False,False,,0,0,,0,,2,IonQ Just Raised 2026 Revenue Guidance. This Quantum Computing Pure-Play Looks Like a Brilliant Buy Now.,N/A,0,N/A,0,0,,,,,,,,,,,,,,,,,True,True,True,True,True,False,True,,,,,,,
IRWD,down,WAIT,4.12,4.13,2026-09-28,True,4.14,19:54,0.24,sip,,,,,0,4.12,09:30,-0.24,sip,,,SUPPORT_BOUNCE,Support bounce,D,RANGE,-0.22,0.0,False,True,0,3.98,3.89,4.49,1.54,,4.13,,,,Setup: Rejection - closed back above the test bar / upper half of range | Confirmations: any 3 of: Bullish candle; Volume on the bounce >= average; Daily stochastic reset and turning up; Trend context intact,6.0,"T1 - nearest real resistance (swing level, 9 touch(es))",,0.0,Rejection - closed back above the test bar / upper half of range; confirmations 0/4 (need 3),weak support bounce: Rejection - closed back above the test bar / upper half of range; confirmations 0/4 (need 3),,True,True,2,False,True,True,False,4.12,4.16,False,28.75,33.33,False,False,False,,4.04,4.59,4.12,4.21,False,14.71,14.94,False,False,False,,4.04,4.59,4.12,4.19,False,64.1,58.37,True,True,False,,4.04,4.25,4.08,4.15,0.07,0.18,38.9,3.97,4.26,4.04,3.89,4.49,"T1 - nearest real resistance (swing level, 9 touch(es))",1.54,False,4.12,4.11,True,down,channel sloping down,4.24,low,2026-07-29,False,20,7,9,4,-2,down,1,mixed,1,3.87,4.02,4.18,-1.69,0.76,83.0,False,S1,0.78,False,0.78,False,1.78,3.98,-3.4,7.0,3.8,-7.77,1.0,4.51,9.47,6,1.7,,,,,"Ironwood Pharmaceuticals, Inc.",Healthcare,Drug Manufacturers - Specialty & Generic,680788608,5.2151895,2.7466667,,-4.208376,1.7486787,0.79,,0.33358002,0.70158,,0.326,121834752.0,,6.063,0.98953,0.1238,0.21,5.78,1.29,6.1,63.0,None,N/A,4,1,1,2,0,0,0.31,0.31,True,2,2026-11-09,41.0,False,False,,0,0,,0,,0,,N/A,0,N/A,0,0,,,,not fetched for down-trend tickers,,,,,,,True,False,False,False,False,False,,,,,,,,,,,,,,
KRP,down,WAIT,14.26,14.47,2026-09-28,True,14.86,16:03,2.7,sip,,,,,0,14.37,09:30,-0.69,sip,,,,,-,DOWNTREND,-2.12,-0.47,False,False,0,,,,,,,,,14.47,,,,,,,downtrend (below a falling EMA50) - no long setup,,False,False,3,True,True,True,False,14.26,14.81,False,20.34,30.53,False,False,False,,14.21,14.92,14.26,14.73,False,24.14,42.82,False,False,False,,14.21,14.92,14.26,14.53,False,5.12,14.8,False,False,False,,14.26,14.73,14.26,14.47,0.21,0.26,80.8,14.21,14.52,14.26,14.13,14.47,T1 - nearest resistance,1.62,False,14.55,14.36,False,down,channel rising but weak fit (R2 0.02 < 0.5),14.5,low,2026-09-22,False,20,5,11,4,-6,down,1,mixed,1,14.28,14.51,14.75,0.05,0.02,-4.0,False,S1,0.62,True,0.19,,,14.21,-0.35,1.0,,,,14.47,1.47,3,1.62,14.76,3.51,3.0,3.85,"Kimbell Royalty Partners, LP",Energy,Oil & Gas E&P,1858272000,17.214287,13.993594,2.31,2.4773,5.3885603,0.85,10.98,0.25847,0.5611,0.12437,0.378,156176368.0,58.315,7.303,0.31945,0.0382,0.289,15.8,11.31,19.2,65.7,Buy,1.83,5,1,3,2,0,0,0.26,0.26,True,2,2026-11-05,37.0,False,False,,0,0,2026-09-15 Keybanc: main -> Overweight,0,,0,,N/A,0,N/A,0,0,,,,not fetched for down-trend tickers,,,,,,,,,,,,,,,,,,,,,,,,,,
MG,up,WAIT,21.28,21.57,2026-09-28,True,21.59,16:00,0.09,sip,,,,,0,21.48,09:30,-0.42,sip,,,,,-,UPTREND,3.59,2.75,True,True,35,,,,,,,,,21.57,,,,,,,extended 3.6 ATR above EMA50 with no fresh breakout - wait for a pullback to value,,False,True,2,True,False,True,False,21.28,19.05,True,88.42,90.6,False,False,True,,19.32,21.77,21.28,19.98,True,67.86,75.8,False,False,False,,19.32,21.77,21.28,21.08,True,19.01,18.01,True,True,False,,21.15,21.77,21.2,21.5,0.3,0.62,48.4,20.88,21.82,21.15,20.84,21.32,T1 - nearest resistance,0.09,True,20.98,21.27,True,up,channel rising (R2 0.59),19.65,low,2026-07-30,True,20,9,5,6,4,down,1,up,2,21.19,21.56,21.94,0.52,0.59,13.0,False,S1,1.95,False,1.63,False,2.97,20.27,-4.75,3.0,19.44,-8.65,4.0,21.32,0.19,1,0.09,21.77,2.3,1.0,1.11,"Mistras Group, Inc.",Industrials,Security & Protection Services,687865024,26.012049,17.067194,1.06,2.866056,0.9305911,0.83,,0.03649,0.07732,0.11777,0.042,30275000.0,102.089,1.714,0.65573,0.0862,0.924,21.77,9.37,23.0,96.0,Strong Buy,1.00,2,0,1,0,0,0,0.38,0.38,True,2,2026-11-04,36.0,False,False,,0,0,,0,,0,,N/A,0,N/A,0,0,,,,,,,,,,,,,,,,,,,,,,,,,,,,,,
MGY,down,WAIT,23.42,23.71,2026-09-28,True,23.8,16:36,0.38,sip,,,,,0,23.33,09:30,-1.6,sip,,,,,-,DOWNTREND,-2.75,-1.68,False,False,0,,,,,,,,,23.71,,,,,,,downtrend (below a falling EMA50) - no long setup,,False,False,3,True,True,True,False,23.42,26.06,False,4.28,8.48,False,False,False,,23.15,28.05,23.42,25.67,False,12.76,11.91,True,True,False,,23.15,28.05,23.42,24.49,False,26.19,32.54,False,False,False,,23.15,24.51,23.15,23.77,0.62,0.96,64.6,22.81,24.11,23.15,22.67,23.73,T1 - nearest resistance,0.41,True,24.42,23.6,False,down,channel sloping down,23.6,low,2026-09-29,False,20,9,9,2,0,down,2,up,2,23.26,23.85,24.44,-0.53,0.43,14.0,,,,,,,,,,,,,,23.73,1.32,4,0.41,25.92,10.67,8.0,3.33,Magnolia Oil & Gas Corporation,Energy,Oil & Gas E&P,6513019904,10.537777,7.250099,,2.006771,4.401031,2.25,2.74,0.28773,0.50688,0.20854001,0.501,332475744.0,19.243,1.583,0.89671,0.1144,0.698,32.76,21.065,33.17647,20.1,Buy,1.63,17,2,12,5,0,0,0.61,0.58,True,18,2026-11-04,36.0,False,False,,1,0,2026-09-21 Truist Securities: reit -> Buy,0,,0,,N/A,0,N/A,0,0,,,,not fetched for down-trend tickers,,,,,,,,,,,,,,,,,,,,,,,,,,
MITK,down,WAIT,16.73,17.23,2026-09-28,True,17.22,16:00,-0.06,sip,,,,,0,17.2,09:30,-0.17,sip,,,,,-,DOWNTREND,-1.3,-0.31,False,True,0,,,,,,,,,17.23,,,,,,,downtrend (below a falling EMA50) - no long setup,,False,False,3,True,True,True,False,16.73,17.71,False,36.37,50.7,False,False,False,,16.55,18.36,16.73,17.67,False,16.87,29.14,False,False,False,,16.55,18.36,16.73,17.36,False,9.84,7.48,True,True,False,hammer,16.55,18.36,16.55,17.36,0.81,0.76,106.6,16.6,17.31,16.55,16.17,17.47,T1 - nearest resistance,1.32,True,17.15,16.83,False,down,channel sloping down,17.85,low,2026-07-23,False,20,5,11,4,-6,down,1,up,1,16.51,17.33,18.14,-0.13,0.01,13.0,False,S1,0.79,True,0.17,False,1.18,16.6,-0.78,4.0,15.83,-5.38,1.0,17.47,4.42,4,1.32,18.18,8.67,4.0,2.59,"Mitek Systems, Inc.",Technology,Software - Application,777007296,36.638298,14.446308,1.38,3.1004682,3.9262226,0.47,,0.11387,0.21363,0.09233,0.182,50713624.0,22.423,2.744,0.8851,0.0926,0.991,21.05,8.53,22.625,65.5,Strong Buy,1.20,4,1,4,0,0,0,0.15,0.15,True,4,,,False,False,,0,0,,0,,0,,N/A,0,N/A,0,0,,,,not fetched for down-trend tickers,,,,,,,,,,,,,,,,,,,,,,,,,,
MLKN,down,WAIT,19.95,20.28,2026-09-28,True,20.28,16:00,0.0,sip,,,,,0,20.28,09:30,0.0,sip,,,,,-,DOWNTREND,-1.62,-1.26,True,False,0,,,,,,,,,20.28,,,,,,,downtrend (below a falling EMA50) - no long setup,,False,False,3,True,True,True,False,19.95,21.28,False,27.66,23.95,True,True,False,,19.26,21.59,19.95,21.16,False,32.9,36.19,False,False,False,,19.26,21.59,19.95,20.22,False,18.71,19.66,False,True,False,,19.73,20.47,19.8,20.28,0.48,0.82,58.5,19.46,20.62,19.73,19.32,20.52,T1 - nearest resistance,0.9,True,20.08,19.96,False,down,channel sloping down,20.15,low,2026-09-21,False,20,7,9,4,-2,mixed,1,up,1,19.36,19.9,20.44,-0.31,0.18,55.0,False,S1,1.22,False,0.82,,,19.28,-3.36,2.0,,,,20.52,2.86,4,0.9,21.92,9.87,6.0,3.13,"MillerKnoll, Inc.",Consumer Cyclical,"Furnishings, Fixtures & Appliances",1393906560,15.363636,8.924092,0.84,1.0298599,0.36591235,1.32,3.74,0.0257,0.06498,0.073460005,-0.034,125412496.0,128.218,1.647,0.99307996,0.0789,1.354,24.71,13.77,33.0,56.5,Buy,2.00,1,0,1,1,0,0,0.46,0.46,True,4,2026-12-16,78.0,False,False,,0,0,,0,,0,,N/A,0,N/A,0,0,,,,not fetched for down-trend tickers,,,,,,,,,,,,,,,,,,,,,,,,,,
MNTN,down,WAIT,10.25,10.17,2026-09-28,True,10.25,19:22,0.79,sip,,,,,0,10.2,09:30,0.29,sip,,,,,-,DOWNTREND,-2.14,-1.37,False,False,0,,,,,,,,,,,,,,,,downtrend (below a falling EMA50) - no long setup,,True,False,3,True,True,True,False,10.25,11.28,False,12.18,12.37,False,False,False,bullish_harami,10.01,11.88,10.25,11.46,False,12.13,12.68,False,True,False,,10.01,11.88,10.25,10.82,False,19.7,19.73,False,True,False,,10.01,11.18,10.07,10.4,0.33,0.48,68.8,9.92,10.55,10.01,9.77,10.52,T1 - nearest resistance,0.56,True,10.15,10.24,True,down,channel sloping down,11.4,low,2026-07-23,False,20,5,11,4,-6,down,1,up,1,9.81,10.27,10.73,-1.61,0.68,48.0,False,S1,0.81,False,0.92,False,2.08,9.81,-4.29,1.0,9.25,-9.76,1.0,10.52,2.63,1,0.56,11.62,13.37,2.0,2.85,"MNTN, Inc.",Technology,Software - Application,762244160,6.1757574,7.801554,,2.261931,2.432712,1.65,,0.17999001,0.10429,0.19676,0.206,42262752.0,,4.86,0.74,0.084,,18.959,7.67,18.1,22.9,None,N/A,10,3,6,1,0,0,0.25,0.23,True,2,2026-11-03,35.0,False,False,,0,0,,0,,0,,N/A,0,N/A,0,0,,,,not fetched for down-trend tickers,,,,,,,,,,,,,,,,,,,,,,,,,,
NOK,down,WAIT,10.41,10.1,2026-09-28,True,10.06,19:59,-0.4,sip,10.12,03:59,0.2,boats,787,10.28,09:30,1.78,sip,,,,,-,CORRECTION,-0.28,-0.36,True,False,0,,,,,,,,,,,,,,,,under EMA50 by 0.3 ATR with a higher low intact - wait for a support bounce or an EMA50 reclaim,,True,True,2,True,False,True,False,10.41,10.56,False,42.43,46.83,False,False,False,,9.92,11.05,10.41,10.38,True,28.9,21.34,True,True,False,bullish_engulfing,9.92,11.05,10.41,10.39,True,74.07,69.78,True,True,False,,9.96,10.51,10.23,10.51,0.28,0.51,54.9,10.0,10.74,9.96,9.7,10.71,T1 - nearest resistance,0.42,True,10.36,10.37,True,down,channel sloping down,10.17,low,2026-07-29,True,20,7,9,4,-2,down,1,mixed,1,9.83,10.12,10.41,-1.09,0.7,101.0,True,S1,0.22,True,0.47,False,1.39,10.17,-2.31,1.0,9.7,-6.82,4.0,10.71,2.88,2,0.42,11.12,6.82,3.0,1.0,Nokia Oyj,Technology,Communication Equipment,56658284544,77.84615,20.934177,0.89,2.3468006,2.778184,0.14,1.57,0.03472,0.07934,0.03455,0.084,1182875008.0,15.776,1.505,0.15792,0.0099,0.767,17.45,4.71,14.96667,44.7,Buy,1.79,12,4,7,2,0,1,0.07,0.07,True,7,2026-10-22,23.0,False,False,,0,0,2026-09-17 B. Riley Securities: init -> Buy,0,,0,,N/A,0,N/A,0,0,,,,not fetched for down-trend tickers,,,,,,,,,,,,,,,,,,,,,,,,,,
NX,down,WAIT,19.17,19.42,2026-09-28,True,19.38,16:00,-0.21,sip,,,,,0,19.3,09:30,-0.62,sip,,,,,-,DOWNTREND,-0.8,-0.41,False,False,0,,,,,,,,,19.42,,,,,,,downtrend (below a falling EMA50) - no long setup,,False,False,3,True,True,True,False,19.17,19.85,False,10.38,11.58,False,True,False,,19.01,21.49,19.17,20.14,False,8.3,14.31,False,False,False,bullish_harami,19.01,21.49,19.17,19.81,False,10.11,6.11,True,True,False,,19.01,20.05,19.01,19.61,0.6,0.85,70.6,18.76,19.86,19.01,18.58,19.36,T1 - nearest resistance,0.32,True,19.32,19.25,False,down,channel sloping down,20.5,low,2026-07-21,False,20,6,10,4,-4,mixed,1,up,1,18.5,19.15,19.81,-1.09,0.62,51.0,False,S1,2.13,False,1.98,,,17.49,-8.76,3.0,,,,19.36,0.99,5,0.32,20.55,7.2,1.0,2.34,Quanex Building Products Corporation,Industrials,Building Products & Equipment,888111872,20.4,9.825095,0.71,1.1799086,0.476673,0.95,1.62,0.02434,0.09264,0.06201,0.013,65965624.0,113.017,2.231,1.18045,0.1187,0.947,23.33,11.04,26.0,66.2,None,N/A,4,0,2,0,0,0,0.79,0.75,True,4,,,False,False,,0,0,2026-09-10 StoneX: reit -> Buy,0,,0,,N/A,0,N/A,0,0,,,,not fetched for down-trend tickers,,,,,,,,,,,,,,,,,,,,,,,,,,
NXDR,up,WATCH,2.42,2.42,2026-09-28,True,2.42,16:00,0.0,sip,,,,,0,2.41,09:30,-0.41,sip,,,MA_BOUNCE,MA bounce,C,UPTREND,0.58,0.65,True,False,12,2.41,2.33,2.54,1.2,2.41,,price,,,Price: pull back to 2.41 or lower (R:R 1.5+ with the same stop and target),2.1,"T1 - nearest real resistance (swing level, 2 touch(es))",,3.0,R:R 1.20 below 1.5,R:R 1.20 below 1.5,PULLBACK(watch); SUPPORT_BOUNCE(watch),True,True,0,False,False,False,False,2.42,2.36,True,61.86,60.68,True,False,False,hammer,2.33,2.65,2.42,2.4,True,27.08,30.38,False,True,False,,2.33,2.65,2.42,2.44,False,26.27,21.35,True,True,False,,2.38,2.53,2.38,2.43,0.05,0.11,45.5,2.32,2.49,2.38,2.33,2.54,"T1 - nearest real resistance (swing level, 2 touch(es))",1.2,True,2.42,2.41,True,up,WATCH setup overrides the 1h channel (channel sloping down),2.42,low,2026-09-09,False,20,9,6,5,3,down,1,up,1,2.27,2.39,2.52,-0.8,0.27,62.0,True,S1,0.45,False,0.55,False,2.36,2.36,-2.48,5.0,2.16,-10.74,6.0,2.54,4.96,2,1.33,2.69,11.16,3.0,3.0,,Communication Services,Internet Content & Information,936173184,,-65.994,,2.255359,3.3611007,-0.08,,-0.110810004,-0.076,-0.07244,0.145,22892500.0,6.745,13.265,0.685,0.0272,1.37,3.72,1.33,3.35,45.6,None,N/A,4,0,2,3,0,0,-0.01,-0.01,True,3,2026-11-04,36.0,False,False,,0,0,,0,,0,,N/A,0,N/A,0,0,,,,,,,,,,True,,True,True,,False,,,,,,,,,True,True,True,,,,
OMER,down,WAIT,19.39,19.42,2026-09-28,True,19.44,16:00,0.1,sip,,,,,0,19.27,09:30,-0.77,sip,,,,,-,UPTREND_WEAK,2.54,4.14,False,True,46,,,,,,,,,,,,,,,,extended 2.5 ATR above EMA50 with no fresh breakout - wait for a pullback to value,,True,True,2,True,False,True,False,19.39,16.88,True,66.1,72.48,False,False,False,,17.15,21.24,19.39,18.54,True,47.11,52.46,False,False,False,,17.15,21.24,19.39,19.58,False,29.96,24.41,True,True,False,,19.0,20.61,19.0,19.57,0.57,0.99,57.6,18.58,19.99,19.0,18.51,19.55,T1 - nearest resistance,0.18,True,20.26,19.29,True,down,channel rising but weak fit (R2 0.01 < 0.5),16.48,low,2026-07-21,True,20,7,8,5,-1,down,3,mixed,1,18.41,20.01,21.61,0.2,0.01,31.0,False,S1,1.22,False,1.34,False,2.92,18.06,-6.86,2.0,16.5,-14.9,1.0,19.55,0.83,3,0.18,21.24,9.54,1.0,2.1,Omeros Corporation,Healthcare,Biotechnology,1406505088,12.14375,15.796748,0.81,-27.289326,36.606766,1.6,,3.2488198,0.00259,,,183310496.0,,1.951,0.50942004,0.17889999,2.603,21.24,4.06,27.5,89.2,Buy,1.67,2,0,2,1,0,0,-0.02,-0.03,True,2,2026-11-12,44.0,False,False,,1,0,2026-09-22 Cantor Fitzgerald: up -> Overweight,0,,0,,N/A,0,N/A,0,0,,,,not fetched for down-trend tickers,,,,,,,,,,,,,,,,,,,,,,,,,,
OPRT,up,WATCH,8.26,8.28,2026-09-28,True,8.28,16:00,0.0,sip,,,,,0,8.32,09:30,0.48,sip,,,SUPPORT_BOUNCE,Support bounce,C,UPTREND,2.57,3.0,True,True,41,8.14,7.97,8.66,1.39,8.25,,price,,,Price: pull back to 8.25 or lower (R:R 1.5+ with the same stop and target),2.0,T1 - nearest real resistance (120-bar high + 20-bar high + 52-week high),,3.0,R:R 1.39 below 1.5,R:R 1.39 below 1.5,MA_BOUNCE(watch),True,True,1,False,False,False,True,8.26,7.4,True,72.64,80.17,False,False,False,,7.72,8.66,8.26,7.9,True,34.85,47.34,False,False,False,bullish_engulfing,7.72,8.66,8.26,8.25,True,15.28,9.27,True,True,False,,8.11,8.66,8.11,8.39,0.27,0.33,81.8,8.06,8.44,8.11,7.97,8.66,T1 - nearest real resistance (120-bar high + 20-bar high + 52-week high),1.39,True,8.2,8.21,True,up,WATCH setup overrides the 1h channel (channel rising but weak fit (R2 0.14 < 0.5)),7.53,low,2026-07-23,True,20,11,6,3,5,down,1,up,2,8.14,8.37,8.61,0.28,0.14,26.0,False,S1,0.55,True,0.36,False,1.67,8.14,-1.45,4.0,7.71,-6.66,6.0,8.66,4.84,1,1.38,,,,,Oportun Financial Corporation,Financial Services,Credit Services,380774432,21.23077,4.241803,,0.93453723,0.5118259,0.39,,0.02619,0.116239995,0.04976,0.094,,653.91,51.129,0.86438006,0.0308,1.245,8.66,4.03,9.75,91.4,Buy,2.00,4,0,2,2,0,0,0.45,0.46,False,5,2026-11-03,35.0,False,False,,0,0,,0,,0,,N/A,0,N/A,0,0,,,,,,,,,,,True,True,True,True,False,True,,,,,,,,,,,,,,
PANL,up,WATCH,8.02,8.03,2026-09-28,True,8.01,16:00,-0.25,sip,,,,,0,7.99,09:30,-0.5,sip,,,PULLBACK,Pullback in uptrend,C,UPTREND,0.22,0.32,True,True,33,7.89,7.83,8.4,2.12,,8.06,trigger,,8.03,"Turn - daily: back above yesterday's close 8.03, or a close in the top half of the day's range; 1h: reclaim the session VWAP (8.02)",2.0,"T1 - nearest real resistance (swing level, 3 touch(es))",,4.0,no turn yet on the daily and 1h charts,no turn yet on the daily and 1h charts,MA_BOUNCE(weak),False,False,0,False,False,False,False,8.02,7.96,True,14.52,13.93,True,True,False,,7.89,8.66,8.02,8.15,False,18.18,17.25,True,False,False,,7.89,8.66,8.02,8.16,False,65.06,63.63,True,False,False,hammer,7.89,8.16,7.97,8.07,0.1,0.23,43.5,7.84,8.2,7.89,7.83,8.4,"T1 - nearest real resistance (swing level, 3 touch(es))",2.12,False,8.02,8.02,False,up,WATCH setup overrides the 1h channel (channel sloping down),8.04,low,2026-08-11,False,20,7,9,4,-2,down,2,mixed,1,7.79,7.93,8.06,-1.0,0.85,83.0,False,S1,0.83,False,0.96,False,2.09,7.8,-2.74,3.0,7.54,-5.99,1.0,8.1,1.0,1,0.42,8.23,2.62,1.0,1.11,Pangaea Logistics Solutions Ltd.,Industrials,Marine Shipping,524444928,10.972603,7.2818184,,1.1690017,0.73839587,0.73,4.99,0.067,0.11407,0.10361,0.194,63388732.0,70.649,1.384,0.43287,0.0287,0.778,9.39,4.54,10.85,71.8,None,N/A,3,0,3,0,0,0,0.30,0.25,True,2,2026-11-05,37.0,False,False,,0,0,,0,,0,,N/A,0,N/A,0,0,,,,,,,,,,,,,True,,,,,,,,,,,,,True,True,True,True,
PAYS,up,WATCH,12.81,12.72,2026-09-28,True,12.36,16:06,-2.83,sip,,,,,0,12.86,09:30,1.1,sip,,,MA_BOUNCE,MA bounce,C,UPTREND,1.64,1.8,True,True,93,12.68,12.19,12.94,0.22,12.49,,price,12.94,,Price: pull back to 12.49 or lower (R:R 1.5+ with the same stop and target) OR close above 12.94 on 1.5x+ volume (becomes a fresh breakout),2.5,"T1 - overhead resistance (swing level, 4 touch(es)) inside 1 ATR",12.94,3.0,R:R 0.22 below 1.5,R:R 0.22 below 1.5,PULLBACK(watch),True,True,0,False,False,False,False,12.81,11.82,True,58.6,59.81,False,False,False,hammer,11.36,13.16,12.81,12.56,True,57.68,54.95,True,True,False,bullish_harami,11.36,13.16,12.81,12.65,True,74.44,67.55,True,True,False,,12.34,13.16,12.56,12.91,0.35,0.6,58.3,12.31,13.16,12.34,12.19,12.94,"T1 - overhead resistance (swing level, 4 touch(es)) inside 1 ATR",0.22,True,12.6,12.71,True,up,WATCH setup overrides the 1h channel (channel rising but weak fit (R2 0.12 < 0.5)),12.3,low,2026-07-24,True,20,10,8,2,2,down,1,up,2,12.5,12.73,12.96,0.16,0.12,67.0,False,S1,1.17,False,1.08,False,2.42,12.16,-5.07,2.0,11.36,-11.32,1.0,12.94,1.01,4,0.21,13.6,6.17,2.0,1.27,"Paysign, Inc.",Technology,Software - Infrastructure,718198656,48.92308,21.024794,,11.932458,7.1361604,0.26,,0.15673,0.28340998,0.30818,0.481,14303467.0,9.492,1.139,0.54802,0.0461,0.801,14.43,3.08,13.5,85.7,Strong Buy,1.40,5,2,3,0,0,0,0.13,0.13,True,2,2026-11-11,43.0,False,False,,0,0,2026-09-15 Lake Street: main -> Buy,0,,0,,N/A,0,N/A,0,0,,,,,,,,,,True,,True,,,False,,,,,,,,,True,True,True,,,,True
PCRX,up,WATCH,25.45,25.41,2026-09-28,True,25.39,16:30,-0.08,sip,,,,,0,25.39,09:30,-0.08,sip,,,MA_RECLAIM,MA reclaim (early trend),C,EARLY_UPTREND,0.47,0.15,True,False,4,25.07,24.38,26.07,0.58,25.05,,price,26.07,,Price: pull back to 25.05 or lower (R:R 1.5+ with the same stop and target) OR close above 26.07 on 1.5x+ volume (becomes a fresh breakout),2.5,"T1 - overhead resistance (swing level, 3 touch(es)) inside 1 ATR",26.07,3.0,R:R 0.58 below 1.5,R:R 0.58 below 1.5,,True,True,0,False,False,False,False,25.45,25.07,True,68.32,60.29,True,True,False,,23.98,25.76,25.45,25.09,True,79.96,76.56,True,True,False,,23.98,25.76,25.45,25.06,True,61.86,58.88,True,True,False,,24.79,25.76,25.13,25.59,0.46,0.81,56.8,24.78,25.94,24.79,24.38,26.07,"T1 - overhead resistance (swing level, 3 touch(es)) inside 1 ATR",0.58,True,24.71,25.34,True,up,channel rising (R2 0.79),25.01,low,2026-08-14,True,20,7,5,8,2,mixed,1,up,3,25.14,25.49,25.84,0.65,0.79,44.0,False,S1,1.21,False,1.28,False,3.28,24.41,-4.09,8.0,22.79,-10.45,1.0,26.01,2.2,2,0.52,27.03,6.21,2.0,1.48,"Pacira BioSciences, Inc.",Healthcare,Drug Manufacturers - Specialty & Generic,1012093312,72.542854,7.3759894,0.68,1.5046817,1.3389065,0.35,,0.01962,0.06165,0.020480001,0.062,98341248.0,61.329,5.042,1.13312,0.2727,0.265,27.66,18.8,30.0,75.1,Buy,2.11,9,1,4,3,0,1,0.73,0.71,True,9,2026-11-05,37.0,False,False,,0,0,2026-09-23 Oppenheimer: init -> Outperform,0,,0,,N/A,0,N/A,0,0,,,,,,,,,,,,,,,,,True,True,True,False,False,True,True,,,,,,,
PGNY,filtered,WAIT,24.49,25.53,2026-09-28,True,25.52,16:41,-0.04,sip,,,,,0,25.25,09:30,-1.1,sip,,,,,-,DOWNTREND,-3.44,-1.2,False,True,0,,,,,,,,,25.53,,,,,,,downtrend (below a falling EMA50) - no long setup,,False,False,4,True,True,True,True,24.49,26.9,False,7.2,11.77,False,False,False,,24.33,27.92,24.49,26.51,False,6.84,9.07,False,False,False,bullish_harami,24.33,27.92,24.49,25.79,False,7.45,5.68,True,True,False,,24.33,26.05,24.33,25.34,1.01,0.7,144.3,24.64,25.03,24.33,23.98,25.28,T1 - nearest resistance,1.55,False,25.76,24.57,False,down,channel sloping down,24.57,low,2026-09-29,False,20,6,9,5,-3,mixed,2,down,6,24.28,24.82,25.36,-1.24,0.84,20.0,,,,,,,,,,,,,,25.28,3.23,6,1.55,26.51,8.25,3.0,3.96,"Progyny, Inc.",Healthcare,Healthcare Plans,1958067968,27.73913,11.00109,,4.3224936,1.4938371,0.92,,0.05999,0.11413,0.16242,0.053,196469376.0,5.95,2.137,1.10642,0.0867,0.991,33.065,16.1,34.41667,49.5,None,N/A,12,1,9,2,0,0,0.51,0.52,False,9,2026-11-05,37.0,False,False,,0,0,2026-09-08 Citizens: main -> Market Outperform,0,,0,,N/A,0,N/A,0,0,,,,ticker filtered out,,,,,,,,,,,,,,,,,,,,,,,,,,
PGY,down,WAIT,17.54,17.0,2026-09-28,True,17.05,19:43,0.29,sip,17.0,01:52,0.0,boats,1,17.12,09:30,0.71,sip,,,,,-,DOWNTREND,-1.79,-2.06,True,False,0,,,,,,,,,,,,,,,,downtrend (below a falling EMA50) - no long setup,,True,True,3,True,True,True,False,17.54,19.75,False,9.31,8.04,True,True,False,,16.5,22.28,17.54,19.97,False,15.0,11.32,True,True,False,bullish_engulfing,16.5,22.28,17.54,18.53,False,68.87,61.37,True,True,False,,16.5,18.85,16.96,17.67,0.71,1.24,57.3,16.43,18.2,16.5,15.88,19.67,T1 - nearest resistance,1.28,True,18.59,17.38,True,down,channel sloping down,20.44,low,2026-07-30,False,20,5,11,4,-6,down,4,up,2,15.37,16.48,17.59,-4.08,0.86,98.0,True,S1,0.12,True,0.46,False,1.5,16.97,-3.25,3.0,15.68,-10.6,1.0,19.67,12.14,7,1.28,21.96,25.2,5.0,2.66,Pagaya Technologies Ltd.,Technology,Software - Infrastructure,1418239232,12.5,4.100387,0.03,2.3842916,1.020346,1.36,,0.091230005,0.27335,0.19459,0.186,207177120.0,133.652,14.584,0.48241,0.1435,5.37,35.52,10.4,28.90909,28.4,Strong Buy,1.18,11,2,9,0,0,0,1.00,0.98,True,10,2026-11-10,42.0,False,False,,0,0,,0,,0,,N/A,0,N/A,0,0,,,,not fetched for down-trend tickers,,,,,,,,,,,,,,,,,,,,,,,,,,
PRGS,down,WAIT,39.16,39.44,2026-09-28,True,39.41,16:00,-0.08,sip,,,,,0,39.05,09:30,-0.99,sip,,,,,-,DOWNTREND,-0.97,-0.53,False,False,0,,,,,,,,,39.44,,,,,,,downtrend (below a falling EMA50) - no long setup,,False,True,3,True,True,True,False,39.16,40.78,False,18.56,15.9,True,True,False,,37.54,43.2,39.16,41.28,False,33.58,29.76,True,True,False,,37.54,43.2,39.16,40.01,False,61.9,58.61,True,True,False,,37.54,40.77,38.65,39.73,1.08,1.67,64.7,38.06,40.32,37.54,36.71,39.53,T1 - nearest resistance,0.15,True,40.41,39.1,True,down,channel sloping down,42.08,low,2026-07-23,False,20,3,9,8,-6,down,2,mixed,1,38.17,39.17,40.17,-0.63,0.5,49.0,False,S1,1.54,False,1.61,,,36.47,-6.87,3.0,,,,39.53,0.94,4,0.15,41.19,5.18,1.0,0.83,Progress Software Corporation,Technology,Software - Infrastructure,1616320128,19.13107,6.0234704,1.25,3.2171428,1.6103216,2.06,,0.08871,0.18547001,0.18574,0.068,307682624.0,262.162,0.809,1.1524401,0.16690001,0.821,47.37,23.82,56.2,65.1,Strong Buy,1.40,5,0,4,1,0,0,1.52,1.52,True,4,2026-09-30,1.0,True,False,,0,0,,0,,0,,N/A,0,N/A,0,0,,,,not fetched for down-trend tickers,,,,,,,,,,,,,,,,,,,,,,,,,,
QBTS,down,WAIT,16.47,16.78,2026-09-28,True,16.88,19:56,0.6,sip,16.92,03:56,0.83,boats,336,17.02,09:30,1.43,sip,,,,,-,DOWNTREND,-1.81,-1.55,True,True,0,,,,,,,,,16.78,,,,,,,downtrend (below a falling EMA50) - no long setup,,False,False,3,True,True,True,False,16.47,18.28,False,34.51,41.84,False,False,False,,15.81,18.92,16.47,17.46,False,6.24,16.22,False,False,False,bullish_harami,15.81,18.92,16.47,17.07,False,5.52,4.56,True,True,False,bullish_engulfing,16.36,18.0,16.36,17.21,0.84,1.0,84.0,16.21,17.36,16.36,15.86,17.3,T1 - nearest resistance,1.36,True,17.41,16.61,False,down,channel sloping down,17.2,low,2026-09-16,False,20,4,10,6,-6,down,1,up,1,16.24,16.82,17.39,-0.73,0.42,20.0,False,S1,0.9,True,0.35,,,16.12,-2.13,6.0,,,,17.3,5.04,1,1.36,18.38,11.6,6.0,3.13,D-Wave Quantum Inc.,Technology,Computer Hardware,6370135040,,-44.43268,,5.7643423,512.68695,-0.67,,0.0,-17.32055,-0.27985,-0.006,-73379872.0,4.442,20.545,0.53897,0.2034,2.14,46.75,12.75,34.6475,10.9,Strong Buy,1.29,16,1,14,2,0,0,-0.09,-0.09,True,16,2026-11-05,37.0,False,False,,0,0,,0,,0,,N/A,0,N/A,0,0,,,,not fetched for down-trend tickers,,,,,,,,,,,,,,,,,,,,,,,,,,
QNST,down,WAIT,14.32,14.22,2026-09-28,True,14.23,16:07,0.07,sip,14.04,22:18,-1.27,boats,1,14.1,09:30,-0.84,sip,,,,,-,DOWNTREND,-3.79,-3.46,False,False,0,,,,,,,,,,,,,,,,downtrend (below a falling EMA50) - no long setup,,True,True,3,True,True,True,False,14.32,17.1,False,7.08,6.89,True,False,False,piercing_line,13.96,18.71,14.32,16.91,False,8.58,8.57,True,True,False,,13.96,18.71,14.32,15.11,False,63.29,54.3,True,True,False,,14.01,14.56,14.01,14.38,0.37,0.73,50.7,13.65,14.74,14.01,13.64,15.02,T1 - nearest resistance,1.03,True,14.3,14.25,True,down,channel sloping down,14.31,low,2026-09-24,True,20,3,11,6,-8,down,1,up,1,12.16,13.53,14.9,-3.13,0.61,79.0,True,S1,0.19,True,0.49,,,13.96,-2.51,1.0,,,,15.02,4.89,3,1.03,16.12,12.57,3.0,2.65,"QuinStreet, Inc.",Communication Services,Advertising Agencies,813144384,10.297102,7.5989304,1.13,2.4847002,0.62853587,1.38,,0.06279,0.051149998,0.28647,0.427,125921376.0,24.036,1.218,0.94281,0.14770001,0.699,22.29,10.29,22.8,33.6,Strong Buy,1.17,5,1,5,0,0,0,0.39,0.39,True,5,2026-11-05,37.0,False,False,,0,0,,0,,0,,N/A,0,N/A,0,0,,,,not fetched for down-trend tickers,,,,,,,,,,,,,,,,,,,,,,,,,,
QTWO,down,WAIT,55.03,55.14,2026-09-28,True,55.1,16:02,-0.07,sip,,,,,0,54.92,09:30,-0.4,sip,,,,,-,DOWNTREND,-2.19,-1.16,False,False,0,,,,,,,,,,,,,,,,downtrend (below a falling EMA50) - no long setup,,True,True,3,True,True,True,False,55.03,58.77,False,9.17,10.66,False,False,False,,54.51,60.38,55.03,59.03,False,8.02,11.38,False,False,False,,54.51,60.38,55.03,56.43,False,14.69,10.76,True,True,False,,54.51,56.97,54.52,55.22,0.7,1.71,40.9,53.51,56.23,54.51,53.66,56.83,T1 - nearest resistance,1.31,True,56.4,54.84,True,down,channel sloping down,60.84,low,2026-07-22,False,20,5,13,2,-8,down,1,up,1,53.95,54.82,55.68,-0.79,0.8,62.0,False,S1,1.88,False,1.94,False,2.83,51.71,-6.03,1.0,50.19,-8.8,2.0,56.83,3.27,1,1.31,58.01,5.42,1.0,2.18,"Q2 Holdings, Inc.",Technology,Software - Application,3435743744,39.640285,16.354565,8.35,5.3401823,4.0602174,1.39,,0.108710006,0.1336,0.14984,0.126,190320000.0,6.361,0.945,1.0887799,0.1145,1.334,76.24,40.79,76.5,40.2,Buy,1.62,12,4,7,2,0,0,0.70,0.69,True,11,2026-11-04,36.0,False,False,,0,0,2026-09-22 Piper Sandler: reit -> Overweight,0,,0,,N/A,0,N/A,0,0,,,,not fetched for down-trend tickers,,,,,,,,,,,,,,,,,,,,,,,,,,
QUBT,down,WAIT,8.53,8.58,2026-09-28,True,8.62,19:58,0.47,sip,8.62,03:56,0.47,boats,97,8.68,09:30,1.17,sip,,,,,-,RANGE,-0.12,0.71,False,True,0,,,,,,,,,8.59,,,,,,,no trend (below a flat EMA50) - wait for a reclaim or a breakout,,False,False,3,True,True,True,False,8.53,8.58,False,49.69,59.0,False,False,False,,7.79,9.76,8.53,8.54,False,13.13,22.99,False,False,False,,7.79,9.76,8.53,8.78,False,4.87,6.55,False,False,False,bullish_harami,8.5,9.28,8.5,8.77,0.27,0.4,67.5,8.37,8.9,8.5,8.3,8.7,T1 - nearest resistance,0.74,True,9.07,8.59,False,down,channel sloping down,8.56,low,2026-07-28,False,20,8,7,5,1,down,1,mixed,1,8.35,8.74,9.12,-0.81,0.35,24.0,False,S1,1.3,False,0.92,False,2.02,8.16,-4.34,4.0,7.72,-9.5,2.0,8.7,1.99,5,0.74,9.3,9.03,4.0,3.35,Quantum Computing Inc.,Technology,Computer Hardware,1939792512,,-36.210754,,1.2183679,197.45445,-0.04,,-1.52453,-2.8126502,-0.01507,90.0,-53905876.0,1.469,53.135,0.47743,0.3231,3.772,25.84,6.18,18.66667,12.0,None,N/A,6,0,4,2,0,0,-0.06,-0.08,True,3,2026-11-09,41.0,False,False,,0,0,,0,,0,,N/A,0,N/A,0,0,,,,not fetched for down-trend tickers,,,,,,,,,,,,,,,,,,,,,,,,,,
REPX,up,WATCH,39.95,40.12,2026-09-28,True,40.12,16:00,0.0,sip,,,,,0,39.94,09:30,-0.45,sip,,,PULLBACK,Pullback in uptrend,C,UPTREND,0.53,0.86,True,False,36,39.41,38.71,41.6,1.33,39.87,,price,,40.01,Price: pull back to 39.87 or lower (R:R 1.5+ with the same stop and target) | Then the turn has to show at that price - 1h: reclaim the session VWAP (40.01),3.1,"T1 - nearest real resistance (swing level, 3 touch(es))",,3.0,no turn yet on the 1h chart; R:R 1.33 below 1.5,no turn yet on the 1h chart; R:R 1.33 below 1.5,MA_BOUNCE(watch),True,False,0,False,False,False,False,39.95,39.12,True,10.6,18.01,False,False,False,,39.41,44.63,39.95,40.71,False,12.85,14.3,False,False,False,,39.41,44.63,39.95,41.04,False,36.78,36.69,True,False,False,,39.41,41.33,39.41,40.25,0.84,1.55,54.2,38.7,40.96,39.41,38.71,41.6,"T1 - nearest real resistance (swing level, 3 touch(es))",1.33,True,41.06,40.01,False,up,WATCH setup overrides the 1h channel (channel sloping down),39.78,low,2026-07-29,True,20,11,6,3,5,down,2,up,2,39.47,40.23,40.99,-0.47,0.51,31.0,True,S1,0.15,True,0.16,False,0.75,39.7,-0.63,1.0,38.78,-2.93,1.0,42.01,5.16,1,1.66,45.31,13.42,1.0,4.32,"Riley Exploration Permian, Inc.",Energy,Oil & Gas E&P,870441408,7.2288284,4.927536,2.84,1.4045652,1.8369153,5.55,3.95,0.24525999,0.52597,0.19941,0.942,135574496.0,42.235,0.45,0.70605004,0.044899996,0.951,45.31,24.08,46.0,74.8,None,N/A,4,0,4,0,0,0,1.97,1.78,True,4,2026-11-04,36.0,False,False,,0,0,,0,,0,,N/A,0,N/A,0,0,,,,,,,,,,,,,False,,,,,,,,,,,,,True,True,True,True,
RIGL,up,WAIT,49.12,49.39,2026-09-28,True,49.36,16:00,-0.06,sip,,,,,0,49.58,09:30,0.38,sip,,,,,-,UPTREND_WEAK,3.01,2.1,False,False,86,,,,,,,,,49.39,,,,,,,extended 3.0 ATR above EMA50 with no fresh breakout - wait for a pullback to value,,False,True,2,True,False,True,False,49.12,44.41,True,89.25,83.45,True,True,True,,43.97,49.65,49.12,46.6,True,84.37,88.02,False,False,True,bullish_harami,43.97,49.65,49.12,47.95,True,72.45,65.35,True,True,False,,47.2,49.65,48.61,49.65,1.04,1.56,66.7,48.09,50.17,47.2,46.42,49.4,T1 - nearest resistance,0.1,True,48.17,48.98,True,up,channel rising (R2 0.59),43.48,low,2026-07-24,True,20,10,8,2,2,up,2,mixed,1,47.97,48.97,49.96,0.6,0.59,58.0,False,S1,1.4,False,1.1,False,2.44,47.4,-3.5,2.0,45.31,-7.76,1.0,49.4,0.57,2,0.1,,,,,"Rigel Pharmaceuticals, Inc.",Healthcare,Biotechnology,922038080,2.851531,9.993603,,2.1643429,3.2995381,17.31,,1.16303,0.29954,1.26897,-0.226,-31758876.0,9.391,1.941,0.89215,0.1754,1.198,52.24,24.95,63.0,88.6,None,N/A,5,0,3,2,0,0,0.96,0.89,True,4,2026-11-03,35.0,False,False,,0,0,,0,,0,,N/A,0,N/A,0,0,,,,,,,,,,,,,,,,,,,,,,,,,,,,,,
SWBI,up,WATCH,13.96,14.05,2026-09-28,True,14.0,17:40,-0.36,sip,14.05,01:10,0.0,boats,1,14.04,09:30,-0.07,sip,,,MA_RECLAIM,MA reclaim (early trend),C,EARLY_UPTREND,0.22,0.29,True,False,6,13.89,13.62,14.22,0.76,13.86,,price,14.22,14.05,"Price: pull back to 13.86 or lower (R:R 1.5+ with the same stop and target) OR close above 14.22 on 1.5x+ volume (becomes a fresh breakout) | Then the turn has to show at that price - daily: back above yesterday's close 14.05, or a close in the top half of the day's range; 1h: reclaim the session VWAP (13.96)",4.3,"T1 - overhead resistance (swing level, 9 touch(es)) inside 1 ATR",14.22,3.0,no turn yet on the daily and 1h charts; R:R 0.76 below 1.5,no turn yet on the daily and 1h charts; R:R 0.76 below 1.5,,False,False,0,False,False,False,False,13.96,13.89,True,85.45,90.96,False,False,True,,12.9,14.31,13.96,13.67,True,60.93,71.23,False,False,False,bullish_harami,12.9,14.31,13.96,13.88,True,17.39,15.45,True,True,False,,13.82,14.31,13.85,14.13,0.28,0.33,84.8,13.8,14.18,13.82,13.62,14.22,"T1 - overhead resistance (swing level, 9 touch(es)) inside 1 ATR",0.76,True,14.05,13.96,False,up,WATCH setup overrides the 1h channel (channel rising but weak fit (R2 0.28 < 0.5)),13.26,low,2026-09-03,True,20,9,4,7,5,up,1,mixed,1,13.85,14.09,14.32,0.25,0.28,23.0,False,S1,0.67,True,0.42,False,3.15,13.82,-1.0,1.0,12.92,-7.45,2.0,14.09,0.93,3,0.38,14.41,3.22,3.0,1.32,"Smith & Wesson Brands, Inc.",Industrials,Aerospace & Defense,629100672,25.98148,23.383331,0.84,1.6834654,1.1410084,0.54,3.65,0.0444,0.0117,0.06633,0.323,73930624.0,19.469,3.617,0.66485,0.0634,0.873,17.56,8.14,17.25,61.8,None,N/A,2,0,2,0,0,0,0.08,0.08,True,1,2026-12-03,65.0,False,False,,0,0,,0,,0,,N/A,0,N/A,0,0,,,,,,,,,,,,,,,,,True,True,True,True,False,False,True,,,,,,,
SWIM,down,WAIT,6.14,6.23,2026-09-28,True,6.21,16:00,-0.32,sip,,,,,0,6.23,09:30,0.0,sip,,,,,-,DOWNTREND,-1.18,-0.8,True,True,0,,,,,,,,,6.23,,,,,,,downtrend (below a falling EMA50) - no long setup,,False,False,3,True,True,True,False,6.14,6.47,False,17.41,18.78,False,False,False,,6.06,6.79,6.14,6.48,False,10.04,16.65,False,False,False,bullish_harami,6.06,6.79,6.14,6.29,False,14.29,13.45,True,True,False,,6.11,6.33,6.11,6.31,0.2,0.28,71.4,6.03,6.39,6.11,5.97,6.17,T1 - nearest resistance,0.18,True,6.24,6.19,False,down,channel sloping down,6.84,low,2026-07-31,False,20,5,10,5,-5,mixed,2,down,2,5.92,6.15,6.38,-0.88,0.47,49.0,False,S1,1.64,False,1.32,False,2.32,5.77,-6.03,2.0,5.49,-10.59,1.0,6.17,0.49,5,0.18,6.61,7.65,2.0,2.76,"Latham Group, Inc.",Industrials,Building Products & Equipment,730582208,124.2,22.104364,,1.8378218,1.2669598,0.05,,0.0092400005,0.14123,0.013150001,0.144,51579500.0,76.314,2.158,0.93267,0.0608,1.722,8.966,4.64,8.60833,34.7,None,N/A,6,0,4,1,1,1,0.15,0.15,True,5,2026-11-03,35.0,False,False,,0,0,,0,,0,,N/A,0,N/A,0,0,,,,not fetched for down-trend tickers,,,,,,,,,,,,,,,,,,,,,,,,,,
THRM,filtered,WAIT,33.82,33.63,2026-09-28,True,33.61,16:00,-0.06,sip,,,,,0,34.02,09:30,1.16,sip,,,,,-,DOWNTREND,-2.76,-2.04,False,False,0,,,,,,,,,,,,,,,,downtrend (below a falling EMA50) - no long setup,,True,True,4,True,True,True,True,33.82,37.88,False,13.95,13.96,False,True,False,hammer,33.11,39.19,33.82,37.22,False,12.68,13.48,False,True,False,piercing_line,33.11,39.19,33.82,34.98,False,24.14,21.31,True,True,False,,33.11,35.72,33.11,34.02,0.91,1.47,61.9,32.55,34.58,33.11,32.37,34.97,T1 - nearest resistance,0.79,True,33.71,33.66,True,down,channel sloping down,33.66,low,2026-09-29,True,20,8,11,1,-3,up,2,down,2,32.16,33.38,34.59,-1.34,0.69,68.0,False,S1,0.51,True,0.37,,,33.27,-1.63,1.0,,,,34.97,3.4,1,0.79,38.21,12.98,4.0,3.03,Gentherm Incorporated,Consumer Cyclical,Auto Parts,1033138496,40.987804,10.369456,1.02,1.4271762,0.6540797,0.82,,0.01682,0.07101,0.03735,0.11,84331624.0,44.955,2.064,1.08513,0.0915,1.339,48.35,27.0,48.0,31.9,Buy,1.89,8,2,4,3,0,0,0.65,0.66,False,6,2026-10-22,23.0,False,False,,1,0,2026-09-15 JP Morgan: up -> Overweight,0,,0,,N/A,0,N/A,0,0,,,,ticker filtered out,,,,,,,,,,,,,,,,,,,,,,,,,,
VFF,up,WAIT,3.11,3.14,2026-09-28,True,3.17,19:46,0.96,sip,,,,,0,3.13,09:30,-0.32,sip,,,,,-,UPTREND_WEAK,3.68,3.55,False,True,36,,,,,,,,,,,,,,,,extended 3.7 ATR above EMA50 with no fresh breakout - wait for a pullback to value,,True,True,2,True,False,True,False,3.11,2.7,True,85.0,87.04,False,False,True,,2.8,3.2,3.11,2.89,True,76.55,83.0,False,False,False,bullish_harami,2.8,3.2,3.11,3.06,True,27.01,24.08,True,True,False,,3.03,3.2,3.06,3.15,0.09,0.11,81.8,3.04,3.17,3.03,2.97,3.12,T1 - nearest resistance,0.07,True,3.1,3.09,True,up,channel rising (R2 0.68),2.63,low,2026-07-31,True,20,9,6,5,3,mixed,2,up,1,3.08,3.18,3.28,1.14,0.68,12.0,False,S1,1.45,False,1.27,False,2.73,2.97,-4.5,3.0,2.81,-9.65,3.0,3.12,0.32,2,0.07,3.2,2.89,1.0,0.64,"Village Farms International, Inc.",Consumer Defensive,Farm Products,383978976,17.444445,13.652174,,1.225605,1.665325,0.18,,0.09849,0.17447,0.07531,0.068,3505875.0,14.495,3.168,0.25265,0.047,1.384,4.99,1.805,5.83333,41.0,None,N/A,3,1,3,0,0,0,0.05,0.05,True,3,2026-11-09,41.0,False,False,,0,0,,0,,0,,N/A,0,N/A,0,0,,,,,,,,,,,,,,,,,,,,,,,,,,,,,,
WWW,down,WAIT,19.03,19.13,2026-09-28,True,19.13,16:00,0.0,sip,,,,,0,19.12,09:30,-0.05,sip,,,,,-,DOWNTREND,-0.36,-0.14,False,False,0,,,,,,,,,,,,,,,,downtrend (below a falling EMA50) - no long setup,,True,True,3,True,True,True,False,19.03,19.25,False,16.99,17.14,False,False,False,hammer,18.71,20.39,19.03,19.46,False,14.57,15.95,False,False,False,bullish_harami,18.71,20.39,19.03,19.25,False,32.12,27.27,True,True,False,,18.71,19.58,18.71,19.14,0.43,0.62,69.4,18.52,19.33,18.71,18.4,19.75,T1 - nearest resistance,1.14,True,19.23,18.92,True,down,channel sloping down,19.81,low,2026-08-12,False,20,4,11,5,-7,down,1,up,1,18.6,19.01,19.42,-0.47,0.44,52.0,True,S1,0.23,True,0.08,False,1.42,18.98,-0.26,5.0,18.15,-4.62,2.0,19.75,3.78,2,1.14,20.39,7.15,1.0,2.16,"Wolverine World Wide, Inc.",Consumer Cyclical,Footwear & Accessories,1569928960,14.9453125,10.340819,2.36,3.494702,0.80434924,1.28,2.1,0.05549,0.09854,0.27647,0.068,131325000.0,159.137,1.549,1.0939801,0.120799996,1.732,27.73,13.47,24.3,39.0,None,N/A,10,1,5,5,0,0,0.46,0.46,True,10,2026-11-12,44.0,False,False,,0,0,,0,,0,,N/A,0,N/A,0,0,,,,not fetched for down-trend tickers,,,,,,,,,,,,,,,,,,,,,,,,,,
XPRO,filtered,WAIT,16.09,16.33,2026-09-28,True,16.32,16:00,-0.06,sip,,,,,0,16.15,09:30,-1.1,sip,,,,,-,DOWNTREND,-1.27,-0.7,False,False,0,,,,,,,,,16.33,,,,,,,downtrend (below a falling EMA50) - no long setup,,False,False,4,True,True,True,True,16.09,16.92,False,11.4,15.9,False,False,False,,15.87,17.39,16.09,16.97,False,23.0,28.25,False,False,False,,15.87,17.39,16.09,16.49,False,38.43,38.8,False,False,False,,15.87,17.2,15.87,16.51,0.64,0.65,98.5,15.86,16.52,15.87,15.54,16.42,T1 - nearest resistance,0.6,True,16.42,16.12,False,down,channel sloping down,17.3,low,2026-07-28,False,20,8,7,5,1,down,1,up,4,16.01,16.33,16.64,-0.25,0.21,13.0,True,S1,0.22,True,0.12,False,1.02,16.01,-0.5,2.0,15.43,-4.1,1.0,16.42,2.05,1,0.6,17.06,6.03,4.0,1.76,Expro Ltd,Energy,Oil & Gas Equipment & Services,1833538176,90.666664,13.8398905,0.74,1.2080835,1.1906953,0.18,,0.01334,0.0433,0.0137,-0.07,173207744.0,11.378,2.047,1.04644,0.089700006,0.999,19.23,11.6,17.75,58.8,None,N/A,4,0,1,0,0,0,0.29,0.30,False,5,2026-10-22,23.0,False,False,,0,0,,0,,0,,N/A,0,N/A,0,0,,,,ticker filtered out,,,,,,,,,,,,,,,,,,,,,,,,,,
ZVRA,filtered,WAIT,11.32,11.31,2026-09-28,True,11.3,16:30,-0.09,sip,,,,,0,11.22,09:30,-0.8,sip,,,,,-,DOWNTREND,-0.99,-0.84,False,False,0,,,,,,,,,11.38,,,,,,,downtrend (below a falling EMA50) - no long setup,,True,False,4,True,True,True,True,11.32,11.7,False,17.93,12.21,True,True,False,,10.89,12.29,11.32,11.64,False,43.99,34.75,True,True,False,,10.89,12.29,11.32,11.37,False,80.26,82.17,False,False,True,,10.89,11.5,11.2,11.5,0.3,0.38,78.9,11.12,11.58,10.89,10.7,11.5,T1 - nearest resistance,0.29,True,11.2,11.38,False,down,channel sloping down,11.06,low,2026-07-24,True,20,5,7,8,-2,mixed,1,down,4,10.69,11.05,11.42,-0.77,0.47,86.0,False,S1,1.08,False,1.34,False,5.21,10.81,-4.51,1.0,9.34,-17.49,1.0,11.5,1.59,4,0.29,11.88,4.95,1.0,0.9,"Zevra Therapeutics, Inc.",Healthcare,Biotechnology,671036736,12.1505375,10.495323,10.67,3.080698,4.931519,0.93,,0.42818,0.42299,0.34796003,0.533,48381124.0,0.687,5.167,0.77292,0.097799994,0.951,15.035,8.01,25.0,47.1,None,N/A,9,2,7,0,0,0,0.18,0.19,False,3,2026-11-04,36.0,False,False,,0,0,,0,,0,,N/A,0,N/A,0,0,,,,ticker filtered out,,,,,,,,,,,,,,,,,,,,,,,,,,
