symbol,direction,formation_time,status,quality_score,macro_event,midpoint_touched,gap_low,gap_high,last_close,entry,stop,target,risk_per_share,bars_since_formation,actionable,run_time
FTNT,BULL,2026-09-14 15:00:00+00:00,TARGET_HIT,92.1,False,False,163.56,167.84,171.75,165.7,163.56,167.84,2.14,18,False,2026-09-17 07:40:21.338376-04:00
PANW,BULL,2026-09-14 15:00:00+00:00,TARGET_HIT,91.9,False,False,355.12,369.99,375.6,362.56,356.28,368.83,6.27,18,False,2026-09-17 07:40:21.338376-04:00
ZBRA,BEAR,2026-09-15 15:00:00+00:00,TARGET_HIT,91.9,False,True,343.16,350.33,341.26,346.75,349.45,344.04,2.71,11,False,2026-09-17 07:40:21.338376-04:00
CRWD,BULL,2026-09-14 15:00:00+00:00,TARGET_HIT,91.0,False,True,227.37,235.61,241.59,231.49,226.84,236.14,4.65,20,False,2026-09-17 07:40:21.338376-04:00
FFIV,BEAR,2026-09-16 15:00:00+00:00,TARGET_HIT,90.8,False,True,422.55,430.68,423.74,426.62,430.86,422.37,4.25,4,False,2026-09-17 07:40:21.338376-04:00
SWKS,BEAR,2026-09-14 15:00:00+00:00,TARGET_HIT,88.8,False,True,80.93,85.12,85.65,83.03,85.41,80.64,2.38,18,False,2026-09-17 07:40:21.338376-04:00
ON,BEAR,2026-09-16 19:00:00+00:00,WATCHING,87.9,True,False,67.92,72.4,66.59,70.16,71.71,68.61,1.55,0,False,2026-09-17 07:40:21.338376-04:00
IT,BULL,2026-09-15 16:00:00+00:00,STOPPED,87.4,False,True,195.4,200.5,191.53,197.95,194.62,201.28,3.33,10,False,2026-09-17 07:40:21.338376-04:00
NOW,BULL,2026-09-15 16:00:00+00:00,TARGET_HIT,87.4,False,True,142.61,145.78,139.86,144.19,141.96,146.43,2.23,10,False,2026-09-17 07:40:21.338376-04:00
DDOG,BULL,2026-09-14 15:00:00+00:00,TARGET_HIT,87.1,False,False,224.22,227.88,230.85,226.05,223.39,228.7,2.65,18,False,2026-09-17 07:40:21.338376-04:00
MCHP,BEAR,2026-09-16 19:00:00+00:00,WATCHING,86.4,True,False,69.62,71.26,69.6,70.44,71.18,69.7,0.74,0,False,2026-09-17 07:40:21.338376-04:00
NXPI,BEAR,2026-09-16 19:00:00+00:00,WATCHING,85.9,True,False,219.15,223.07,219.06,221.11,223.34,218.88,2.23,0,False,2026-09-17 07:40:21.338376-04:00
COHR,BULL,2026-09-16 14:00:00+00:00,TARGET_HIT,84.4,False,True,279.45,285.0,289.83,282.23,277.66,286.79,4.56,5,False,2026-09-17 07:40:21.338376-04:00
ADSK,BULL,2026-09-14 16:00:00+00:00,STOPPED,83.6,False,True,224.59,227.68,220.43,226.13,223.54,228.73,2.59,17,False,2026-09-17 07:40:21.338376-04:00
FSLR,BEAR,2026-09-16 15:00:00+00:00,WATCHING,82.5,False,False,196.28,198.91,191.07,197.59,200.07,195.12,2.47,4,True,2026-09-17 07:40:21.338376-04:00
IT,BULL,2026-09-14 16:00:00+00:00,TARGET_HIT,81.7,False,True,189.81,192.76,191.53,191.28,188.74,193.83,2.54,17,False,2026-09-17 07:40:21.338376-04:00
CTSH,BULL,2026-09-14 16:00:00+00:00,TARGET_HIT,81.3,False,True,63.06,63.84,61.86,63.45,62.78,64.12,0.67,17,False,2026-09-17 07:40:21.338376-04:00
MRVL,BULL,2026-09-16 14:00:00+00:00,TARGET_HIT,80.5,False,True,225.7,229.41,229.8,227.56,224.35,230.76,3.21,6,False,2026-09-17 07:40:21.338376-04:00
ACN,BULL,2026-09-14 16:00:00+00:00,TARGET_HIT,80.3,False,True,190.0,192.27,189.73,191.13,189.01,193.26,2.13,18,False,2026-09-17 07:40:21.338376-04:00
GDDY,BULL,2026-09-14 16:00:00+00:00,TARGET_HIT,80.0,False,True,102.24,103.46,99.06,102.85,101.67,104.03,1.18,17,False,2026-09-17 07:40:21.338376-04:00
CSCO,BEAR,2026-09-16 19:00:00+00:00,WATCHING,79.1,True,False,109.28,110.37,107.72,109.83,110.7,108.95,0.87,0,False,2026-09-17 07:40:21.338376-04:00
TXN,BEAR,2026-09-16 19:00:00+00:00,WATCHING,78.3,True,False,260.6,264.15,260.54,262.38,264.76,259.99,2.38,0,False,2026-09-17 07:40:21.338376-04:00
TRMB,BULL,2026-09-15 16:00:00+00:00,STOPPED,77.7,False,True,58.72,59.17,57.3,58.95,58.55,59.34,0.39,10,False,2026-09-17 07:40:21.338376-04:00
TRMB,BULL,2026-09-14 15:00:00+00:00,TARGET_HIT,76.9,False,True,58.17,58.48,57.3,58.32,57.92,58.72,0.4,18,False,2026-09-17 07:40:21.338376-04:00
CIEN,BEAR,2026-09-16 14:00:00+00:00,TARGET_HIT,75.4,False,True,342.85,347.3,340.61,345.08,349.9,340.25,4.82,5,False,2026-09-17 07:40:21.338376-04:00
Q,BEAR,2026-09-14 16:00:00+00:00,WATCHING,74.7,False,False,118.74,120.22,114.91,119.48,121.01,117.95,1.53,17,True,2026-09-17 07:40:21.338376-04:00
MPWR,BEAR,2026-09-16 19:00:00+00:00,WATCHING,74.6,True,False,1148.47,1164.53,1148.47,1156.5,1169.89,1143.11,13.39,0,False,2026-09-17 07:40:21.338376-04:00
CRM,BULL,2026-09-15 16:00:00+00:00,STOPPED,73.9,False,True,257.47,260.04,250.23,258.75,255.8,261.71,2.96,10,False,2026-09-17 07:40:21.338376-04:00
ZBRA,BULL,2026-09-14 15:00:00+00:00,STOPPED,73.6,False,True,346.62,350.3,341.26,348.46,345.65,351.27,2.81,18,False,2026-09-17 07:40:21.338376-04:00
PLTR,BULL,2026-09-14 16:00:00+00:00,TARGET_HIT,73.2,False,True,169.87,171.34,174.34,170.6,168.78,172.43,1.83,17,False,2026-09-17 07:40:21.338376-04:00
FLEX,BEAR,2026-09-16 19:00:00+00:00,WATCHING,72.7,True,False,108.11,109.9,107.9,109.0,110.46,107.55,1.45,0,False,2026-09-17 07:40:21.338376-04:00
IT,BULL,2026-09-15 15:00:00+00:00,STOPPED,72.7,False,True,193.65,195.84,191.53,194.75,191.43,198.06,3.31,11,False,2026-09-17 07:40:21.338376-04:00
HPE,BULL,2026-09-15 14:00:00+00:00,TARGET_HIT,72.0,False,True,55.61,56.68,56.57,56.14,54.83,57.46,1.32,12,False,2026-09-17 07:40:21.338376-04:00
FSLR,BEAR,2026-09-15 15:00:00+00:00,TARGET_HIT,71.8,False,False,204.65,206.39,191.07,205.52,207.72,203.32,2.2,11,False,2026-09-17 07:40:21.338376-04:00
FFIV,BULL,2026-09-15 15:00:00+00:00,TARGET_HIT,71.7,False,False,416.88,419.08,423.74,417.98,414.64,421.32,3.34,11,False,2026-09-17 07:40:21.338376-04:00
TDY,BULL,2026-09-15 16:00:00+00:00,STOPPED,71.7,False,True,597.07,599.9,601.63,598.49,595.4,601.57,3.08,9,False,2026-09-17 07:40:21.338376-04:00
CRWD,BULL,2026-09-15 14:00:00+00:00,WATCHING,71.5,False,False,230.94,234.79,241.59,232.87,228.52,237.21,4.35,13,True,2026-09-17 07:40:21.338376-04:00
GEN,BULL,2026-09-14 16:00:00+00:00,STOPPED,70.8,False,True,30.98,31.21,30.66,31.09,30.8,31.39,0.3,17,False,2026-09-17 07:40:21.338376-04:00
CTSH,BULL,2026-09-14 15:00:00+00:00,TARGET_HIT,70.5,False,True,62.91,63.05,61.86,62.98,62.33,63.63,0.65,18,False,2026-09-17 07:40:21.338376-04:00
ZBRA,BULL,2026-09-14 16:00:00+00:00,TARGET_HIT,70.5,False,True,349.35,352.43,341.26,350.89,348.15,353.63,2.74,17,False,2026-09-17 07:40:21.338376-04:00
JBL,BEAR,2026-09-16 19:00:00+00:00,WATCHING,70.4,True,False,298.07,301.84,297.36,299.95,303.4,296.51,3.44,0,False,2026-09-17 07:40:21.338376-04:00
MSFT,BULL,2026-09-14 16:00:00+00:00,STOPPED,70.1,False,True,502.42,503.98,490.45,503.2,499.42,506.97,3.77,19,False,2026-09-17 07:40:21.338376-04:00
Q,BEAR,2026-09-15 15:00:00+00:00,TARGET_HIT,69.4,False,True,114.64,116.14,114.91,115.39,117.1,113.68,1.71,11,False,2026-09-17 07:40:21.338376-04:00
ACN,BULL,2026-09-15 16:00:00+00:00,STOPPED,69.4,False,True,195.01,196.54,189.73,195.77,193.21,198.34,2.56,11,False,2026-09-17 07:40:21.338376-04:00
Q,BEAR,2026-09-15 16:00:00+00:00,STOPPED,69.3,False,True,112.78,114.36,114.91,113.57,115.3,111.84,1.73,10,False,2026-09-17 07:40:21.338376-04:00
TRMB,BULL,2026-09-14 16:00:00+00:00,TARGET_HIT,69.2,False,True,58.35,58.65,57.3,58.5,58.09,58.91,0.41,17,False,2026-09-17 07:40:21.338376-04:00
AVGO,BEAR,2026-09-15 14:00:00+00:00,WATCHING,69.0,False,False,345.06,346.78,339.4,345.92,349.28,342.56,3.36,13,True,2026-09-17 07:40:21.338376-04:00
Q,BEAR,2026-09-16 19:00:00+00:00,WATCHING,67.9,True,False,115.03,116.47,114.91,115.75,117.28,114.22,1.53,0,False,2026-09-17 07:40:21.338376-04:00
IBM,BULL,2026-09-14 16:00:00+00:00,TARGET_HIT,67.5,False,True,246.91,248.66,237.62,247.78,244.96,250.61,2.83,17,False,2026-09-17 07:40:21.338376-04:00
ORCL,BULL,2026-09-16 14:00:00+00:00,IN_TRADE,67.2,False,True,141.42,142.47,143.34,141.94,139.89,144.0,2.06,6,True,2026-09-17 07:40:21.338376-04:00
NOW,BULL,2026-09-15 15:00:00+00:00,STOPPED,66.4,False,True,141.78,142.49,139.86,142.13,139.96,144.31,2.18,11,False,2026-09-17 07:40:21.338376-04:00
ZBRA,BULL,2026-09-16 15:00:00+00:00,STOPPED,66.3,False,True,344.04,345.98,341.26,345.01,342.59,347.43,2.42,4,False,2026-09-17 07:40:21.338376-04:00
GDDY,BULL,2026-09-14 15:00:00+00:00,TARGET_HIT,66.2,False,True,101.83,102.19,99.06,102.01,100.86,103.15,1.15,18,False,2026-09-17 07:40:21.338376-04:00
ADSK,BULL,2026-09-14 15:00:00+00:00,TARGET_HIT,65.9,False,True,223.71,224.33,220.43,224.02,221.47,226.57,2.55,18,False,2026-09-17 07:40:21.338376-04:00
TRMB,BEAR,2026-09-16 19:00:00+00:00,WATCHING,65.9,True,False,57.81,58.24,57.3,58.03,58.5,57.56,0.47,0,False,2026-09-17 07:40:21.338376-04:00
CRWD,BULL,2026-09-15 16:00:00+00:00,TARGET_HIT,65.7,False,True,237.19,239.54,241.59,238.37,233.42,243.31,4.95,11,False,2026-09-17 07:40:21.338376-04:00
FTNT,BULL,2026-09-15 17:00:00+00:00,TARGET_HIT,65.6,False,True,171.35,172.1,171.75,171.72,169.47,173.98,2.25,9,False,2026-09-17 07:40:21.338376-04:00
CIEN,BULL,2026-09-15 15:00:00+00:00,TARGET_HIT,65.5,False,False,326.2,328.82,340.61,327.51,321.71,333.31,5.8,12,False,2026-09-17 07:40:21.338376-04:00
ADI,BEAR,2026-09-16 19:00:00+00:00,WATCHING,65.3,True,False,362.2,365.46,362.18,363.83,366.93,360.73,3.1,0,False,2026-09-17 07:40:21.338376-04:00
GDDY,BULL,2026-09-15 16:00:00+00:00,STOPPED,65.1,False,True,103.03,103.85,99.06,103.44,102.12,104.76,1.32,10,False,2026-09-17 07:40:21.338376-04:00
MSFT,BULL,2026-09-14 17:00:00+00:00,STOPPED,64.7,False,True,505.57,507.55,490.45,506.56,502.81,510.31,3.75,18,False,2026-09-17 07:40:21.338376-04:00
LITE,BULL,2026-09-16 16:00:00+00:00,TARGET_HIT,64.7,False,True,899.62,905.29,917.0,902.45,887.91,917.0,14.55,4,False,2026-09-17 07:40:21.338376-04:00
AAPL,BULL,2026-09-16 14:00:00+00:00,TARGET_HIT,64.6,False,True,331.5,332.75,332.49,332.12,330.33,333.92,1.8,5,False,2026-09-17 07:40:21.338376-04:00
PTC,BULL,2026-09-15 16:00:00+00:00,STOPPED,64.4,False,True,135.59,136.51,131.19,136.05,134.66,137.45,1.39,10,False,2026-09-17 07:40:21.338376-04:00
DDOG,BULL,2026-09-14 17:00:00+00:00,STOPPED,64.1,False,True,230.81,231.46,230.85,231.13,228.46,233.81,2.67,16,False,2026-09-17 07:40:21.338376-04:00
TYL,BULL,2026-09-15 16:00:00+00:00,TARGET_HIT,64.0,False,True,350.31,353.0,346.51,351.65,346.88,356.43,4.77,10,False,2026-09-17 07:40:21.338376-04:00
NOW,BULL,2026-09-14 16:00:00+00:00,TARGET_HIT,63.7,False,True,140.16,140.99,139.86,140.57,138.42,142.73,2.15,17,False,2026-09-17 07:40:21.338376-04:00
MCHP,BEAR,2026-09-15 15:00:00+00:00,STOPPED,63.5,False,True,71.13,71.66,69.6,71.39,72.32,70.47,0.92,11,False,2026-09-17 07:40:21.338376-04:00
ADSK,BULL,2026-09-14 17:00:00+00:00,STOPPED,63.4,False,True,228.09,228.87,220.43,228.48,225.95,231.01,2.53,16,False,2026-09-17 07:40:21.338376-04:00
AMD,BEAR,2026-09-16 19:00:00+00:00,WATCHING,63.4,True,False,514.29,520.85,512.78,517.57,525.25,509.89,7.68,0,False,2026-09-17 07:40:21.338376-04:00
ADSK,BULL,2026-09-15 16:00:00+00:00,STOPPED,63.1,False,True,229.27,230.61,220.43,229.94,226.96,232.92,2.98,10,False,2026-09-17 07:40:21.338376-04:00
TYL,BULL,2026-09-14 15:00:00+00:00,STOPPED,63.1,False,True,351.95,353.81,346.51,352.88,348.75,357.0,4.13,18,False,2026-09-17 07:40:21.338376-04:00
CSCO,BULL,2026-09-15 14:00:00+00:00,STOPPED,62.8,False,True,110.02,110.48,107.72,110.25,109.43,111.07,0.82,12,False,2026-09-17 07:40:21.338376-04:00
VRSN,BULL,2026-09-14 15:00:00+00:00,STOPPED,62.7,False,True,299.81,300.32,298.53,300.06,297.86,302.27,2.21,17,False,2026-09-17 07:40:21.338376-04:00
DDOG,BULL,2026-09-15 16:00:00+00:00,TARGET_HIT,62.5,False,True,228.52,230.04,230.85,229.28,226.81,231.75,2.47,10,False,2026-09-17 07:40:21.338376-04:00
IT,BULL,2026-09-14 17:00:00+00:00,TARGET_HIT,62.1,False,True,192.94,193.42,191.53,193.18,190.68,195.67,2.49,16,False,2026-09-17 07:40:21.338376-04:00
AKAM,BULL,2026-09-15 16:00:00+00:00,STOPPED,61.8,False,True,105.53,106.28,104.45,105.9,104.07,107.74,1.83,10,False,2026-09-17 07:40:21.338376-04:00
MPWR,BEAR,2026-09-14 15:00:00+00:00,TARGET_HIT,61.7,False,True,1157.07,1165.42,1148.47,1161.24,1177.68,1144.81,16.44,18,False,2026-09-17 07:40:21.338376-04:00
PTC,BEAR,2026-09-15 18:00:00+00:00,WATCHING,61.5,False,False,135.56,136.51,131.19,136.03,137.36,134.71,1.33,8,True,2026-09-17 07:40:21.338376-04:00
NXPI,BEAR,2026-09-16 18:00:00+00:00,WATCHING,61.5,True,False,224.36,225.1,219.06,224.73,227.01,222.45,2.28,1,False,2026-09-17 07:40:21.338376-04:00
MSI,BEAR,2026-09-15 18:00:00+00:00,TARGET_HIT,61.4,False,True,466.69,469.66,460.54,468.18,472.84,463.51,4.66,8,False,2026-09-17 07:40:21.338376-04:00
MSI,BULL,2026-09-14 18:00:00+00:00,TARGET_HIT,61.2,False,True,471.25,473.97,460.54,472.61,468.44,476.78,4.17,15,False,2026-09-17 07:40:21.338376-04:00
GDDY,BULL,2026-09-14 17:00:00+00:00,STOPPED,61.1,False,True,103.97,104.24,99.06,104.1,102.94,105.27,1.16,16,False,2026-09-17 07:40:21.338376-04:00
TYL,BULL,2026-09-14 17:00:00+00:00,STOPPED,61.0,False,True,356.92,358.35,346.51,357.63,353.46,361.81,4.17,16,False,2026-09-17 07:40:21.338376-04:00
CDW,BULL,2026-09-14 16:00:00+00:00,TARGET_HIT,61.0,False,True,150.95,152.22,149.93,151.58,149.26,153.91,2.32,17,False,2026-09-17 07:40:21.338376-04:00
Q,BEAR,2026-09-14 17:00:00+00:00,TARGET_HIT,60.9,False,False,118.12,118.64,114.91,118.38,119.95,116.81,1.57,16,False,2026-09-17 07:40:21.338376-04:00
IT,BEAR,2026-09-15 19:00:00+00:00,WATCHING,60.8,False,False,197.42,200.77,191.53,199.09,202.67,195.52,3.57,7,True,2026-09-17 07:40:21.338376-04:00
LRCX,BEAR,2026-09-15 15:00:00+00:00,STOPPED,60.8,False,True,268.23,270.54,269.41,269.38,273.94,264.83,4.55,11,False,2026-09-17 07:40:21.338376-04:00
VRSN,BULL,2026-09-15 16:00:00+00:00,TARGET_HIT,60.6,False,False,295.7,296.94,298.53,296.32,294.04,298.61,2.29,9,False,2026-09-17 07:40:21.338376-04:00
SNPS,BULL,2026-09-16 15:00:00+00:00,IN_TRADE,60.3,False,True,373.97,376.09,378.57,375.03,370.43,379.63,4.6,4,True,2026-09-17 07:40:21.338376-04:00
ADBE,BULL,2026-09-15 16:00:00+00:00,STOPPED,60.3,False,True,261.26,262.86,250.54,262.06,258.31,265.81,3.75,10,False,2026-09-17 07:40:21.338376-04:00
FSLR,BEAR,2026-09-16 16:00:00+00:00,WATCHING,60.1,False,False,194.04,195.34,191.07,194.69,197.32,192.06,2.63,3,True,2026-09-17 07:40:21.338376-04:00
CRWD,BULL,2026-09-16 15:00:00+00:00,IN_TRADE,60.1,False,True,241.45,242.57,241.59,242.01,238.31,245.71,3.7,5,True,2026-09-17 07:40:21.338376-04:00
ORCL,BEAR,2026-09-15 19:00:00+00:00,STOPPED,60.0,False,True,141.35,142.71,143.34,142.03,143.57,140.49,1.54,10,False,2026-09-17 07:40:21.338376-04:00
CRM,BEAR,2026-09-15 19:00:00+00:00,WATCHING,59.7,False,False,256.48,258.85,250.23,257.67,260.18,255.15,2.51,7,True,2026-09-17 07:40:21.338376-04:00
ON,BEAR,2026-09-16 15:00:00+00:00,TARGET_HIT,59.5,False,True,72.24,72.67,66.59,72.45,73.52,71.39,1.06,4,False,2026-09-17 07:40:21.338376-04:00
CRM,BULL,2026-09-14 16:00:00+00:00,TARGET_HIT,59.5,False,True,255.45,256.23,250.23,255.84,252.94,258.74,2.9,18,False,2026-09-17 07:40:21.338376-04:00
KLAC,BEAR,2026-09-16 19:00:00+00:00,WATCHING,59.4,True,False,167.78,169.41,167.42,168.59,170.46,166.73,1.86,1,False,2026-09-17 07:40:21.338376-04:00
ROP,BEAR,2026-09-16 18:00:00+00:00,WATCHING,59.2,True,False,377.76,378.74,375.85,378.25,381.09,375.41,2.84,1,False,2026-09-17 07:40:21.338376-04:00
MU,BEAR,2026-09-16 14:00:00+00:00,TARGET_HIT,59.0,False,True,934.41,937.23,929.75,935.82,944.25,927.39,8.43,6,False,2026-09-17 07:40:21.338376-04:00
DDOG,BEAR,2026-09-16 17:00:00+00:00,TARGET_HIT,58.7,False,True,233.72,235.06,230.85,234.39,237.15,231.62,2.76,2,False,2026-09-17 07:40:21.338376-04:00
AMAT,BEAR,2026-09-15 15:00:00+00:00,STOPPED,58.6,False,True,420.34,422.5,415.51,421.42,427.67,415.17,6.25,11,False,2026-09-17 07:40:21.338376-04:00
GDDY,BEAR,2026-09-16 17:00:00+00:00,TARGET_HIT,58.5,False,True,101.05,101.47,99.06,101.26,102.33,100.19,1.07,2,False,2026-09-17 07:40:21.338376-04:00
FFIV,BULL,2026-09-15 19:00:00+00:00,STOPPED,58.5,False,True,425.53,426.34,423.74,425.93,422.1,429.77,3.84,7,False,2026-09-17 07:40:21.338376-04:00
NOW,BEAR,2026-09-15 18:00:00+00:00,WATCHING,58.5,False,False,144.55,145.78,139.86,145.17,147.56,142.77,2.4,8,True,2026-09-17 07:40:21.338376-04:00
CDW,BEAR,2026-09-16 15:00:00+00:00,WATCHING,58.4,False,False,151.47,152.03,149.93,151.75,153.02,150.48,1.27,4,True,2026-09-17 07:40:21.338376-04:00
MSI,BULL,2026-09-14 17:00:00+00:00,STOPPED,58.0,False,True,469.55,470.99,460.54,470.27,466.09,474.45,4.18,16,False,2026-09-17 07:40:21.338376-04:00
GLW,BEAR,2026-09-14 15:00:00+00:00,WATCHING,57.9,False,False,148.57,149.22,144.22,148.9,152.27,145.53,3.37,18,True,2026-09-17 07:40:21.338376-04:00
JBL,BEAR,2026-09-16 18:00:00+00:00,WATCHING,57.9,True,False,303.5,304.99,297.36,304.24,307.77,300.71,3.53,1,False,2026-09-17 07:40:21.338376-04:00
CRWD,BULL,2026-09-14 16:00:00+00:00,STOPPED,57.9,False,True,236.15,236.7,241.59,236.43,231.78,241.07,4.65,19,False,2026-09-17 07:40:21.338376-04:00
NVDA,BULL,2026-09-16 15:00:00+00:00,STOPPED,57.7,False,True,215.13,215.46,213.94,215.3,214.11,216.48,1.19,4,False,2026-09-17 07:40:21.338376-04:00
ZBRA,BEAR,2026-09-16 19:00:00+00:00,WATCHING,57.7,True,False,343.6,346.36,341.26,344.98,347.62,342.33,2.65,0,False,2026-09-17 07:40:21.338376-04:00
DELL,BULL,2026-09-14 17:00:00+00:00,TARGET_HIT,57.7,False,True,536.78,540.89,563.32,538.84,525.73,551.95,13.11,16,False,2026-09-17 07:40:21.338376-04:00
CRM,BULL,2026-09-14 17:00:00+00:00,TARGET_HIT,57.4,False,True,256.77,257.07,250.23,256.92,254.05,259.79,2.87,17,False,2026-09-17 07:40:21.338376-04:00
FFIV,BULL,2026-09-16 18:00:00+00:00,IN_TRADE,57.4,True,True,420.82,423.14,423.74,421.98,417.42,426.54,4.56,1,False,2026-09-17 07:40:21.338376-04:00
ACN,BULL,2026-09-14 17:00:00+00:00,TARGET_HIT,57.3,False,True,192.49,193.03,189.73,192.76,190.59,194.93,2.17,17,False,2026-09-17 07:40:21.338376-04:00
CRM,BEAR,2026-09-15 18:00:00+00:00,WATCHING,57.0,False,False,259.19,260.04,250.23,259.62,262.66,256.57,3.04,8,True,2026-09-17 07:40:21.338376-04:00
AVGO,BEAR,2026-09-15 15:00:00+00:00,TARGET_HIT,56.9,False,True,342.81,343.58,339.4,343.2,346.7,339.69,3.51,12,False,2026-09-17 07:40:21.338376-04:00
GEN,BULL,2026-09-15 17:00:00+00:00,STOPPED,56.9,False,True,31.16,31.25,30.66,31.21,30.91,31.51,0.3,9,False,2026-09-17 07:40:21.338376-04:00
PLTR,BULL,2026-09-15 17:00:00+00:00,STOPPED,56.8,False,True,173.42,174.14,174.34,173.78,171.58,175.98,2.2,9,False,2026-09-17 07:40:21.338376-04:00
GEN,BULL,2026-09-14 17:00:00+00:00,STOPPED,56.7,False,True,31.31,31.34,30.66,31.33,31.05,31.61,0.28,16,False,2026-09-17 07:40:21.338376-04:00
FFIV,BULL,2026-09-15 16:00:00+00:00,TARGET_HIT,56.6,False,True,420.35,421.42,423.74,420.88,417.48,424.29,3.41,10,False,2026-09-17 07:40:21.338376-04:00
ADSK,BEAR,2026-09-15 18:00:00+00:00,WATCHING,56.6,False,False,229.51,230.61,220.43,230.06,233.26,226.87,3.2,8,True,2026-09-17 07:40:21.338376-04:00
VRSN,BULL,2026-09-15 17:00:00+00:00,TARGET_HIT,56.5,False,True,296.96,297.87,298.53,297.41,295.18,299.65,2.23,8,False,2026-09-17 07:40:21.338376-04:00
NTAP,BULL,2026-09-16 16:00:00+00:00,STOPPED,56.1,False,True,192.35,192.88,191.5,192.62,190.67,194.57,1.95,3,False,2026-09-17 07:40:21.338376-04:00
HPQ,BEAR,2026-09-15 16:00:00+00:00,TARGET_HIT,56.0,False,True,34.1,34.27,32.7,34.18,34.72,33.64,0.54,10,False,2026-09-17 07:40:21.338376-04:00
SWKS,BULL,2026-09-15 17:00:00+00:00,STOPPED,56.0,False,True,88.08,88.57,85.65,88.32,85.48,91.17,2.84,9,False,2026-09-17 07:40:21.338376-04:00
TYL,BULL,2026-09-16 17:00:00+00:00,IN_TRADE,55.9,False,True,347.24,348.64,346.51,347.94,343.79,352.09,4.15,2,True,2026-09-17 07:40:21.338376-04:00
SNPS,BEAR,2026-09-15 15:00:00+00:00,STOPPED,55.8,False,True,371.1,372.37,378.57,371.73,375.77,367.69,4.04,11,False,2026-09-17 07:40:21.338376-04:00
NVDA,BEAR,2026-09-14 14:00:00+00:00,STOPPED,55.5,False,True,211.69,212.13,213.94,211.91,213.75,210.07,1.84,20,False,2026-09-17 07:40:21.338376-04:00
HPQ,BEAR,2026-09-14 15:00:00+00:00,STOPPED,55.5,False,True,33.95,34.14,32.7,34.05,34.74,33.35,0.69,18,False,2026-09-17 07:40:21.338376-04:00
INTC,BULL,2026-09-16 14:00:00+00:00,TARGET_HIT,55.3,False,True,100.84,101.21,101.17,101.03,99.5,102.55,1.52,6,False,2026-09-17 07:40:21.338376-04:00
MPWR,BEAR,2026-09-15 17:00:00+00:00,STOPPED,55.3,False,True,1143.32,1148.09,1148.47,1145.7,1162.73,1128.68,17.03,9,False,2026-09-17 07:40:21.338376-04:00
FFIV,BULL,2026-09-15 17:00:00+00:00,TARGET_HIT,55.2,False,True,423.06,423.91,423.74,423.49,420.15,426.82,3.34,9,False,2026-09-17 07:40:21.338376-04:00
PLTR,BULL,2026-09-14 17:00:00+00:00,TARGET_HIT,55.1,False,True,171.93,172.47,174.34,172.2,170.38,174.01,1.81,16,False,2026-09-17 07:40:21.338376-04:00
IBM,BULL,2026-09-14 17:00:00+00:00,STOPPED,55.0,False,True,249.38,249.74,237.62,249.56,246.87,252.25,2.69,16,False,2026-09-17 07:40:21.338376-04:00
CRM,BULL,2026-09-15 14:00:00+00:00,STOPPED,54.8,False,True,255.26,255.53,250.23,255.39,252.73,258.06,2.67,12,False,2026-09-17 07:40:21.338376-04:00
AMAT,BEAR,2026-09-16 19:00:00+00:00,WATCHING,54.5,True,False,415.51,418.71,415.51,417.11,421.2,413.02,4.09,0,False,2026-09-17 07:40:21.338376-04:00
CIEN,BEAR,2026-09-16 17:00:00+00:00,STOPPED,54.5,False,True,340.06,341.0,340.61,340.53,345.41,335.65,4.88,2,False,2026-09-17 07:40:21.338376-04:00
PANW,BULL,2026-09-15 17:00:00+00:00,STOPPED,54.0,False,True,375.81,376.5,375.6,376.15,369.33,382.98,6.82,9,False,2026-09-17 07:40:21.338376-04:00
ANET,BULL,2026-09-14 18:00:00+00:00,TARGET_HIT,54.0,False,True,189.16,189.95,197.71,189.56,186.44,192.67,3.11,15,False,2026-09-17 07:40:21.338376-04:00
WDC,BEAR,2026-09-15 17:00:00+00:00,STOPPED,53.9,False,True,413.78,415.2,417.19,414.49,422.36,406.62,7.87,9,False,2026-09-17 07:40:21.338376-04:00
AMD,BULL,2026-09-14 18:00:00+00:00,TARGET_HIT,53.7,False,True,494.99,496.22,512.78,495.61,486.7,504.51,8.9,15,False,2026-09-17 07:40:21.338376-04:00
SNPS,BEAR,2026-09-14 19:00:00+00:00,WATCHING,53.4,False,False,385.78,387.06,378.57,386.42,389.83,383.01,3.41,14,True,2026-09-17 07:40:21.338376-04:00
FLEX,BEAR,2026-09-15 15:00:00+00:00,STOPPED,53.4,False,True,108.42,108.9,107.9,108.66,110.63,106.69,1.97,11,False,2026-09-17 07:40:21.338376-04:00
QCOM,BEAR,2026-09-16 17:00:00+00:00,WATCHING,53.4,False,False,188.34,188.8,184.91,188.57,191.41,185.73,2.84,2,True,2026-09-17 07:40:21.338376-04:00
JBL,BEAR,2026-09-15 15:00:00+00:00,STOPPED,53.4,False,True,297.95,298.76,297.36,298.36,302.67,294.04,4.31,11,False,2026-09-17 07:40:21.338376-04:00
CTSH,BEAR,2026-09-14 18:00:00+00:00,TARGET_HIT,53.3,False,True,63.76,63.84,61.86,63.8,64.48,63.11,0.69,15,False,2026-09-17 07:40:21.338376-04:00
TEL,BEAR,2026-09-16 19:00:00+00:00,WATCHING,53.3,True,False,202.54,203.68,202.29,203.11,204.93,201.29,1.82,0,False,2026-09-17 07:40:21.338376-04:00
CDNS,BULL,2026-09-15 16:00:00+00:00,TARGET_HIT,53.0,False,True,275.39,275.77,279.95,275.58,272.61,278.55,2.97,10,False,2026-09-17 07:40:21.338376-04:00
AMAT,BEAR,2026-09-16 17:00:00+00:00,TARGET_HIT,52.9,False,True,421.25,422.19,415.51,421.72,425.37,418.06,3.65,2,False,2026-09-17 07:40:21.338376-04:00
MSI,BULL,2026-09-16 17:00:00+00:00,STOPPED,52.7,False,True,464.33,465.19,460.54,464.76,461.6,467.92,3.16,2,False,2026-09-17 07:40:21.338376-04:00
ON,BULL,2026-09-16 17:00:00+00:00,STOPPED,52.5,False,True,72.24,72.4,66.59,72.32,71.23,73.41,1.09,2,False,2026-09-17 07:40:21.338376-04:00
Q,BEAR,2026-09-14 18:00:00+00:00,TARGET_HIT,52.3,False,True,117.63,117.92,114.91,117.78,119.37,116.18,1.6,15,False,2026-09-17 07:40:21.338376-04:00
TEL,BULL,2026-09-16 15:00:00+00:00,STOPPED,52.2,False,True,203.91,204.16,202.29,204.03,202.13,205.94,1.91,4,False,2026-09-17 07:40:21.338376-04:00
SNDK,BULL,2026-09-14 18:00:00+00:00,STOPPED,52.2,False,True,1554.74,1561.28,1520.14,1558.01,1530.79,1585.23,27.22,16,False,2026-09-17 07:40:21.338376-04:00
CDNS,BEAR,2026-09-14 19:00:00+00:00,TARGET_HIT,52.2,False,True,281.12,281.86,279.95,281.49,284.33,278.65,2.84,14,False,2026-09-17 07:40:21.338376-04:00
FTNT,BEAR,2026-09-16 16:00:00+00:00,IN_TRADE,52.1,False,True,171.93,172.14,171.75,172.03,173.9,170.17,1.87,3,True,2026-09-17 07:40:21.338376-04:00
KEYS,BEAR,2026-09-14 18:00:00+00:00,IN_TRADE,52.0,False,True,320.55,321.29,322.1,320.92,325.05,316.79,4.13,15,True,2026-09-17 07:40:21.338376-04:00
CDW,BEAR,2026-09-14 18:00:00+00:00,STOPPED,51.9,False,True,151.67,152.22,149.93,151.94,154.18,149.71,2.23,15,False,2026-09-17 07:40:21.338376-04:00
SMCI,BEAR,2026-09-15 17:00:00+00:00,STOPPED,51.9,False,True,36.23,36.33,36.85,36.28,37.07,35.49,0.79,9,False,2026-09-17 07:40:21.338376-04:00
CSCO,BEAR,2026-09-15 17:00:00+00:00,TARGET_HIT,51.8,False,True,110.38,110.55,107.72,110.46,111.36,109.56,0.9,9,False,2026-09-17 07:40:21.338376-04:00
TDY,BULL,2026-09-16 16:00:00+00:00,STOPPED,51.7,False,True,601.88,602.72,601.63,602.3,599.49,605.11,2.81,3,False,2026-09-17 07:40:21.338376-04:00
COHR,BEAR,2026-09-15 17:00:00+00:00,STOPPED,51.7,False,True,271.68,272.59,289.83,272.13,278.89,265.38,6.75,10,False,2026-09-17 07:40:21.338376-04:00
AKAM,BEAR,2026-09-16 17:00:00+00:00,TARGET_HIT,51.7,False,True,106.1,106.38,104.45,106.24,107.57,104.91,1.33,2,False,2026-09-17 07:40:21.338376-04:00
WDAY,BULL,2026-09-16 17:00:00+00:00,STOPPED,51.7,False,True,188.82,189.04,187.79,188.93,187.01,190.86,1.93,2,False,2026-09-17 07:40:21.338376-04:00
ORCL,BEAR,2026-09-15 14:00:00+00:00,TARGET_HIT,51.7,False,True,143.43,143.69,143.34,143.56,145.84,141.28,2.28,15,False,2026-09-17 07:40:21.338376-04:00
NOW,BEAR,2026-09-15 19:00:00+00:00,WATCHING,51.6,False,False,143.12,144.38,139.86,143.75,145.78,141.72,2.03,7,True,2026-09-17 07:40:21.338376-04:00
AVGO,BEAR,2026-09-16 17:00:00+00:00,TARGET_HIT,51.6,False,True,341.43,341.86,339.4,341.64,343.96,339.32,2.32,2,False,2026-09-17 07:40:21.338376-04:00
MU,BULL,2026-09-14 18:00:00+00:00,TARGET_HIT,51.6,False,True,925.38,928.54,929.75,926.96,912.98,940.94,13.98,20,False,2026-09-17 07:40:21.338376-04:00
INTU,BEAR,2026-09-16 19:00:00+00:00,WATCHING,51.6,True,False,320.64,321.88,318.08,321.26,325.2,317.33,3.94,0,False,2026-09-17 07:40:21.338376-04:00
AVGO,BEAR,2026-09-15 16:00:00+00:00,STOPPED,51.5,False,True,340.26,340.85,339.4,340.55,343.98,337.13,3.42,11,False,2026-09-17 07:40:21.338376-04:00
TRMB,BULL,2026-09-16 16:00:00+00:00,STOPPED,51.5,False,True,58.04,58.09,57.3,58.07,57.64,58.5,0.43,3,False,2026-09-17 07:40:21.338376-04:00
VRSN,BEAR,2026-09-14 18:00:00+00:00,TARGET_HIT,51.4,False,True,298.85,299.52,298.53,299.19,301.63,296.74,2.44,14,False,2026-09-17 07:40:21.338376-04:00
SNDK,BEAR,2026-09-15 16:00:00+00:00,TARGET_HIT,51.1,False,True,1535.53,1540.0,1520.14,1537.76,1566.49,1509.04,28.73,10,False,2026-09-17 07:40:21.338376-04:00
HPE,BEAR,2026-09-15 16:00:00+00:00,TARGET_HIT,51.0,False,True,56.53,56.68,56.57,56.61,58.02,55.19,1.41,10,False,2026-09-17 07:40:21.338376-04:00
MSI,BEAR,2026-09-15 17:00:00+00:00,WATCHING,51.0,False,False,469.61,470.21,460.54,469.91,474.63,465.18,4.73,9,True,2026-09-17 07:40:21.338376-04:00
LRCX,BULL,2026-09-15 19:00:00+00:00,TARGET_HIT,50.7,False,True,267.73,268.96,269.41,268.34,263.92,272.77,4.43,7,False,2026-09-17 07:40:21.338376-04:00
IBM,BEAR,2026-09-16 19:00:00+00:00,WATCHING,50.7,True,False,238.28,239.62,237.62,238.95,241.6,236.3,2.65,0,False,2026-09-17 07:40:21.338376-04:00
APH,BEAR,2026-09-16 17:00:00+00:00,TARGET_HIT,50.6,False,True,78.02,78.14,77.26,78.08,78.72,77.44,0.64,2,False,2026-09-17 07:40:21.338376-04:00
WDC,BULL,2026-09-14 18:00:00+00:00,STOPPED,50.4,False,True,430.23,431.12,417.19,430.68,422.1,439.25,8.57,15,False,2026-09-17 07:40:21.338376-04:00
MSFT,BEAR,2026-09-15 18:00:00+00:00,WATCHING,50.2,False,False,498.94,499.61,490.45,499.27,502.97,495.57,3.7,9,True,2026-09-17 07:40:21.338376-04:00
ROP,BEAR,2026-09-14 15:00:00+00:00,TARGET_HIT,50.1,False,True,397.17,397.74,375.85,397.46,400.58,394.33,3.13,18,False,2026-09-17 07:40:21.338376-04:00
TDY,BEAR,2026-09-15 18:00:00+00:00,STOPPED,49.8,False,True,598.85,599.9,601.63,599.38,602.78,595.97,3.41,7,False,2026-09-17 07:40:21.338376-04:00
INTU,BEAR,2026-09-15 19:00:00+00:00,WATCHING,49.7,False,False,333.42,335.46,318.08,334.44,339.53,329.35,5.09,7,True,2026-09-17 07:40:21.338376-04:00
CIEN,BEAR,2026-09-14 19:00:00+00:00,STOPPED,49.4,False,True,324.08,325.36,340.61,324.72,330.35,319.08,5.64,15,False,2026-09-17 07:40:21.338376-04:00
FFIV,BEAR,2026-09-16 16:00:00+00:00,STOPPED,49.3,False,True,420.82,421.36,423.74,421.09,425.34,416.84,4.25,3,False,2026-09-17 07:40:21.338376-04:00
LRCX,BEAR,2026-09-16 17:00:00+00:00,TARGET_HIT,49.0,False,True,272.62,273.03,269.41,272.82,275.79,269.86,2.96,2,False,2026-09-17 07:40:21.338376-04:00
AMAT,BULL,2026-09-15 19:00:00+00:00,STOPPED,48.9,False,True,418.73,419.28,415.51,419.0,415.34,422.67,3.66,7,False,2026-09-17 07:40:21.338376-04:00
HPQ,BEAR,2026-09-16 19:00:00+00:00,WATCHING,48.7,True,False,33.19,33.26,32.7,33.22,33.65,32.79,0.43,0,False,2026-09-17 07:40:21.338376-04:00
QCOM,BEAR,2026-09-16 19:00:00+00:00,WATCHING,48.2,True,False,185.68,186.7,184.91,186.19,189.23,183.15,3.04,0,False,2026-09-17 07:40:21.338376-04:00
VRSN,BEAR,2026-09-14 19:00:00+00:00,TARGET_HIT,47.6,False,True,298.94,299.87,298.53,299.4,301.83,296.98,2.42,13,False,2026-09-17 07:40:21.338376-04:00
ADSK,BEAR,2026-09-16 19:00:00+00:00,WATCHING,47.3,True,False,221.22,222.12,220.43,221.67,224.21,219.13,2.54,0,False,2026-09-17 07:40:21.338376-04:00
ADSK,BEAR,2026-09-16 15:00:00+00:00,TARGET_HIT,46.9,False,True,222.33,222.62,220.43,222.47,225.04,219.91,2.57,4,False,2026-09-17 07:40:21.338376-04:00
CTSH,BEAR,2026-09-15 19:00:00+00:00,WATCHING,46.9,False,False,63.91,64.14,61.86,64.02,64.88,63.17,0.86,7,True,2026-09-17 07:40:21.338376-04:00
ACN,BEAR,2026-09-15 19:00:00+00:00,WATCHING,46.9,False,False,196.28,196.84,189.73,196.56,199.21,193.91,2.65,8,True,2026-09-17 07:40:21.338376-04:00
ROP,BEAR,2026-09-16 19:00:00+00:00,WATCHING,46.6,True,False,376.75,377.55,375.85,377.15,380.12,374.18,2.97,0,False,2026-09-17 07:40:21.338376-04:00
APH,BEAR,2026-09-15 15:00:00+00:00,IN_TRADE,46.4,False,True,77.64,77.77,77.26,77.7,78.8,76.6,1.1,11,True,2026-09-17 07:40:21.338376-04:00
IBM,BEAR,2026-09-15 19:00:00+00:00,WATCHING,46.2,False,False,249.81,250.4,237.62,250.11,252.59,247.63,2.48,7,True,2026-09-17 07:40:21.338376-04:00
INTC,BEAR,2026-09-14 20:00:00+00:00,STOPPED,45.9,False,True,97.38,98.18,101.17,97.78,99.47,96.09,1.69,17,False,2026-09-17 07:40:21.338376-04:00
NTAP,BEAR,2026-09-16 19:00:00+00:00,WATCHING,45.6,True,False,191.92,192.91,191.5,192.41,194.35,190.48,1.94,0,False,2026-09-17 07:40:21.338376-04:00
VRSN,BULL,2026-09-16 17:00:00+00:00,STOPPED,45.5,False,True,299.88,300.27,298.53,300.07,298.32,301.83,1.75,2,False,2026-09-17 07:40:21.338376-04:00
WDC,BEAR,2026-09-16 19:00:00+00:00,WATCHING,45.4,True,False,421.32,424.26,417.19,422.79,429.07,416.51,6.28,0,False,2026-09-17 07:40:21.338376-04:00
MCHP,BULL,2026-09-15 19:00:00+00:00,STOPPED,45.1,False,True,70.86,71.05,69.6,70.95,70.09,71.82,0.87,7,False,2026-09-17 07:40:21.338376-04:00
ADBE,BEAR,2026-09-15 19:00:00+00:00,WATCHING,44.6,False,False,262.36,263.02,250.54,262.69,265.74,259.64,3.05,7,True,2026-09-17 07:40:21.338376-04:00
ZBRA,BEAR,2026-09-15 16:00:00+00:00,STOPPED,43.8,False,True,343.93,344.34,341.26,344.13,346.88,341.39,2.74,10,False,2026-09-17 07:40:21.338376-04:00
AMAT,BEAR,2026-09-14 20:00:00+00:00,TARGET_HIT,43.5,False,True,424.03,426.74,415.51,425.38,431.11,419.65,5.73,14,False,2026-09-17 07:40:21.338376-04:00
FSLR,BEAR,2026-09-15 19:00:00+00:00,TARGET_HIT,43.3,False,True,203.48,203.84,191.07,203.66,205.71,201.61,2.05,7,False,2026-09-17 07:40:21.338376-04:00
TER,BEAR,2026-09-16 19:00:00+00:00,WATCHING,42.8,True,False,341.46,342.82,341.37,342.14,346.7,337.58,4.56,0,False,2026-09-17 07:40:21.338376-04:00
STX,BEAR,2026-09-16 19:00:00+00:00,WATCHING,42.4,True,False,784.28,785.98,782.81,785.13,796.98,773.28,11.85,0,False,2026-09-17 07:40:21.338376-04:00
WDAY,BEAR,2026-09-14 19:00:00+00:00,TARGET_HIT,42.0,False,True,194.44,194.75,187.79,194.6,196.8,192.39,2.2,14,False,2026-09-17 07:40:21.338376-04:00
NVDA,BEAR,2026-09-16 19:00:00+00:00,WATCHING,41.4,True,False,214.47,214.72,213.94,214.59,215.9,213.29,1.3,0,False,2026-09-17 07:40:21.338376-04:00
VRSN,BEAR,2026-09-16 19:00:00+00:00,WATCHING,41.3,True,False,300.05,300.27,298.53,300.16,301.8,298.52,1.64,0,False,2026-09-17 07:40:21.338376-04:00
TDY,BEAR,2026-09-11 19:00:00+00:00,EXPIRED,41.2,False,False,605.97,606.71,601.63,606.34,609.05,603.62,2.72,20,False,2026-09-17 07:40:21.338376-04:00
LRCX,BEAR,2026-09-16 19:00:00+00:00,WATCHING,41.1,True,False,269.42,270.32,269.41,269.87,273.02,266.72,3.15,0,False,2026-09-17 07:40:21.338376-04:00
MU,BEAR,2026-09-16 19:00:00+00:00,IN_TRADE,41.1,True,True,927.08,929.0,929.75,928.04,935.97,920.11,7.93,1,False,2026-09-17 07:40:21.338376-04:00
GLW,BEAR,2026-09-16 19:00:00+00:00,WATCHING,41.0,True,False,144.41,144.78,144.22,144.6,146.45,142.74,1.85,0,False,2026-09-17 07:40:21.338376-04:00
APH,BEAR,2026-09-16 19:00:00+00:00,WATCHING,40.8,True,False,77.49,77.65,77.26,77.57,78.22,76.92,0.65,0,False,2026-09-17 07:40:21.338376-04:00
ACN,BEAR,2026-09-16 20:00:00+00:00,WATCHING,40.0,True,False,189.73,190.0,189.73,189.87,191.65,188.08,1.78,0,False,2026-09-17 07:40:21.338376-04:00
MSFT,BEAR,2026-09-16 19:00:00+00:00,WATCHING,39.6,True,False,492.19,492.8,490.45,492.5,495.17,489.82,2.67,0,False,2026-09-17 07:40:21.338376-04:00
AVGO,BEAR,2026-09-14 20:00:00+00:00,TARGET_HIT,39.4,False,True,344.82,345.79,339.4,345.3,348.36,342.24,3.06,16,False,2026-09-17 07:40:21.338376-04:00
ORCL,BEAR,2026-09-15 20:00:00+00:00,STOPPED,38.6,False,True,140.52,140.84,143.34,140.68,142.12,139.24,1.44,9,False,2026-09-17 07:40:21.338376-04:00
PTC,BEAR,2026-09-16 19:00:00+00:00,WATCHING,38.4,True,False,131.48,131.78,131.19,131.63,132.86,130.4,1.23,0,False,2026-09-17 07:40:21.338376-04:00
MU,BULL,2026-09-15 20:00:00+00:00,TARGET_HIT,37.8,False,True,925.42,927.68,929.75,926.55,919.03,934.07,7.52,9,False,2026-09-17 07:40:21.338376-04:00
MU,BEAR,2026-09-14 20:00:00+00:00,STOPPED,37.4,False,True,927.18,928.54,929.75,927.86,939.95,915.77,12.09,18,False,2026-09-17 07:40:21.338376-04:00
MU,BULL,2026-09-17 14:00:00+00:00,WATCHING,92.0,False,False,952.11,974.34,979.48,963.22,952.17,974.27,11.05,1,True,2026-09-17 11:31:59.884309-04:00
LRCX,BEAR,2026-09-17 14:00:00+00:00,WATCHING,91.8,False,False,271.17,280.21,268.91,275.69,279.63,271.75,3.94,1,True,2026-09-17 11:31:59.884309-04:00
VRSN,BULL,2026-09-17 15:00:00+00:00,WATCHING,89.5,False,False,296.21,300.92,301.59,298.57,296.61,300.52,1.95,0,True,2026-09-17 11:31:59.884309-04:00
INTC,BULL,2026-09-17 14:00:00+00:00,WATCHING,88.4,False,False,104.65,107.62,109.89,106.14,104.06,108.22,2.08,1,True,2026-09-17 11:31:59.884309-04:00
ON,BEAR,2026-09-16 19:00:00+00:00,TARGET_HIT,87.9,True,False,67.92,72.4,67.83,70.16,71.71,68.61,1.55,3,False,2026-09-17 11:31:59.884309-04:00
MCHP,BEAR,2026-09-16 19:00:00+00:00,STOPPED,86.4,True,True,69.62,71.26,70.38,70.44,71.18,69.7,0.74,3,False,2026-09-17 11:31:59.884309-04:00
NXPI,BEAR,2026-09-16 19:00:00+00:00,STOPPED,85.9,True,True,219.15,223.07,223.24,221.11,223.34,218.88,2.23,3,False,2026-09-17 11:31:59.884309-04:00
FSLR,BEAR,2026-09-16 15:00:00+00:00,TARGET_HIT,82.5,False,True,196.28,198.91,198.63,197.59,200.07,195.12,2.47,7,False,2026-09-17 11:31:59.884309-04:00
CRWD,BULL,2026-09-17 14:00:00+00:00,WATCHING,81.9,False,False,238.57,242.74,245.35,240.66,236.84,244.47,3.81,1,True,2026-09-17 11:31:59.884309-04:00
CSCO,BEAR,2026-09-16 19:00:00+00:00,STOPPED,79.1,True,True,109.28,110.37,111.03,109.83,110.7,108.95,0.87,3,False,2026-09-17 11:31:59.884309-04:00
TXN,BEAR,2026-09-16 19:00:00+00:00,STOPPED,78.3,True,True,260.6,264.15,258.1,262.38,264.76,259.99,2.38,3,False,2026-09-17 11:31:59.884309-04:00
ZBRA,BULL,2026-09-17 15:00:00+00:00,WATCHING,77.3,False,False,343.0,345.72,345.72,344.36,342.08,346.64,2.28,0,True,2026-09-17 11:31:59.884309-04:00
SMCI,BULL,2026-09-17 15:00:00+00:00,WATCHING,76.6,False,False,39.44,40.3,40.39,39.87,38.92,40.81,0.94,0,True,2026-09-17 11:31:59.884309-04:00
Q,BEAR,2026-09-14 16:00:00+00:00,TARGET_HIT,74.7,False,False,118.74,120.22,117.27,119.48,121.01,117.95,1.53,20,False,2026-09-17 11:31:59.884309-04:00
MPWR,BEAR,2026-09-16 19:00:00+00:00,STOPPED,74.6,True,True,1148.47,1164.53,1152.99,1156.5,1169.89,1143.11,13.39,3,False,2026-09-17 11:31:59.884309-04:00
NTAP,BULL,2026-09-17 15:00:00+00:00,WATCHING,74.4,False,False,196.37,198.09,198.33,197.23,195.19,199.26,2.04,0,True,2026-09-17 11:31:59.884309-04:00
FLEX,BEAR,2026-09-16 19:00:00+00:00,STOPPED,72.7,True,True,108.11,109.9,109.41,109.0,110.46,107.55,1.45,3,False,2026-09-17 11:31:59.884309-04:00
JBL,BEAR,2026-09-17 15:00:00+00:00,WATCHING,72.6,False,False,299.13,302.07,299.01,300.6,304.26,296.95,3.65,0,True,2026-09-17 11:31:59.884309-04:00
TXN,BEAR,2026-09-17 15:00:00+00:00,WATCHING,72.5,False,False,259.54,261.71,258.1,260.62,263.32,257.93,2.7,0,True,2026-09-17 11:31:59.884309-04:00
ORCL,BULL,2026-09-17 14:00:00+00:00,WATCHING,71.5,False,False,146.85,148.08,151.05,147.47,145.17,149.76,2.29,1,True,2026-09-17 11:31:59.884309-04:00
CRWD,BULL,2026-09-15 14:00:00+00:00,TARGET_HIT,71.5,False,False,230.94,234.79,245.35,232.87,228.52,237.21,4.35,17,False,2026-09-17 11:31:59.884309-04:00
JBL,BEAR,2026-09-16 19:00:00+00:00,STOPPED,70.4,True,True,298.07,301.84,299.01,299.95,303.4,296.51,3.44,3,False,2026-09-17 11:31:59.884309-04:00
AVGO,BEAR,2026-09-15 14:00:00+00:00,STOPPED,69.0,False,True,345.06,346.78,350.76,345.92,349.28,342.56,3.36,17,False,2026-09-17 11:31:59.884309-04:00
GLW,BEAR,2026-09-17 15:00:00+00:00,WATCHING,67.9,False,False,148.91,150.6,148.41,149.75,152.28,147.23,2.52,0,True,2026-09-17 11:31:59.884309-04:00
Q,BEAR,2026-09-16 19:00:00+00:00,STOPPED,67.9,True,True,115.03,116.47,117.27,115.75,117.28,114.22,1.53,3,False,2026-09-17 11:31:59.884309-04:00
HPQ,BULL,2026-09-17 15:00:00+00:00,WATCHING,67.6,False,False,32.95,33.24,33.28,33.09,32.75,33.44,0.35,0,True,2026-09-17 11:31:59.884309-04:00
FLEX,BEAR,2026-09-17 15:00:00+00:00,WATCHING,67.4,False,False,109.57,110.77,109.41,110.17,111.81,108.52,1.64,0,True,2026-09-17 11:31:59.884309-04:00
ORCL,BULL,2026-09-16 14:00:00+00:00,TARGET_HIT,67.2,False,True,141.42,142.47,151.05,141.94,139.89,144.0,2.06,10,False,2026-09-17 11:31:59.884309-04:00
CSCO,BULL,2026-09-17 15:00:00+00:00,WATCHING,66.8,False,False,110.25,110.83,111.03,110.54,109.54,111.54,1.0,0,True,2026-09-17 11:31:59.884309-04:00
COHR,BEAR,2026-09-17 15:00:00+00:00,WATCHING,65.8,False,False,295.79,299.59,293.89,297.69,304.82,290.56,7.13,0,True,2026-09-17 11:31:59.884309-04:00
ADI,BEAR,2026-09-16 19:00:00+00:00,STOPPED,65.3,True,True,362.2,365.46,361.02,363.83,366.93,360.73,3.1,3,False,2026-09-17 11:31:59.884309-04:00
HPE,BULL,2026-09-17 15:00:00+00:00,WATCHING,65.3,False,False,60.47,61.18,61.29,60.82,59.56,62.08,1.26,0,True,2026-09-17 11:31:59.884309-04:00
AMD,BULL,2026-09-17 14:00:00+00:00,WATCHING,65.2,False,False,529.5,532.95,544.71,531.22,523.22,539.22,8.0,1,True,2026-09-17 11:31:59.884309-04:00
AMAT,BEAR,2026-09-17 15:00:00+00:00,WATCHING,65.1,False,False,416.86,419.73,416.48,418.29,422.67,413.92,4.38,0,True,2026-09-17 11:31:59.884309-04:00
FFIV,BULL,2026-09-17 15:00:00+00:00,WATCHING,63.9,False,False,434.41,438.41,438.41,436.41,431.51,441.31,4.9,0,True,2026-09-17 11:31:59.884309-04:00
DELL,BULL,2026-09-17 15:00:00+00:00,WATCHING,63.5,False,False,581.42,585.14,587.19,583.28,573.14,593.42,10.14,0,True,2026-09-17 11:31:59.884309-04:00
AMD,BEAR,2026-09-16 19:00:00+00:00,STOPPED,63.4,True,True,514.29,520.85,544.71,517.57,525.25,509.89,7.68,4,False,2026-09-17 11:31:59.884309-04:00
LRCX,BEAR,2026-09-17 15:00:00+00:00,WATCHING,62.9,False,False,268.94,271.08,268.91,270.01,273.82,266.2,3.81,0,True,2026-09-17 11:31:59.884309-04:00
TDY,BEAR,2026-09-17 15:00:00+00:00,WATCHING,62.7,False,False,602.48,605.1,602.35,603.79,607.52,600.06,3.73,0,True,2026-09-17 11:31:59.884309-04:00
NXPI,BEAR,2026-09-16 18:00:00+00:00,TARGET_HIT,61.5,True,True,224.36,225.1,223.24,224.73,227.01,222.45,2.28,4,False,2026-09-17 11:31:59.884309-04:00
SWKS,BULL,2026-09-17 15:00:00+00:00,WATCHING,61.1,False,False,87.67,88.7,88.76,88.19,86.09,90.28,2.09,0,True,2026-09-17 11:31:59.884309-04:00
SNPS,BULL,2026-09-16 15:00:00+00:00,TARGET_HIT,60.3,False,True,373.97,376.09,383.39,375.03,370.43,379.63,4.6,7,False,2026-09-17 11:31:59.884309-04:00
CRWD,BULL,2026-09-16 15:00:00+00:00,STOPPED,60.1,False,True,241.45,242.57,245.35,242.01,238.31,245.71,3.7,9,False,2026-09-17 11:31:59.884309-04:00
FSLR,BEAR,2026-09-16 16:00:00+00:00,STOPPED,60.1,False,True,194.04,195.34,198.63,194.69,197.32,192.06,2.63,6,False,2026-09-17 11:31:59.884309-04:00
KLAC,BEAR,2026-09-16 19:00:00+00:00,STOPPED,59.4,True,True,167.78,169.41,168.19,168.59,170.46,166.73,1.86,4,False,2026-09-17 11:31:59.884309-04:00
PANW,BULL,2026-09-17 15:00:00+00:00,WATCHING,59.1,False,False,373.75,376.14,376.87,374.94,368.88,381.01,6.06,0,True,2026-09-17 11:31:59.884309-04:00
KLAC,BEAR,2026-09-17 15:00:00+00:00,WATCHING,58.9,False,False,168.32,169.09,168.19,168.7,170.55,166.86,1.85,0,True,2026-09-17 11:31:59.884309-04:00
JBL,BEAR,2026-09-16 18:00:00+00:00,TARGET_HIT,57.9,True,True,303.5,304.99,299.01,304.24,307.77,300.71,3.53,4,False,2026-09-17 11:31:59.884309-04:00
AMD,BULL,2026-09-17 15:00:00+00:00,WATCHING,57.7,False,False,539.55,541.5,544.71,540.52,532.43,548.62,8.1,0,True,2026-09-17 11:31:59.884309-04:00
ZBRA,BEAR,2026-09-16 19:00:00+00:00,TARGET_HIT,57.7,True,True,343.6,346.36,345.72,344.98,347.62,342.33,2.65,3,False,2026-09-17 11:31:59.884309-04:00
FFIV,BULL,2026-09-16 18:00:00+00:00,TARGET_HIT,57.4,True,True,420.82,423.14,438.41,421.98,417.42,426.54,4.56,4,False,2026-09-17 11:31:59.884309-04:00
ORCL,BULL,2026-09-17 15:00:00+00:00,WATCHING,56.9,False,False,149.57,150.14,151.05,149.85,147.59,152.12,2.26,0,True,2026-09-17 11:31:59.884309-04:00
DDOG,BULL,2026-09-17 15:00:00+00:00,WATCHING,56.9,False,False,236.03,236.95,237.85,236.49,233.22,239.77,3.28,0,True,2026-09-17 11:31:59.884309-04:00
TYL,BULL,2026-09-16 17:00:00+00:00,STOPPED,55.9,False,True,347.24,348.64,341.54,347.94,343.79,352.09,4.15,5,False,2026-09-17 11:31:59.884309-04:00
ADI,BEAR,2026-09-17 15:00:00+00:00,WATCHING,55.3,False,False,363.24,364.29,361.02,363.76,367.42,360.11,3.65,0,True,2026-09-17 11:31:59.884309-04:00
LITE,BEAR,2026-09-17 15:00:00+00:00,WATCHING,54.5,False,False,914.44,917.15,914.15,915.8,935.48,896.11,19.68,0,True,2026-09-17 11:31:59.884309-04:00
AMAT,BEAR,2026-09-16 19:00:00+00:00,STOPPED,54.5,True,True,415.51,418.71,416.48,417.11,421.2,413.02,4.09,3,False,2026-09-17 11:31:59.884309-04:00
MPWR,BEAR,2026-09-17 15:00:00+00:00,WATCHING,53.9,False,False,1152.99,1156.21,1152.99,1154.6,1168.1,1141.11,13.5,0,True,2026-09-17 11:31:59.884309-04:00
FTNT,BULL,2026-09-17 15:00:00+00:00,WATCHING,53.6,False,False,173.78,174.21,174.22,174.0,171.78,176.22,2.22,0,True,2026-09-17 11:31:59.884309-04:00
QCOM,BEAR,2026-09-16 17:00:00+00:00,STOPPED,53.4,False,True,188.34,188.8,187.81,188.57,191.41,185.73,2.84,5,False,2026-09-17 11:31:59.884309-04:00
TEL,BEAR,2026-09-16 19:00:00+00:00,STOPPED,53.3,True,True,202.54,203.68,202.76,203.11,204.93,201.29,1.82,3,False,2026-09-17 11:31:59.884309-04:00
FTNT,BEAR,2026-09-16 16:00:00+00:00,TARGET_HIT,52.1,False,True,171.93,172.14,174.22,172.03,173.9,170.17,1.87,6,False,2026-09-17 11:31:59.884309-04:00
KEYS,BEAR,2026-09-14 18:00:00+00:00,STOPPED,52.0,False,True,320.55,321.29,337.39,320.92,325.05,316.79,4.13,18,False,2026-09-17 11:31:59.884309-04:00
INTU,BEAR,2026-09-16 19:00:00+00:00,TARGET_HIT,51.6,True,True,320.64,321.88,321.35,321.26,325.2,317.33,3.94,3,False,2026-09-17 11:31:59.884309-04:00
GDDY,BULL,2026-09-17 15:00:00+00:00,WATCHING,51.2,False,False,98.28,98.48,99.33,98.38,97.21,99.55,1.17,0,True,2026-09-17 11:31:59.884309-04:00
AAPL,BEAR,2026-09-17 14:00:00+00:00,WATCHING,51.2,False,False,333.85,334.1,332.88,333.97,336.01,331.94,2.04,1,True,2026-09-17 11:31:59.884309-04:00
IBM,BEAR,2026-09-16 19:00:00+00:00,STOPPED,50.7,True,True,238.28,239.62,238.31,238.95,241.6,236.3,2.65,3,False,2026-09-17 11:31:59.884309-04:00
Q,BEAR,2026-09-17 15:00:00+00:00,WATCHING,50.6,False,False,117.4,117.61,117.27,117.5,119.12,115.89,1.61,0,True,2026-09-17 11:31:59.884309-04:00
MSFT,BEAR,2026-09-15 18:00:00+00:00,TARGET_HIT,50.2,False,True,498.94,499.61,495.85,499.27,502.97,495.57,3.7,12,False,2026-09-17 11:31:59.884309-04:00
HPQ,BEAR,2026-09-16 19:00:00+00:00,IN_TRADE,48.7,True,True,33.19,33.26,33.28,33.22,33.65,32.79,0.43,3,True,2026-09-17 11:31:59.884309-04:00
QCOM,BEAR,2026-09-16 19:00:00+00:00,STOPPED,48.2,True,True,185.68,186.7,187.81,186.19,189.23,183.15,3.04,3,False,2026-09-17 11:31:59.884309-04:00
APH,BEAR,2026-09-15 15:00:00+00:00,STOPPED,46.4,False,True,77.64,77.77,77.96,77.7,78.8,76.6,1.1,14,False,2026-09-17 11:31:59.884309-04:00
NTAP,BEAR,2026-09-16 19:00:00+00:00,STOPPED,45.6,True,True,191.92,192.91,198.33,192.41,194.35,190.48,1.94,3,False,2026-09-17 11:31:59.884309-04:00
WDC,BEAR,2026-09-16 19:00:00+00:00,STOPPED,45.4,True,True,421.32,424.26,424.23,422.79,429.07,416.51,6.28,3,False,2026-09-17 11:31:59.884309-04:00
TER,BEAR,2026-09-16 19:00:00+00:00,STOPPED,42.8,True,True,341.46,342.82,359.17,342.14,346.7,337.58,4.56,3,False,2026-09-17 11:31:59.884309-04:00
STX,BEAR,2026-09-16 19:00:00+00:00,STOPPED,42.4,True,True,784.28,785.98,802.23,785.13,796.98,773.28,11.85,3,False,2026-09-17 11:31:59.884309-04:00
NVDA,BEAR,2026-09-16 19:00:00+00:00,STOPPED,41.4,True,True,214.47,214.72,219.22,214.59,215.9,213.29,1.3,4,False,2026-09-17 11:31:59.884309-04:00
VRSN,BEAR,2026-09-16 19:00:00+00:00,TARGET_HIT,41.3,True,True,300.05,300.27,301.59,300.16,301.8,298.52,1.64,3,False,2026-09-17 11:31:59.884309-04:00
LRCX,BEAR,2026-09-16 19:00:00+00:00,STOPPED,41.1,True,True,269.42,270.32,268.91,269.87,273.02,266.72,3.15,4,False,2026-09-17 11:31:59.884309-04:00
MU,BEAR,2026-09-16 19:00:00+00:00,STOPPED,41.1,True,True,927.08,929.0,979.48,928.04,935.97,920.11,7.93,5,False,2026-09-17 11:31:59.884309-04:00
GLW,BEAR,2026-09-16 19:00:00+00:00,STOPPED,41.0,True,True,144.41,144.78,148.41,144.6,146.45,142.74,1.85,4,False,2026-09-17 11:31:59.884309-04:00
APH,BEAR,2026-09-16 19:00:00+00:00,STOPPED,40.8,True,True,77.49,77.65,77.96,77.57,78.22,76.92,0.65,3,False,2026-09-17 11:31:59.884309-04:00
ACN,BEAR,2026-09-16 20:00:00+00:00,STOPPED,40.0,True,True,189.73,190.0,190.56,189.87,191.65,188.08,1.78,3,False,2026-09-17 11:31:59.884309-04:00
MSFT,BEAR,2026-09-16 19:00:00+00:00,STOPPED,39.6,True,True,492.19,492.8,495.85,492.5,495.17,489.82,2.67,3,False,2026-09-17 11:31:59.884309-04:00
PTC,BEAR,2026-09-16 19:00:00+00:00,STOPPED,38.4,True,True,131.48,131.78,132.85,131.63,132.86,130.4,1.23,3,False,2026-09-17 11:31:59.884309-04:00
MU,BULL,2026-09-17 14:00:00+00:00,TARGET_HIT,92.0,False,False,952.11,974.34,975.74,963.22,952.17,974.27,11.05,3,False,2026-09-17 13:02:02.660335-04:00
HPQ,BULL,2026-09-17 17:00:00+00:00,WATCHING,90.9,False,False,33.41,34.3,34.34,33.85,33.47,34.24,0.38,0,True,2026-09-17 13:02:02.660335-04:00
PTC,BULL,2026-09-17 16:00:00+00:00,WATCHING,81.2,False,False,131.56,132.95,133.53,132.25,131.01,133.49,1.24,0,True,2026-09-17 13:02:02.660335-04:00
ZBRA,BULL,2026-09-17 15:00:00+00:00,IN_TRADE,73.3,False,False,343.0,345.34,345.21,344.17,341.89,346.45,2.28,1,True,2026-09-17 13:02:02.660335-04:00
JBL,BEAR,2026-09-17 15:00:00+00:00,IN_TRADE,72.9,False,False,299.18,302.07,298.72,300.62,304.28,296.97,3.66,1,True,2026-09-17 13:02:02.660335-04:00
TXN,BEAR,2026-09-17 15:00:00+00:00,IN_TRADE,72.2,False,False,259.54,261.71,259.83,260.62,263.32,257.93,2.7,2,True,2026-09-17 13:02:02.660335-04:00
GLW,BEAR,2026-09-17 15:00:00+00:00,IN_TRADE,67.8,False,False,148.91,150.6,148.18,149.75,152.28,147.23,2.52,2,True,2026-09-17 13:02:02.660335-04:00
FLEX,BEAR,2026-09-17 15:00:00+00:00,IN_TRADE,67.4,False,True,109.57,110.77,109.86,110.17,111.81,108.52,1.64,2,True,2026-09-17 13:02:02.660335-04:00
SWKS,BULL,2026-09-17 17:00:00+00:00,WATCHING,66.2,False,False,89.81,90.91,91.01,90.36,88.39,92.33,1.97,0,True,2026-09-17 13:02:02.660335-04:00
QCOM,BULL,2026-09-17 17:00:00+00:00,WATCHING,66.2,False,False,189.69,191.26,191.58,190.48,187.86,193.1,2.62,0,True,2026-09-17 13:02:02.660335-04:00
TRMB,BEAR,2026-09-16 19:00:00+00:00,TARGET_HIT,65.9,True,False,57.81,58.24,57.65,58.03,58.5,57.56,0.47,4,False,2026-09-17 13:02:02.660335-04:00
COHR,BEAR,2026-09-17 15:00:00+00:00,IN_TRADE,65.4,False,False,295.79,299.59,293.99,297.69,304.88,290.5,7.19,2,True,2026-09-17 13:02:02.660335-04:00
MPWR,BULL,2026-09-17 17:00:00+00:00,WATCHING,65.4,False,False,1154.88,1164.78,1166.0,1159.83,1146.2,1173.46,13.63,0,True,2026-09-17 13:02:02.660335-04:00
FSLR,BULL,2026-09-17 16:00:00+00:00,WATCHING,65.0,False,False,198.51,200.47,201.45,199.49,196.28,202.7,3.21,1,True,2026-09-17 13:02:02.660335-04:00
SMCI,BULL,2026-09-17 15:00:00+00:00,TARGET_HIT,64.8,False,False,39.44,39.95,40.86,39.69,38.72,40.66,0.97,2,False,2026-09-17 13:02:02.660335-04:00
CSCO,BULL,2026-09-17 15:00:00+00:00,IN_TRADE,64.6,False,False,110.25,110.81,110.73,110.53,109.53,111.53,1.0,1,True,2026-09-17 13:02:02.660335-04:00
SWKS,BULL,2026-09-17 16:00:00+00:00,WATCHING,63.1,False,False,89.27,89.86,91.01,89.56,87.53,91.6,2.04,1,True,2026-09-17 13:02:02.660335-04:00
AAPL,BULL,2026-09-17 16:00:00+00:00,WATCHING,63.0,False,False,333.85,334.86,336.11,334.35,332.14,336.56,2.21,0,True,2026-09-17 13:02:02.660335-04:00
TDY,BEAR,2026-09-17 15:00:00+00:00,IN_TRADE,61.1,False,False,602.96,605.1,602.27,604.03,607.79,600.26,3.76,1,True,2026-09-17 13:02:02.660335-04:00
INTC,BULL,2026-09-17 16:00:00+00:00,WATCHING,60.2,False,False,110.06,110.56,111.36,110.31,108.22,112.4,2.09,1,True,2026-09-17 13:02:02.660335-04:00
FFIV,BULL,2026-09-17 15:00:00+00:00,IN_TRADE,59.7,False,True,434.41,437.17,435.59,435.79,430.86,440.72,4.93,1,True,2026-09-17 13:02:02.660335-04:00
SNDK,BEAR,2026-09-17 17:00:00+00:00,WATCHING,59.3,False,False,1589.09,1598.43,1589.09,1593.76,1619.65,1567.87,25.89,0,True,2026-09-17 13:02:02.660335-04:00
PANW,BULL,2026-09-17 15:00:00+00:00,IN_TRADE,59.1,False,True,373.75,376.08,375.36,374.91,368.84,380.98,6.07,2,True,2026-09-17 13:02:02.660335-04:00
KLAC,BEAR,2026-09-17 15:00:00+00:00,IN_TRADE,59.0,False,False,168.32,169.09,168.18,168.7,170.55,166.86,1.85,2,True,2026-09-17 13:02:02.660335-04:00
VRSN,BULL,2026-09-17 16:00:00+00:00,WATCHING,58.9,False,False,300.59,301.56,301.56,301.07,299.17,302.98,1.91,0,True,2026-09-17 13:02:02.660335-04:00
DELL,BULL,2026-09-17 17:00:00+00:00,WATCHING,58.8,False,False,588.35,590.08,590.08,589.21,579.13,599.3,10.09,0,True,2026-09-17 13:02:02.660335-04:00
ORCL,BULL,2026-09-17 15:00:00+00:00,IN_TRADE,58.8,False,False,149.57,150.14,150.55,149.85,147.53,152.18,2.33,2,True,2026-09-17 13:02:02.660335-04:00
DDOG,BULL,2026-09-17 15:00:00+00:00,IN_TRADE,58.2,False,False,236.03,236.95,237.5,236.49,233.15,239.83,3.34,2,True,2026-09-17 13:02:02.660335-04:00
SNPS,BEAR,2026-09-17 17:00:00+00:00,WATCHING,58.0,False,False,379.29,380.91,379.29,380.1,383.78,376.42,3.68,0,True,2026-09-17 13:02:02.660335-04:00
AMD,BULL,2026-09-17 16:00:00+00:00,WATCHING,57.9,False,False,543.13,544.87,548.82,544.0,535.64,552.36,8.36,0,True,2026-09-17 13:02:02.660335-04:00
HPQ,BULL,2026-09-17 16:00:00+00:00,WATCHING,57.1,False,False,33.28,33.37,34.34,33.32,32.92,33.72,0.4,1,True,2026-09-17 13:02:02.660335-04:00
IT,BEAR,2026-09-17 16:00:00+00:00,WATCHING,56.5,False,False,188.9,189.76,188.86,189.33,191.42,187.24,2.09,0,True,2026-09-17 13:02:02.660335-04:00
NOW,BEAR,2026-09-17 17:00:00+00:00,WATCHING,56.5,False,False,138.28,138.91,138.19,138.59,140.1,137.09,1.5,0,True,2026-09-17 13:02:02.660335-04:00
FSLR,BULL,2026-09-17 17:00:00+00:00,WATCHING,56.4,False,False,200.47,201.45,201.45,200.96,197.77,204.15,3.19,0,True,2026-09-17 13:02:02.660335-04:00
ADI,BEAR,2026-09-17 15:00:00+00:00,IN_TRADE,55.3,False,True,363.24,364.29,363.95,363.76,367.42,360.11,3.66,1,True,2026-09-17 13:02:02.660335-04:00
INTC,BULL,2026-09-17 17:00:00+00:00,WATCHING,55.2,False,False,110.87,111.15,111.36,111.01,109.17,112.85,1.84,0,True,2026-09-17 13:02:02.660335-04:00
DELL,BULL,2026-09-17 15:00:00+00:00,IN_TRADE,54.4,False,True,581.42,582.5,590.08,581.96,571.64,592.28,10.32,2,True,2026-09-17 13:02:02.660335-04:00
TRMB,BULL,2026-09-17 16:00:00+00:00,WATCHING,54.4,False,False,57.5,57.64,57.65,57.57,57.13,58.01,0.44,0,True,2026-09-17 13:02:02.660335-04:00
FLEX,BULL,2026-09-17 17:00:00+00:00,WATCHING,53.9,False,False,109.57,109.86,109.86,109.72,108.08,111.35,1.63,0,True,2026-09-17 13:02:02.660335-04:00
NTAP,BULL,2026-09-17 16:00:00+00:00,WATCHING,53.1,False,False,198.03,198.23,198.76,198.13,196.13,200.13,2.0,0,True,2026-09-17 13:02:02.660335-04:00
GDDY,BULL,2026-09-17 15:00:00+00:00,IN_TRADE,52.1,False,True,98.28,98.48,98.03,98.38,97.21,99.55,1.17,1,True,2026-09-17 13:02:02.660335-04:00
FTNT,BULL,2026-09-17 15:00:00+00:00,IN_TRADE,51.4,False,True,173.78,174.11,173.79,173.95,171.72,176.18,2.23,2,True,2026-09-17 13:02:02.660335-04:00
AKAM,BEAR,2026-09-17 16:00:00+00:00,WATCHING,51.3,False,False,107.42,107.58,107.14,107.5,108.89,106.12,1.38,0,True,2026-09-17 13:02:02.660335-04:00
AAPL,BEAR,2026-09-17 14:00:00+00:00,STOPPED,51.2,False,True,333.85,334.1,336.11,333.97,336.01,331.94,2.04,2,False,2026-09-17 13:02:02.660335-04:00
LRCX,BEAR,2026-09-17 17:00:00+00:00,WATCHING,51.1,False,False,267.47,268.14,267.47,267.81,271.56,264.06,3.75,0,True,2026-09-17 13:02:02.660335-04:00
Q,BEAR,2026-09-17 15:00:00+00:00,IN_TRADE,50.6,False,True,117.4,117.61,117.12,117.5,119.12,115.89,1.61,1,True,2026-09-17 13:02:02.660335-04:00
TXN,BULL,2026-09-17 17:00:00+00:00,WATCHING,50.5,False,False,259.54,259.81,259.83,259.67,257.07,262.27,2.6,0,True,2026-09-17 13:02:02.660335-04:00
FFIV,BEAR,2026-09-17 16:00:00+00:00,WATCHING,49.6,False,False,435.59,436.67,435.59,436.13,441.04,431.22,4.91,0,True,2026-09-17 13:02:02.660335-04:00
HPQ,BEAR,2026-09-16 19:00:00+00:00,STOPPED,48.7,True,True,33.19,33.26,34.34,33.22,33.65,32.79,0.43,5,False,2026-09-17 13:02:02.660335-04:00
FTNT,BEAR,2026-09-17 17:00:00+00:00,WATCHING,46.5,False,False,173.8,174.11,173.79,173.96,176.0,171.91,2.04,0,True,2026-09-17 13:02:02.660335-04:00
PANW,BEAR,2026-09-17 17:00:00+00:00,WATCHING,45.5,False,False,375.36,376.08,375.36,375.72,381.13,370.31,5.41,0,True,2026-09-17 13:02:02.660335-04:00
NTAP,BULL,2026-09-17 15:00:00+00:00,IN_TRADE,74.4,False,True,196.37,198.05,197.11,197.21,195.17,199.24,2.04,4,True,2026-09-17 16:05:50.777686-04:00
ZBRA,BULL,2026-09-17 15:00:00+00:00,TARGET_HIT,73.3,False,False,343.0,345.34,348.27,344.17,341.89,346.45,2.28,4,False,2026-09-17 16:05:50.777686-04:00
JBL,BEAR,2026-09-17 15:00:00+00:00,TARGET_HIT,72.9,False,False,299.18,302.07,295.96,300.62,304.28,296.97,3.66,4,False,2026-09-17 16:05:50.777686-04:00
TXN,BEAR,2026-09-17 15:00:00+00:00,TARGET_HIT,72.2,False,False,259.54,261.71,258.07,260.62,263.32,257.93,2.7,4,False,2026-09-17 16:05:50.777686-04:00
MPWR,BULL,2026-09-17 17:00:00+00:00,IN_TRADE,65.4,False,False,1154.88,1164.78,1169.27,1159.83,1146.03,1173.63,13.8,2,True,2026-09-17 16:05:50.777686-04:00
AMAT,BEAR,2026-09-17 15:00:00+00:00,IN_TRADE,65.1,False,True,416.86,419.73,417.26,418.29,422.67,413.92,4.38,4,True,2026-09-17 16:05:50.777686-04:00
SWKS,BULL,2026-09-17 16:00:00+00:00,IN_TRADE,63.1,False,False,89.27,89.86,91.3,89.56,87.53,91.6,2.04,3,True,2026-09-17 16:05:50.777686-04:00
LRCX,BEAR,2026-09-17 15:00:00+00:00,IN_TRADE,62.5,False,True,269.02,271.08,269.17,270.05,273.86,266.24,3.81,4,True,2026-09-17 16:05:50.777686-04:00
NXPI,BULL,2026-09-17 19:00:00+00:00,WATCHING,61.7,False,False,225.96,227.21,228.0,226.59,224.24,228.93,2.34,0,True,2026-09-17 16:05:50.777686-04:00
HPE,BULL,2026-09-17 15:00:00+00:00,IN_TRADE,61.4,False,False,60.47,60.98,61.04,60.72,59.45,62.0,1.27,4,True,2026-09-17 16:05:50.777686-04:00
PTC,BULL,2026-09-17 17:00:00+00:00,WATCHING,61.1,False,False,133.15,133.51,134.41,133.33,132.08,134.58,1.25,2,True,2026-09-17 16:05:50.777686-04:00
ANET,BEAR,2026-09-17 18:00:00+00:00,IN_TRADE,60.4,False,True,199.68,201.38,199.53,200.53,203.57,197.49,3.04,1,True,2026-09-17 16:05:50.777686-04:00
INTC,BULL,2026-09-17 16:00:00+00:00,IN_TRADE,60.2,False,True,110.06,110.56,108.75,110.31,108.22,112.4,2.09,3,True,2026-09-17 16:05:50.777686-04:00
ANET,BEAR,2026-09-17 17:00:00+00:00,WATCHING,59.5,False,False,201.52,202.78,199.53,202.15,205.1,199.2,2.95,2,True,2026-09-17 16:05:50.777686-04:00
VRSN,BULL,2026-09-17 16:00:00+00:00,IN_TRADE,58.9,False,False,300.59,301.56,301.96,301.07,299.17,302.98,1.91,3,True,2026-09-17 16:05:50.777686-04:00
PTC,BULL,2026-09-17 18:00:00+00:00,IN_TRADE,58.2,False,False,133.74,134.21,134.41,133.98,132.72,135.24,1.26,1,True,2026-09-17 16:05:50.777686-04:00
AMD,BULL,2026-09-17 16:00:00+00:00,IN_TRADE,57.9,False,True,543.13,544.87,544.86,544.0,535.64,552.36,8.36,3,True,2026-09-17 16:05:50.777686-04:00
NXPI,BULL,2026-09-17 17:00:00+00:00,WATCHING,57.8,False,False,223.7,224.59,228.0,224.14,221.8,226.49,2.34,2,True,2026-09-17 16:05:50.777686-04:00
KEYS,BEAR,2026-09-17 18:00:00+00:00,IN_TRADE,57.3,False,True,332.24,333.84,331.39,333.04,337.2,328.88,4.16,1,True,2026-09-17 16:05:50.777686-04:00
IT,BEAR,2026-09-17 16:00:00+00:00,IN_TRADE,56.5,False,True,188.9,189.76,187.79,189.33,191.42,187.24,2.09,3,True,2026-09-17 16:05:50.777686-04:00
MSI,BEAR,2026-09-17 17:00:00+00:00,IN_TRADE,55.8,False,False,459.74,460.74,459.56,460.24,463.19,457.29,2.95,2,True,2026-09-17 16:05:50.777686-04:00
SNPS,BEAR,2026-09-17 17:00:00+00:00,IN_TRADE,55.2,False,True,379.89,380.91,381.31,380.4,384.22,376.58,3.82,2,True,2026-09-17 16:05:50.777686-04:00
AAPL,BULL,2026-09-17 17:00:00+00:00,WATCHING,54.7,False,False,334.93,335.3,337.09,335.12,332.96,337.27,2.15,2,True,2026-09-17 16:05:50.777686-04:00
TRMB,BULL,2026-09-17 16:00:00+00:00,IN_TRADE,54.4,False,True,57.5,57.64,57.31,57.57,57.13,58.01,0.44,3,True,2026-09-17 16:05:50.777686-04:00
DELL,BULL,2026-09-17 15:00:00+00:00,TARGET_HIT,54.4,False,True,581.42,582.5,588.42,581.96,571.64,592.28,10.32,4,False,2026-09-17 16:05:50.777686-04:00
FSLR,BULL,2026-09-17 17:00:00+00:00,IN_TRADE,53.9,False,True,200.47,201.24,201.25,200.85,197.52,204.19,3.34,2,True,2026-09-17 16:05:50.777686-04:00
NXPI,BULL,2026-09-17 18:00:00+00:00,WATCHING,53.7,False,False,224.75,225.59,228.0,225.17,222.84,227.5,2.33,1,True,2026-09-17 16:05:50.777686-04:00
CIEN,BEAR,2026-09-17 18:00:00+00:00,WATCHING,53.6,False,False,352.76,354.36,344.36,353.56,363.45,343.67,9.89,1,True,2026-09-17 16:05:50.777686-04:00
NTAP,BULL,2026-09-17 16:00:00+00:00,IN_TRADE,53.1,False,True,198.03,198.23,197.11,198.13,196.13,200.13,2.0,3,True,2026-09-17 16:05:50.777686-04:00
QCOM,BULL,2026-09-17 17:00:00+00:00,IN_TRADE,53.0,False,True,189.69,189.97,188.64,189.83,187.11,192.56,2.72,2,True,2026-09-17 16:05:50.777686-04:00
CSCO,BEAR,2026-09-17 18:00:00+00:00,IN_TRADE,53.0,False,True,110.3,110.56,110.19,110.43,111.39,109.47,0.96,1,True,2026-09-17 16:05:50.777686-04:00
GDDY,BEAR,2026-09-17 17:00:00+00:00,IN_TRADE,52.8,False,True,98.24,98.48,98.12,98.36,99.56,97.17,1.19,2,True,2026-09-17 16:05:50.777686-04:00
FLEX,BULL,2026-09-17 18:00:00+00:00,IN_TRADE,51.6,False,True,110.25,110.48,109.03,110.37,108.67,112.06,1.69,1,True,2026-09-17 16:05:50.777686-04:00
AKAM,BEAR,2026-09-17 16:00:00+00:00,IN_TRADE,51.3,False,True,107.42,107.58,107.03,107.5,108.89,106.12,1.38,3,True,2026-09-17 16:05:50.777686-04:00
KLAC,BULL,2026-09-17 18:00:00+00:00,WATCHING,51.3,False,False,168.4,168.71,168.81,168.56,166.75,170.36,1.81,1,True,2026-09-17 16:05:50.777686-04:00
NTAP,BEAR,2026-09-17 18:00:00+00:00,IN_TRADE,50.9,False,True,197.8,198.23,197.11,198.01,200.09,195.94,2.08,1,True,2026-09-17 16:05:50.777686-04:00
Q,BULL,2026-09-17 17:00:00+00:00,IN_TRADE,50.8,False,True,117.4,117.59,117.27,117.5,115.92,119.07,1.57,2,True,2026-09-17 16:05:50.777686-04:00
ORCL,BEAR,2026-09-17 18:00:00+00:00,IN_TRADE,50.3,False,True,149.71,150.06,150.58,149.88,151.92,147.85,2.03,1,True,2026-09-17 16:05:50.777686-04:00
TYL,BEAR,2026-09-17 17:00:00+00:00,IN_TRADE,49.9,False,True,339.45,339.91,341.5,339.68,342.95,336.41,3.27,2,True,2026-09-17 16:05:50.777686-04:00
FFIV,BEAR,2026-09-17 16:00:00+00:00,IN_TRADE,49.6,False,True,435.59,436.67,434.65,436.13,441.04,431.22,4.91,3,True,2026-09-17 16:05:50.777686-04:00
NOW,BEAR,2026-09-17 17:00:00+00:00,IN_TRADE,48.2,False,True,138.74,138.91,138.49,138.82,140.36,137.29,1.53,2,True,2026-09-17 16:05:50.777686-04:00
FICO,BULL,2026-09-17 17:00:00+00:00,IN_TRADE,46.5,False,False,964.89,967.15,967.64,966.02,956.99,975.06,9.04,2,True,2026-09-17 16:05:50.777686-04:00
SNDK,BULL,2026-09-17 19:00:00+00:00,WATCHING,46.5,False,False,1597.52,1604.28,1618.8,1600.9,1574.42,1627.37,26.47,1,True,2026-09-17 16:05:50.777686-04:00
TEL,BULL,2026-09-17 19:00:00+00:00,WATCHING,45.9,False,False,204.56,204.99,206.56,204.77,202.42,207.13,2.35,0,True,2026-09-17 16:05:50.777686-04:00
SNDK,BULL,2026-09-17 20:00:00+00:00,WATCHING,45.9,False,False,1610.34,1618.8,1618.8,1614.57,1590.58,1638.56,23.99,0,True,2026-09-17 16:05:50.777686-04:00
FFIV,BEAR,2026-09-17 17:00:00+00:00,IN_TRADE,45.9,False,True,436.16,437.17,434.65,436.67,441.52,431.81,4.85,2,True,2026-09-17 16:05:50.777686-04:00
TER,BEAR,2026-09-17 19:00:00+00:00,WATCHING,45.8,False,False,354.18,355.42,353.12,354.8,359.98,349.62,5.18,0,True,2026-09-17 16:05:50.777686-04:00
ZBRA,BULL,2026-09-17 19:00:00+00:00,WATCHING,45.2,False,False,345.49,345.88,348.27,345.69,343.5,347.87,2.18,0,True,2026-09-17 16:05:50.777686-04:00
VRSN,BULL,2026-09-17 17:00:00+00:00,IN_TRADE,44.6,False,True,302.04,302.3,301.96,302.17,300.27,304.06,1.9,2,True,2026-09-17 16:05:50.777686-04:00
CIEN,BEAR,2026-09-17 19:00:00+00:00,WATCHING,43.8,False,False,350.4,352.11,344.36,351.25,360.81,341.7,9.55,0,True,2026-09-17 16:05:50.777686-04:00
INTU,BEAR,2026-09-17 19:00:00+00:00,WATCHING,41.7,False,False,315.1,315.61,313.12,315.36,319.35,311.36,4.0,0,True,2026-09-17 16:05:50.777686-04:00
AVGO,BULL,2026-09-18 14:00:00+00:00,TARGET_HIT,92.1,False,False,349.49,357.3,357.27,353.39,349.53,357.25,3.86,1,False,2026-09-18 11:32:03.381574-04:00
LRCX,BEAR,2026-09-17 14:00:00+00:00,STOPPED,91.8,False,True,271.17,280.21,282.81,275.69,279.63,271.75,3.94,8,False,2026-09-18 11:32:03.381574-04:00
VRSN,BULL,2026-09-17 15:00:00+00:00,TARGET_HIT,90.0,False,False,296.21,300.92,304.28,298.57,296.58,300.55,1.99,7,False,2026-09-18 11:32:03.381574-04:00
INTC,BULL,2026-09-17 14:00:00+00:00,TARGET_HIT,88.4,False,False,104.65,107.62,107.28,106.14,104.06,108.22,2.08,10,False,2026-09-18 11:32:03.381574-04:00
HPQ,BULL,2026-09-17 17:00:00+00:00,TARGET_HIT,87.9,False,False,33.41,34.0,34.08,33.7,33.29,34.11,0.41,5,False,2026-09-18 11:32:03.381574-04:00
AMAT,BULL,2026-09-18 14:00:00+00:00,WATCHING,86.7,False,False,418.49,425.3,435.95,421.89,416.68,427.11,5.21,1,True,2026-09-18 11:32:03.381574-04:00
CRWD,BULL,2026-09-17 14:00:00+00:00,TARGET_HIT,81.9,False,True,238.57,242.74,238.08,240.66,236.84,244.47,3.81,9,False,2026-09-18 11:32:03.381574-04:00
PTC,BULL,2026-09-17 16:00:00+00:00,TARGET_HIT,81.2,False,False,131.56,132.95,134.5,132.25,131.01,133.49,1.24,6,False,2026-09-18 11:32:03.381574-04:00
GDDY,BULL,2026-09-18 15:00:00+00:00,WATCHING,79.6,False,False,96.66,98.18,98.26,97.42,96.1,98.74,1.32,0,True,2026-09-18 11:32:03.381574-04:00
CSCO,BEAR,2026-09-18 15:00:00+00:00,WATCHING,78.5,False,False,108.75,109.86,108.64,109.31,110.26,108.35,0.96,0,True,2026-09-18 11:32:03.381574-04:00
VRSN,BULL,2026-09-18 15:00:00+00:00,WATCHING,75.7,False,False,301.46,303.43,304.28,302.44,300.67,304.22,1.77,0,True,2026-09-18 11:32:03.381574-04:00
NTAP,BULL,2026-09-17 15:00:00+00:00,STOPPED,74.4,False,True,196.37,198.05,194.63,197.21,195.17,199.24,2.04,7,False,2026-09-18 11:32:03.381574-04:00
QCOM,BEAR,2026-09-18 15:00:00+00:00,WATCHING,73.9,False,False,181.26,183.69,179.55,182.48,185.62,179.33,3.14,0,True,2026-09-18 11:32:03.381574-04:00
ORCL,BULL,2026-09-17 14:00:00+00:00,TARGET_HIT,71.5,False,True,146.85,148.08,145.47,147.47,145.17,149.76,2.29,8,False,2026-09-18 11:32:03.381574-04:00
FSLR,BEAR,2026-09-18 15:00:00+00:00,WATCHING,69.9,False,False,194.56,196.8,192.89,195.68,198.38,192.99,2.69,0,True,2026-09-18 11:32:03.381574-04:00
MU,BULL,2026-09-18 14:00:00+00:00,WATCHING,68.9,False,False,982.1,989.15,990.05,985.62,975.82,995.43,9.8,1,True,2026-09-18 11:32:03.381574-04:00
GLW,BEAR,2026-09-17 15:00:00+00:00,STOPPED,67.8,False,True,148.91,150.6,150.71,149.75,152.28,147.23,2.52,7,False,2026-09-18 11:32:03.381574-04:00
FLEX,BEAR,2026-09-17 15:00:00+00:00,TARGET_HIT,67.4,False,True,109.57,110.77,108.27,110.17,111.81,108.52,1.64,7,False,2026-09-18 11:32:03.381574-04:00
MPWR,BULL,2026-09-17 17:00:00+00:00,TARGET_HIT,65.4,False,False,1154.88,1164.78,1202.8,1159.83,1146.03,1173.63,13.8,5,False,2026-09-18 11:32:03.381574-04:00
COHR,BEAR,2026-09-17 15:00:00+00:00,STOPPED,65.4,False,True,295.79,299.59,310.16,297.69,304.88,290.5,7.19,8,False,2026-09-18 11:32:03.381574-04:00
AMAT,BEAR,2026-09-17 15:00:00+00:00,STOPPED,65.1,False,True,416.86,419.73,435.95,418.29,422.67,413.92,4.38,8,False,2026-09-18 11:32:03.381574-04:00
FSLR,BULL,2026-09-17 16:00:00+00:00,STOPPED,65.0,False,True,198.51,200.47,192.89,199.49,196.28,202.7,3.21,6,False,2026-09-18 11:32:03.381574-04:00
SWKS,BULL,2026-09-17 15:00:00+00:00,TARGET_HIT,64.7,False,True,87.67,88.7,89.45,88.19,86.06,90.31,2.13,7,False,2026-09-18 11:32:03.381574-04:00
AKAM,BEAR,2026-09-18 15:00:00+00:00,WATCHING,64.7,False,False,103.49,104.45,103.49,103.97,105.45,102.49,1.48,0,True,2026-09-18 11:32:03.381574-04:00
CSCO,BULL,2026-09-17 15:00:00+00:00,STOPPED,64.6,False,True,110.25,110.81,108.64,110.53,109.53,111.53,1.0,7,False,2026-09-18 11:32:03.381574-04:00
INTC,BEAR,2026-09-18 15:00:00+00:00,WATCHING,64.4,False,False,107.64,108.58,107.28,108.11,109.68,106.54,1.57,0,True,2026-09-18 11:32:03.381574-04:00
SNDK,BULL,2026-09-18 15:00:00+00:00,WATCHING,64.0,False,False,1697.94,1709.55,1716.99,1703.75,1674.38,1733.12,29.37,0,True,2026-09-18 11:32:03.381574-04:00
AAPL,BEAR,2026-09-18 14:00:00+00:00,TARGET_HIT,63.8,False,False,335.49,336.9,335.02,336.19,338.48,333.91,2.28,1,False,2026-09-18 11:32:03.381574-04:00
MSFT,BEAR,2026-09-18 14:00:00+00:00,IN_TRADE,63.7,False,False,494.13,496.5,493.75,495.31,498.78,491.85,3.46,1,True,2026-09-18 11:32:03.381574-04:00
SWKS,BULL,2026-09-17 16:00:00+00:00,TARGET_HIT,63.1,False,True,89.27,89.86,89.45,89.56,87.53,91.6,2.04,6,False,2026-09-18 11:32:03.381574-04:00
AAPL,BULL,2026-09-17 16:00:00+00:00,TARGET_HIT,63.0,False,True,333.85,334.86,335.02,334.35,332.14,336.56,2.21,7,False,2026-09-18 11:32:03.381574-04:00
LRCX,BEAR,2026-09-17 15:00:00+00:00,STOPPED,62.5,False,True,269.02,271.08,282.81,270.05,273.86,266.24,3.81,7,False,2026-09-18 11:32:03.381574-04:00
IBM,BEAR,2026-09-18 15:00:00+00:00,WATCHING,62.4,False,False,230.3,231.75,229.91,231.03,233.38,228.68,2.35,0,True,2026-09-18 11:32:03.381574-04:00
MPWR,BULL,2026-09-18 15:00:00+00:00,WATCHING,62.3,False,False,1191.98,1197.97,1202.8,1194.98,1180.75,1209.21,14.23,0,True,2026-09-18 11:32:03.381574-04:00
NXPI,BULL,2026-09-17 19:00:00+00:00,TARGET_HIT,61.7,False,True,225.96,227.21,227.82,226.59,224.24,228.93,2.34,3,False,2026-09-18 11:32:03.381574-04:00
PTC,BULL,2026-09-17 17:00:00+00:00,TARGET_HIT,61.1,False,True,133.15,133.51,134.5,133.33,132.08,134.58,1.25,5,False,2026-09-18 11:32:03.381574-04:00
TDY,BEAR,2026-09-17 15:00:00+00:00,TARGET_HIT,61.1,False,True,602.96,605.1,600.0,604.03,607.79,600.26,3.76,7,False,2026-09-18 11:32:03.381574-04:00
ANET,BEAR,2026-09-17 18:00:00+00:00,TARGET_HIT,60.4,False,True,199.68,201.38,198.09,200.53,203.57,197.49,3.04,4,False,2026-09-18 11:32:03.381574-04:00
INTC,BULL,2026-09-17 16:00:00+00:00,STOPPED,60.2,False,True,110.06,110.56,107.28,110.31,108.22,112.4,2.09,8,False,2026-09-18 11:32:03.381574-04:00
COHR,BULL,2026-09-18 14:00:00+00:00,WATCHING,60.1,False,False,300.15,302.67,310.16,301.41,293.84,308.98,7.57,1,True,2026-09-18 11:32:03.381574-04:00
FFIV,BULL,2026-09-17 15:00:00+00:00,STOPPED,59.7,False,True,434.41,437.17,426.42,435.79,430.86,440.72,4.93,7,False,2026-09-18 11:32:03.381574-04:00
ANET,BEAR,2026-09-17 17:00:00+00:00,TARGET_HIT,59.5,False,False,201.52,202.78,198.09,202.15,205.1,199.2,2.95,5,False,2026-09-18 11:32:03.381574-04:00
PANW,BULL,2026-09-17 15:00:00+00:00,STOPPED,59.1,False,True,373.75,376.08,360.19,374.91,368.84,380.98,6.07,7,False,2026-09-18 11:32:03.381574-04:00
IT,BULL,2026-09-18 15:00:00+00:00,WATCHING,59.0,False,False,184.68,185.55,185.55,185.12,183.38,186.85,1.74,0,True,2026-09-18 11:32:03.381574-04:00
KLAC,BEAR,2026-09-17 15:00:00+00:00,STOPPED,59.0,False,True,168.32,169.09,173.5,168.7,170.55,166.86,1.85,7,False,2026-09-18 11:32:03.381574-04:00
VRSN,BULL,2026-09-17 16:00:00+00:00,TARGET_HIT,58.9,False,True,300.59,301.56,304.28,301.07,299.17,302.98,1.91,6,False,2026-09-18 11:32:03.381574-04:00
ORCL,BULL,2026-09-17 15:00:00+00:00,STOPPED,58.8,False,True,149.57,150.14,145.47,149.85,147.53,152.18,2.33,7,False,2026-09-18 11:32:03.381574-04:00
TRMB,BULL,2026-09-18 15:00:00+00:00,WATCHING,58.5,False,False,57.38,57.59,57.77,57.49,57.05,57.93,0.44,0,True,2026-09-18 11:32:03.381574-04:00
DDOG,BULL,2026-09-17 15:00:00+00:00,STOPPED,58.2,False,True,236.03,236.95,229.48,236.49,233.15,239.83,3.34,7,False,2026-09-18 11:32:03.381574-04:00
AMD,BULL,2026-09-17 16:00:00+00:00,TARGET_HIT,57.9,False,True,543.13,544.87,543.59,544.0,535.64,552.36,8.36,6,False,2026-09-18 11:32:03.381574-04:00
TYL,BULL,2026-09-18 15:00:00+00:00,WATCHING,57.8,False,False,337.88,338.82,339.24,338.35,335.5,341.2,2.85,0,True,2026-09-18 11:32:03.381574-04:00
IT,BEAR,2026-09-17 16:00:00+00:00,TARGET_HIT,56.5,False,True,188.9,189.76,185.55,189.33,191.42,187.24,2.09,6,False,2026-09-18 11:32:03.381574-04:00
LRCX,BULL,2026-09-18 15:00:00+00:00,WATCHING,56.3,False,False,280.44,281.29,282.81,280.87,276.38,285.35,4.48,0,True,2026-09-18 11:32:03.381574-04:00
MSI,BEAR,2026-09-17 17:00:00+00:00,TARGET_HIT,55.8,False,True,459.74,460.74,460.62,460.24,463.19,457.29,2.95,5,False,2026-09-18 11:32:03.381574-04:00
DELL,BEAR,2026-09-18 15:00:00+00:00,WATCHING,55.4,False,False,582.54,585.16,581.8,583.85,592.08,575.62,8.23,0,True,2026-09-18 11:32:03.381574-04:00
ADI,BEAR,2026-09-17 15:00:00+00:00,STOPPED,55.3,False,True,363.24,364.29,371.65,363.76,367.42,360.11,3.66,7,False,2026-09-18 11:32:03.381574-04:00
ADI,BULL,2026-09-18 15:00:00+00:00,WATCHING,55.2,False,False,368.48,369.27,371.65,368.87,365.28,372.47,3.6,0,True,2026-09-18 11:32:03.381574-04:00
SNPS,BEAR,2026-09-17 17:00:00+00:00,STOPPED,55.2,False,True,379.89,380.91,383.2,380.4,384.22,376.58,3.82,5,False,2026-09-18 11:32:03.381574-04:00
TDY,BEAR,2026-09-18 15:00:00+00:00,WATCHING,55.2,False,False,600.0,601.01,600.0,600.5,603.22,597.79,2.72,0,True,2026-09-18 11:32:03.381574-04:00
AMAT,BULL,2026-09-18 15:00:00+00:00,WATCHING,54.8,False,False,430.59,431.55,435.95,431.07,425.69,436.44,5.38,0,True,2026-09-18 11:32:03.381574-04:00
AAPL,BULL,2026-09-17 17:00:00+00:00,TARGET_HIT,54.7,False,True,334.93,335.3,335.02,335.12,332.96,337.27,2.15,6,False,2026-09-18 11:32:03.381574-04:00
TRMB,BULL,2026-09-17 16:00:00+00:00,STOPPED,54.4,False,True,57.5,57.64,57.77,57.57,57.13,58.01,0.44,6,False,2026-09-18 11:32:03.381574-04:00
SMCI,BEAR,2026-09-18 15:00:00+00:00,WATCHING,54.4,False,False,38.78,39.04,38.48,38.91,39.88,37.94,0.97,0,True,2026-09-18 11:32:03.381574-04:00
FSLR,BULL,2026-09-17 17:00:00+00:00,STOPPED,53.9,False,True,200.47,201.24,192.89,200.85,197.52,204.19,3.34,5,False,2026-09-18 11:32:03.381574-04:00
CIEN,BEAR,2026-09-17 18:00:00+00:00,TARGET_HIT,53.6,False,True,352.76,354.36,342.77,353.56,363.45,343.67,9.89,4,False,2026-09-18 11:32:03.381574-04:00
LITE,BEAR,2026-09-18 15:00:00+00:00,WATCHING,53.5,False,False,912.08,915.2,908.62,913.64,934.89,892.38,21.26,0,True,2026-09-18 11:32:03.381574-04:00
NTAP,BULL,2026-09-17 16:00:00+00:00,STOPPED,53.1,False,True,198.03,198.23,194.63,198.13,196.13,200.13,2.0,6,False,2026-09-18 11:32:03.381574-04:00
CSCO,BEAR,2026-09-17 18:00:00+00:00,TARGET_HIT,53.0,False,True,110.3,110.56,108.64,110.43,111.39,109.47,0.96,4,False,2026-09-18 11:32:03.381574-04:00
QCOM,BULL,2026-09-17 17:00:00+00:00,STOPPED,53.0,False,True,189.69,189.97,179.55,189.83,187.11,192.56,2.72,5,False,2026-09-18 11:32:03.381574-04:00
GDDY,BEAR,2026-09-17 17:00:00+00:00,TARGET_HIT,52.8,False,True,98.24,98.48,98.26,98.36,99.56,97.17,1.19,5,False,2026-09-18 11:32:03.381574-04:00
TXN,BULL,2026-09-18 15:00:00+00:00,WATCHING,52.8,False,False,263.03,263.36,264.13,263.19,260.46,265.92,2.73,0,True,2026-09-18 11:32:03.381574-04:00
FFIV,BEAR,2026-09-18 15:00:00+00:00,WATCHING,52.4,False,False,426.75,428.24,426.42,427.5,432.1,422.89,4.61,0,True,2026-09-18 11:32:03.381574-04:00
INTC,BEAR,2026-09-18 14:00:00+00:00,WATCHING,52.3,False,False,109.17,109.36,107.28,109.27,110.96,107.57,1.7,1,True,2026-09-18 11:32:03.381574-04:00
GDDY,BULL,2026-09-17 15:00:00+00:00,STOPPED,52.1,False,True,98.28,98.48,98.26,98.38,97.21,99.55,1.17,7,False,2026-09-18 11:32:03.381574-04:00
FLEX,BULL,2026-09-17 18:00:00+00:00,STOPPED,51.6,False,True,110.25,110.48,108.27,110.37,108.67,112.06,1.69,4,False,2026-09-18 11:32:03.381574-04:00
FTNT,BULL,2026-09-17 15:00:00+00:00,STOPPED,51.4,False,True,173.78,174.11,167.93,173.95,171.72,176.18,2.23,7,False,2026-09-18 11:32:03.381574-04:00
AKAM,BEAR,2026-09-17 16:00:00+00:00,TARGET_HIT,51.3,False,True,107.42,107.58,103.49,107.5,108.89,106.12,1.38,6,False,2026-09-18 11:32:03.381574-04:00
NTAP,BEAR,2026-09-17 18:00:00+00:00,TARGET_HIT,50.9,False,True,197.8,198.23,194.63,198.01,200.09,195.94,2.08,4,False,2026-09-18 11:32:03.381574-04:00
DDOG,BEAR,2026-09-18 15:00:00+00:00,WATCHING,50.9,False,False,229.85,230.25,229.48,230.05,233.1,226.99,3.05,0,True,2026-09-18 11:32:03.381574-04:00
Q,BULL,2026-09-17 17:00:00+00:00,TARGET_HIT,50.8,False,True,117.4,117.59,119.85,117.5,115.92,119.07,1.57,5,False,2026-09-18 11:32:03.381574-04:00
Q,BEAR,2026-09-17 15:00:00+00:00,STOPPED,50.6,False,True,117.4,117.61,119.85,117.5,119.12,115.89,1.61,7,False,2026-09-18 11:32:03.381574-04:00
ORCL,BEAR,2026-09-17 18:00:00+00:00,TARGET_HIT,50.3,False,True,149.71,150.06,145.47,149.88,151.92,147.85,2.03,4,False,2026-09-18 11:32:03.381574-04:00
TYL,BEAR,2026-09-17 17:00:00+00:00,TARGET_HIT,49.9,False,True,339.45,339.91,339.24,339.68,342.95,336.41,3.27,5,False,2026-09-18 11:32:03.381574-04:00
FFIV,BEAR,2026-09-17 16:00:00+00:00,TARGET_HIT,49.6,False,True,435.59,436.67,426.42,436.13,441.04,431.22,4.91,6,False,2026-09-18 11:32:03.381574-04:00
GEN,BEAR,2026-09-18 15:00:00+00:00,WATCHING,49.5,False,False,29.29,29.32,29.2,29.3,29.62,28.98,0.32,0,True,2026-09-18 11:32:03.381574-04:00
NOW,BEAR,2026-09-17 17:00:00+00:00,TARGET_HIT,48.2,False,True,138.74,138.91,136.77,138.82,140.36,137.29,1.53,5,False,2026-09-18 11:32:03.381574-04:00
FICO,BULL,2026-09-17 17:00:00+00:00,STOPPED,46.5,False,True,964.89,967.15,967.08,966.02,956.99,975.06,9.04,5,False,2026-09-18 11:32:03.381574-04:00
FFIV,BEAR,2026-09-17 17:00:00+00:00,TARGET_HIT,45.9,False,True,436.16,437.17,426.42,436.67,441.52,431.81,4.85,5,False,2026-09-18 11:32:03.381574-04:00
TEL,BULL,2026-09-17 19:00:00+00:00,TARGET_HIT,45.9,False,True,204.56,204.99,207.55,204.77,202.42,207.13,2.35,3,False,2026-09-18 11:32:03.381574-04:00
TER,BEAR,2026-09-17 19:00:00+00:00,STOPPED,45.8,False,True,354.18,355.42,362.1,354.8,359.98,349.62,5.18,3,False,2026-09-18 11:32:03.381574-04:00
ZBRA,BULL,2026-09-17 19:00:00+00:00,STOPPED,45.2,False,True,345.49,345.88,344.93,345.69,343.5,347.87,2.18,3,False,2026-09-18 11:32:03.381574-04:00
INTC,BEAR,2026-09-17 20:00:00+00:00,TARGET_HIT,45.2,False,True,109.33,110.27,107.28,109.8,111.46,108.14,1.66,4,False,2026-09-18 11:32:03.381574-04:00
VRSN,BULL,2026-09-17 17:00:00+00:00,TARGET_HIT,44.6,False,True,302.04,302.3,304.28,302.17,300.27,304.06,1.9,5,False,2026-09-18 11:32:03.381574-04:00
CIEN,BEAR,2026-09-17 19:00:00+00:00,TARGET_HIT,43.8,False,True,350.4,352.11,342.77,351.25,360.81,341.7,9.55,3,False,2026-09-18 11:32:03.381574-04:00
CSCO,BEAR,2026-09-18 15:00:00+00:00,IN_TRADE,78.6,False,False,108.75,109.86,108.81,109.31,110.27,108.34,0.97,2,False,2026-09-18 13:03:47.202318-04:00
GDDY,BULL,2026-09-18 15:00:00+00:00,IN_TRADE,72.5,False,False,96.66,97.7,97.79,97.18,95.84,98.53,1.34,1,False,2026-09-18 13:03:47.202318-04:00
QCOM,BEAR,2026-09-18 16:00:00+00:00,WATCHING,69.2,False,False,178.03,180.61,176.72,179.32,182.59,176.05,3.27,1,True,2026-09-18 13:03:47.202318-04:00
MU,BULL,2026-09-18 14:00:00+00:00,TARGET_HIT,68.9,False,False,982.1,989.15,995.79,985.62,975.82,995.43,9.8,3,False,2026-09-18 13:03:47.202318-04:00
APH,BEAR,2026-09-18 17:00:00+00:00,WATCHING,67.9,False,False,78.45,79.02,78.44,78.73,79.41,78.06,0.68,0,True,2026-09-18 13:03:47.202318-04:00
SNDK,BULL,2026-09-18 17:00:00+00:00,WATCHING,63.1,False,False,1727.62,1737.71,1740.26,1732.67,1703.5,1761.84,29.17,0,True,2026-09-18 13:03:47.202318-04:00
AKAM,BEAR,2026-09-18 15:00:00+00:00,IN_TRADE,62.2,False,True,103.64,104.45,103.93,104.05,105.54,102.55,1.49,2,True,2026-09-18 13:03:47.202318-04:00
MPWR,BULL,2026-09-18 15:00:00+00:00,IN_TRADE,61.1,False,True,1191.98,1197.97,1201.01,1194.98,1180.75,1209.21,14.23,2,True,2026-09-18 13:03:47.202318-04:00
HPQ,BULL,2026-09-18 16:00:00+00:00,WATCHING,59.5,False,False,34.03,34.21,34.38,34.12,33.66,34.58,0.46,1,True,2026-09-18 13:03:47.202318-04:00
TEL,BULL,2026-09-18 16:00:00+00:00,WATCHING,59.3,False,False,206.15,206.97,207.24,206.56,204.42,208.7,2.14,0,True,2026-09-18 13:03:47.202318-04:00
IT,BULL,2026-09-18 15:00:00+00:00,IN_TRADE,58.9,False,True,184.68,185.55,185.57,185.12,183.37,186.86,1.75,2,True,2026-09-18 13:03:47.202318-04:00
TRMB,BULL,2026-09-18 15:00:00+00:00,IN_TRADE,58.6,False,False,57.38,57.59,57.55,57.49,57.05,57.93,0.44,1,False,2026-09-18 13:03:47.202318-04:00
KLAC,BULL,2026-09-18 17:00:00+00:00,WATCHING,58.2,False,False,173.91,174.17,174.27,174.04,172.28,175.8,1.76,0,True,2026-09-18 13:03:47.202318-04:00
AVGO,BEAR,2026-09-18 16:00:00+00:00,WATCHING,58.1,False,False,355.81,357.3,353.94,356.55,360.29,352.82,3.73,1,True,2026-09-18 13:03:47.202318-04:00
FSLR,BEAR,2026-09-18 16:00:00+00:00,WATCHING,57.6,False,False,193.44,194.31,192.96,193.88,196.43,191.32,2.55,0,True,2026-09-18 13:03:47.202318-04:00
CRM,BEAR,2026-09-15 18:00:00+00:00,EXPIRED,57.0,False,False,259.19,260.04,239.07,259.62,262.66,256.57,3.04,20,False,2026-09-18 13:03:47.202318-04:00
CDNS,BEAR,2026-09-18 17:00:00+00:00,WATCHING,56.8,False,False,281.53,282.46,281.49,282.0,284.4,279.59,2.41,0,True,2026-09-18 13:03:47.202318-04:00
ADSK,BEAR,2026-09-15 18:00:00+00:00,EXPIRED,56.6,False,False,229.51,230.61,216.67,230.06,233.26,226.87,3.2,20,False,2026-09-18 13:03:47.202318-04:00
CRM,BEAR,2026-09-18 17:00:00+00:00,WATCHING,56.2,False,False,239.07,240.13,239.07,239.6,242.48,236.73,2.87,0,True,2026-09-18 13:03:47.202318-04:00
INTU,BEAR,2026-09-18 17:00:00+00:00,WATCHING,56.1,False,False,304.32,305.71,304.21,305.01,309.35,300.68,4.33,0,True,2026-09-18 13:03:47.202318-04:00
SMCI,BEAR,2026-09-18 15:00:00+00:00,IN_TRADE,55.3,False,False,38.8,39.04,38.74,38.92,39.89,37.95,0.97,2,False,2026-09-18 13:03:47.202318-04:00
CTSH,BEAR,2026-09-18 17:00:00+00:00,WATCHING,55.3,False,False,60.16,60.31,60.07,60.23,60.78,59.69,0.55,0,True,2026-09-18 13:03:47.202318-04:00
KLAC,BULL,2026-09-18 16:00:00+00:00,WATCHING,55.2,False,False,172.88,173.12,174.27,173.0,170.97,175.02,2.03,1,True,2026-09-18 13:03:47.202318-04:00
VRSN,BULL,2026-09-18 16:00:00+00:00,WATCHING,54.6,False,False,302.31,303.44,303.75,302.88,301.09,304.66,1.78,0,True,2026-09-18 13:03:47.202318-04:00
DELL,BEAR,2026-09-18 15:00:00+00:00,IN_TRADE,53.9,False,False,583.64,585.16,579.65,584.4,592.71,576.09,8.31,2,False,2026-09-18 13:03:47.202318-04:00
ADI,BULL,2026-09-18 15:00:00+00:00,IN_TRADE,53.9,False,True,368.48,369.27,370.14,368.87,365.28,372.47,3.6,2,True,2026-09-18 13:03:47.202318-04:00
NXPI,BULL,2026-09-17 18:00:00+00:00,TARGET_HIT,53.7,False,True,224.75,225.59,226.28,225.17,222.84,227.5,2.33,6,False,2026-09-18 13:03:47.202318-04:00
LITE,BEAR,2026-09-18 15:00:00+00:00,IN_TRADE,53.5,False,True,912.08,915.2,910.84,913.64,934.89,892.38,21.26,2,True,2026-09-18 13:03:47.202318-04:00
TYL,BULL,2026-09-18 15:00:00+00:00,IN_TRADE,53.1,False,False,337.88,338.17,339.82,338.02,335.13,340.92,2.9,2,False,2026-09-18 13:03:47.202318-04:00
TER,BEAR,2026-09-18 17:00:00+00:00,WATCHING,52.5,False,False,359.78,360.55,359.78,360.16,365.27,355.06,5.11,0,True,2026-09-18 13:03:47.202318-04:00
AVGO,BEAR,2026-09-18 17:00:00+00:00,WATCHING,52.4,False,False,354.27,355.06,353.94,354.66,358.16,351.17,3.5,0,True,2026-09-18 13:03:47.202318-04:00
AKAM,BULL,2026-09-18 17:00:00+00:00,WATCHING,52.1,False,False,103.64,103.93,103.93,103.78,102.38,105.19,1.41,0,True,2026-09-18 13:03:47.202318-04:00
NOW,BEAR,2026-09-15 19:00:00+00:00,EXPIRED,51.6,False,False,143.12,144.38,136.57,143.75,145.78,141.72,2.03,20,False,2026-09-18 13:03:47.202318-04:00
WDAY,BEAR,2026-09-18 17:00:00+00:00,WATCHING,51.6,False,False,194.25,194.73,194.25,194.49,197.38,191.61,2.88,0,True,2026-09-18 13:03:47.202318-04:00
QCOM,BEAR,2026-09-18 17:00:00+00:00,WATCHING,51.4,False,False,177.0,177.72,176.72,177.36,180.55,174.17,3.19,0,True,2026-09-18 13:03:47.202318-04:00
MRVL,BEAR,2026-09-18 17:00:00+00:00,WATCHING,51.4,False,False,237.18,237.54,237.13,237.36,240.53,234.19,3.17,0,True,2026-09-18 13:03:47.202318-04:00
ACN,BEAR,2026-09-18 17:00:00+00:00,WATCHING,50.4,False,False,182.96,183.16,182.96,183.06,184.74,181.38,1.68,0,True,2026-09-18 13:03:47.202318-04:00
ACN,BEAR,2026-09-15 19:00:00+00:00,EXPIRED,46.9,False,False,196.28,196.84,182.96,196.56,199.21,193.91,2.65,20,False,2026-09-18 13:03:47.202318-04:00
FFIV,BEAR,2026-09-18 15:00:00+00:00,IN_TRADE,46.6,False,False,427.75,428.24,425.38,428.0,432.67,423.32,4.68,2,False,2026-09-18 13:03:47.202318-04:00
