symbol,direction,formation_time,status,quality_score,entry,stop,target,risk_per_share,bars_since_formation,actionable,run_time
FTNT,BULL,2026-09-14 15:00:00+00:00,TARGET_HIT,92.4,165.7,163.56,167.84,2.14,18,False,2026-09-17 05:17:21.009137-04:00
PANW,BULL,2026-09-14 15:00:00+00:00,TARGET_HIT,92.2,362.56,356.28,368.83,6.27,18,False,2026-09-17 05:17:21.009137-04:00
ZBRA,BEAR,2026-09-15 15:00:00+00:00,TARGET_HIT,91.6,346.75,349.45,344.04,2.71,11,False,2026-09-17 05:17:21.009137-04:00
CRWD,BULL,2026-09-14 15:00:00+00:00,TARGET_HIT,91.4,231.49,226.84,236.14,4.65,20,False,2026-09-17 05:17:21.009137-04:00
FFIV,BEAR,2026-09-16 15:00:00+00:00,TARGET_HIT,91.0,426.62,430.86,422.37,4.25,4,False,2026-09-17 05:17:21.009137-04:00
SWKS,BEAR,2026-09-14 15:00:00+00:00,TARGET_HIT,89.0,83.03,85.41,80.64,2.38,18,False,2026-09-17 05:17:21.009137-04:00
ON,BEAR,2026-09-16 19:00:00+00:00,WATCHING,87.9,70.16,71.71,68.61,1.55,0,True,2026-09-17 05:17:21.009137-04:00
NOW,BULL,2026-09-15 16:00:00+00:00,TARGET_HIT,87.6,144.19,141.96,146.43,2.23,10,False,2026-09-17 05:17:21.009137-04:00
IT,BULL,2026-09-15 16:00:00+00:00,STOPPED,87.6,197.95,194.62,201.28,3.33,10,False,2026-09-17 05:17:21.009137-04:00
DDOG,BULL,2026-09-14 15:00:00+00:00,TARGET_HIT,87.0,226.05,223.39,228.7,2.65,18,False,2026-09-17 05:17:21.009137-04:00
MCHP,BEAR,2026-09-16 19:00:00+00:00,WATCHING,86.1,70.44,71.18,69.7,0.74,0,True,2026-09-17 05:17:21.009137-04:00
NXPI,BEAR,2026-09-16 19:00:00+00:00,WATCHING,85.2,221.11,223.34,218.88,2.23,0,True,2026-09-17 05:17:21.009137-04:00
COHR,BULL,2026-09-16 14:00:00+00:00,TARGET_HIT,84.2,282.23,277.66,286.79,4.56,5,False,2026-09-17 05:17:21.009137-04:00
ADSK,BULL,2026-09-14 16:00:00+00:00,STOPPED,84.0,226.13,223.54,228.73,2.59,17,False,2026-09-17 05:17:21.009137-04:00
FSLR,BEAR,2026-09-16 15:00:00+00:00,WATCHING,82.6,197.59,200.07,195.12,2.47,4,True,2026-09-17 05:17:21.009137-04:00
CTSH,BULL,2026-09-14 16:00:00+00:00,TARGET_HIT,82.3,63.45,62.78,64.12,0.67,17,False,2026-09-17 05:17:21.009137-04:00
IT,BULL,2026-09-14 16:00:00+00:00,TARGET_HIT,82.1,191.28,188.74,193.83,2.54,17,False,2026-09-17 05:17:21.009137-04:00
ACN,BULL,2026-09-14 16:00:00+00:00,TARGET_HIT,80.9,191.13,189.01,193.26,2.13,18,False,2026-09-17 05:17:21.009137-04:00
GDDY,BULL,2026-09-14 16:00:00+00:00,TARGET_HIT,80.6,102.85,101.67,104.03,1.18,17,False,2026-09-17 05:17:21.009137-04:00
MRVL,BULL,2026-09-16 14:00:00+00:00,TARGET_HIT,80.4,227.56,224.35,230.76,3.21,6,False,2026-09-17 05:17:21.009137-04:00
CSCO,BEAR,2026-09-16 19:00:00+00:00,WATCHING,78.5,109.83,110.7,108.95,0.87,0,True,2026-09-17 05:17:21.009137-04:00
TRMB,BULL,2026-09-15 16:00:00+00:00,STOPPED,77.7,58.95,58.55,59.34,0.39,10,False,2026-09-17 05:17:21.009137-04:00
TXN,BEAR,2026-09-16 19:00:00+00:00,WATCHING,77.3,262.38,264.76,259.99,2.38,0,True,2026-09-17 05:17:21.009137-04:00
TRMB,BULL,2026-09-14 15:00:00+00:00,TARGET_HIT,76.9,58.32,57.92,58.72,0.4,18,False,2026-09-17 05:17:21.009137-04:00
Q,BEAR,2026-09-14 16:00:00+00:00,WATCHING,75.0,119.48,121.01,117.95,1.53,17,True,2026-09-17 05:17:21.009137-04:00
CIEN,BEAR,2026-09-16 14:00:00+00:00,TARGET_HIT,74.9,345.08,349.9,340.25,4.82,5,False,2026-09-17 05:17:21.009137-04:00
MPWR,BEAR,2026-09-16 19:00:00+00:00,WATCHING,74.3,1156.5,1169.89,1143.11,13.39,0,True,2026-09-17 05:17:21.009137-04:00
CRM,BULL,2026-09-15 16:00:00+00:00,STOPPED,74.1,258.75,255.8,261.71,2.96,10,False,2026-09-17 05:17:21.009137-04:00
ZBRA,BULL,2026-09-14 15:00:00+00:00,STOPPED,73.9,348.46,345.65,351.27,2.81,18,False,2026-09-17 05:17:21.009137-04:00
PLTR,BULL,2026-09-14 16:00:00+00:00,TARGET_HIT,73.3,170.6,168.78,172.43,1.83,17,False,2026-09-17 05:17:21.009137-04:00
IT,BULL,2026-09-15 15:00:00+00:00,STOPPED,73.0,194.75,191.43,198.06,3.31,11,False,2026-09-17 05:17:21.009137-04:00
HPE,BULL,2026-09-15 14:00:00+00:00,TARGET_HIT,72.4,56.14,54.83,57.46,1.32,12,False,2026-09-17 05:17:21.009137-04:00
FLEX,BEAR,2026-09-16 19:00:00+00:00,WATCHING,72.3,109.0,110.46,107.55,1.45,0,True,2026-09-17 05:17:21.009137-04:00
CRWD,BULL,2026-09-15 14:00:00+00:00,WATCHING,72.0,232.87,228.52,237.21,4.35,13,True,2026-09-17 05:17:21.009137-04:00
FFIV,BULL,2026-09-15 15:00:00+00:00,TARGET_HIT,71.9,417.98,414.64,421.32,3.34,11,False,2026-09-17 05:17:21.009137-04:00
FSLR,BEAR,2026-09-15 15:00:00+00:00,TARGET_HIT,71.9,205.52,207.72,203.32,2.2,11,False,2026-09-17 05:17:21.009137-04:00
TDY,BULL,2026-09-15 16:00:00+00:00,STOPPED,71.6,598.49,595.4,601.57,3.08,9,False,2026-09-17 05:17:21.009137-04:00
CTSH,BULL,2026-09-14 15:00:00+00:00,TARGET_HIT,71.0,62.98,62.33,63.63,0.65,18,False,2026-09-17 05:17:21.009137-04:00
GEN,BULL,2026-09-14 16:00:00+00:00,STOPPED,70.9,31.09,30.8,31.39,0.3,17,False,2026-09-17 05:17:21.009137-04:00
ZBRA,BULL,2026-09-14 16:00:00+00:00,TARGET_HIT,70.8,350.89,348.15,353.63,2.74,17,False,2026-09-17 05:17:21.009137-04:00
MSFT,BULL,2026-09-14 16:00:00+00:00,STOPPED,70.1,503.2,499.42,506.97,3.77,19,False,2026-09-17 05:17:21.009137-04:00
TRMB,BULL,2026-09-14 16:00:00+00:00,TARGET_HIT,69.9,58.5,58.09,58.91,0.41,17,False,2026-09-17 05:17:21.009137-04:00
JBL,BEAR,2026-09-16 19:00:00+00:00,WATCHING,69.9,299.95,303.4,296.51,3.44,0,True,2026-09-17 05:17:21.009137-04:00
ACN,BULL,2026-09-15 16:00:00+00:00,STOPPED,69.6,195.77,193.21,198.34,2.56,11,False,2026-09-17 05:17:21.009137-04:00
Q,BEAR,2026-09-15 15:00:00+00:00,TARGET_HIT,69.2,115.39,117.1,113.68,1.71,11,False,2026-09-17 05:17:21.009137-04:00
AVGO,BEAR,2026-09-15 14:00:00+00:00,WATCHING,68.9,345.92,349.28,342.56,3.36,13,True,2026-09-17 05:17:21.009137-04:00
Q,BEAR,2026-09-15 16:00:00+00:00,STOPPED,68.6,113.57,115.3,111.84,1.73,10,False,2026-09-17 05:17:21.009137-04:00
IBM,BULL,2026-09-14 16:00:00+00:00,TARGET_HIT,67.5,247.78,244.96,250.61,2.83,17,False,2026-09-17 05:17:21.009137-04:00
Q,BEAR,2026-09-16 19:00:00+00:00,WATCHING,67.5,115.75,117.28,114.22,1.53,0,True,2026-09-17 05:17:21.009137-04:00
GDDY,BULL,2026-09-14 15:00:00+00:00,TARGET_HIT,66.5,102.01,100.86,103.15,1.15,18,False,2026-09-17 05:17:21.009137-04:00
ORCL,BULL,2026-09-16 14:00:00+00:00,IN_TRADE,66.5,141.94,139.89,144.0,2.06,6,True,2026-09-17 05:17:21.009137-04:00
NOW,BULL,2026-09-15 15:00:00+00:00,STOPPED,66.5,142.13,139.96,144.31,2.18,11,False,2026-09-17 05:17:21.009137-04:00
ZBRA,BULL,2026-09-16 15:00:00+00:00,STOPPED,66.3,345.01,342.59,347.43,2.42,4,False,2026-09-17 05:17:21.009137-04:00
ADSK,BULL,2026-09-14 15:00:00+00:00,TARGET_HIT,66.2,224.02,221.47,226.57,2.55,18,False,2026-09-17 05:17:21.009137-04:00
CRWD,BULL,2026-09-15 16:00:00+00:00,TARGET_HIT,65.8,238.37,233.42,243.31,4.95,11,False,2026-09-17 05:17:21.009137-04:00
FTNT,BULL,2026-09-15 17:00:00+00:00,TARGET_HIT,65.5,171.72,169.47,173.98,2.25,9,False,2026-09-17 05:17:21.009137-04:00
TRMB,BEAR,2026-09-16 19:00:00+00:00,WATCHING,65.5,58.03,58.5,57.56,0.47,0,True,2026-09-17 05:17:21.009137-04:00
GDDY,BULL,2026-09-15 16:00:00+00:00,STOPPED,65.3,103.44,102.12,104.76,1.32,10,False,2026-09-17 05:17:21.009137-04:00
CIEN,BULL,2026-09-15 15:00:00+00:00,TARGET_HIT,65.2,327.51,321.71,333.31,5.8,12,False,2026-09-17 05:17:21.009137-04:00
AAPL,BULL,2026-09-16 14:00:00+00:00,TARGET_HIT,64.7,332.12,330.33,333.92,1.8,5,False,2026-09-17 05:17:21.009137-04:00
MSFT,BULL,2026-09-14 17:00:00+00:00,STOPPED,64.7,506.56,502.81,510.31,3.75,18,False,2026-09-17 05:17:21.009137-04:00
LITE,BULL,2026-09-16 16:00:00+00:00,TARGET_HIT,64.6,902.45,887.91,917.0,14.55,4,False,2026-09-17 05:17:21.009137-04:00
ADI,BEAR,2026-09-16 19:00:00+00:00,WATCHING,64.5,363.83,366.93,360.73,3.1,0,True,2026-09-17 05:17:21.009137-04:00
TYL,BULL,2026-09-15 16:00:00+00:00,TARGET_HIT,64.0,351.65,346.88,356.43,4.77,10,False,2026-09-17 05:17:21.009137-04:00
MCHP,BEAR,2026-09-15 15:00:00+00:00,STOPPED,64.0,71.39,72.32,70.47,0.92,11,False,2026-09-17 05:17:21.009137-04:00
PTC,BULL,2026-09-15 16:00:00+00:00,STOPPED,64.0,136.05,134.66,137.45,1.39,10,False,2026-09-17 05:17:21.009137-04:00
DDOG,BULL,2026-09-14 17:00:00+00:00,STOPPED,63.9,231.13,228.46,233.81,2.67,16,False,2026-09-17 05:17:21.009137-04:00
NOW,BULL,2026-09-14 16:00:00+00:00,TARGET_HIT,63.6,140.57,138.42,142.73,2.15,17,False,2026-09-17 05:17:21.009137-04:00
ADSK,BULL,2026-09-14 17:00:00+00:00,STOPPED,63.5,228.48,225.95,231.01,2.53,16,False,2026-09-17 05:17:21.009137-04:00
AMD,BEAR,2026-09-16 19:00:00+00:00,WATCHING,63.1,517.57,525.25,509.89,7.68,0,True,2026-09-17 05:17:21.009137-04:00
VRSN,BULL,2026-09-14 15:00:00+00:00,STOPPED,63.1,300.06,297.86,302.27,2.21,17,False,2026-09-17 05:17:21.009137-04:00
ADSK,BULL,2026-09-15 16:00:00+00:00,STOPPED,63.0,229.94,226.96,232.92,2.98,10,False,2026-09-17 05:17:21.009137-04:00
TYL,BULL,2026-09-14 15:00:00+00:00,STOPPED,62.9,352.88,348.75,357.0,4.13,18,False,2026-09-17 05:17:21.009137-04:00
CSCO,BULL,2026-09-15 14:00:00+00:00,STOPPED,62.8,110.25,109.43,111.07,0.82,12,False,2026-09-17 05:17:21.009137-04:00
MPWR,BEAR,2026-09-14 15:00:00+00:00,TARGET_HIT,62.0,1161.24,1177.68,1144.81,16.44,18,False,2026-09-17 05:17:21.009137-04:00
DDOG,BULL,2026-09-15 16:00:00+00:00,TARGET_HIT,62.0,229.28,226.81,231.75,2.47,10,False,2026-09-17 05:17:21.009137-04:00
MSI,BEAR,2026-09-15 18:00:00+00:00,TARGET_HIT,61.5,468.18,472.84,463.51,4.66,8,False,2026-09-17 05:17:21.009137-04:00
AKAM,BULL,2026-09-15 16:00:00+00:00,STOPPED,61.5,105.9,104.07,107.74,1.83,10,False,2026-09-17 05:17:21.009137-04:00
NXPI,BEAR,2026-09-16 18:00:00+00:00,WATCHING,61.5,224.73,227.01,222.45,2.28,1,True,2026-09-17 05:17:21.009137-04:00
PTC,BEAR,2026-09-15 18:00:00+00:00,WATCHING,61.4,136.03,137.36,134.71,1.33,8,True,2026-09-17 05:17:21.009137-04:00
TYL,BULL,2026-09-14 17:00:00+00:00,STOPPED,61.3,357.63,353.46,361.81,4.17,16,False,2026-09-17 05:17:21.009137-04:00
MSI,BULL,2026-09-14 18:00:00+00:00,TARGET_HIT,61.3,472.61,468.44,476.78,4.17,15,False,2026-09-17 05:17:21.009137-04:00
CDW,BULL,2026-09-14 16:00:00+00:00,TARGET_HIT,61.2,151.58,149.26,153.91,2.32,17,False,2026-09-17 05:17:21.009137-04:00
IT,BEAR,2026-09-15 19:00:00+00:00,WATCHING,60.9,199.09,202.67,195.52,3.57,7,True,2026-09-17 05:17:21.009137-04:00
LRCX,BEAR,2026-09-15 15:00:00+00:00,STOPPED,60.9,269.38,273.94,264.83,4.55,11,False,2026-09-17 05:17:21.009137-04:00
IT,BULL,2026-09-14 17:00:00+00:00,TARGET_HIT,60.8,193.18,190.68,195.67,2.49,16,False,2026-09-17 05:17:21.009137-04:00
VRSN,BULL,2026-09-15 16:00:00+00:00,TARGET_HIT,60.4,296.32,294.04,298.61,2.29,9,False,2026-09-17 05:17:21.009137-04:00
CRWD,BULL,2026-09-16 15:00:00+00:00,IN_TRADE,60.3,242.01,238.31,245.71,3.7,5,True,2026-09-17 05:17:21.009137-04:00
SNPS,BULL,2026-09-16 15:00:00+00:00,IN_TRADE,60.3,375.03,370.43,379.63,4.6,4,True,2026-09-17 05:17:21.009137-04:00
ADBE,BULL,2026-09-15 16:00:00+00:00,STOPPED,60.2,262.06,258.31,265.81,3.75,10,False,2026-09-17 05:17:21.009137-04:00
GDDY,BULL,2026-09-14 17:00:00+00:00,STOPPED,60.2,104.1,102.94,105.27,1.16,16,False,2026-09-17 05:17:21.009137-04:00
Q,BEAR,2026-09-14 17:00:00+00:00,TARGET_HIT,60.2,118.38,119.95,116.81,1.57,16,False,2026-09-17 05:17:21.009137-04:00
ORCL,BEAR,2026-09-15 19:00:00+00:00,STOPPED,60.0,142.03,143.57,140.49,1.54,10,False,2026-09-17 05:17:21.009137-04:00
FSLR,BEAR,2026-09-16 16:00:00+00:00,WATCHING,59.8,194.69,197.32,192.06,2.63,3,True,2026-09-17 05:17:21.009137-04:00
ROP,BEAR,2026-09-16 18:00:00+00:00,WATCHING,59.6,378.25,381.09,375.41,2.84,1,True,2026-09-17 05:17:21.009137-04:00
ON,BEAR,2026-09-16 15:00:00+00:00,TARGET_HIT,59.4,72.45,73.52,71.39,1.06,4,False,2026-09-17 05:17:21.009137-04:00
CRM,BULL,2026-09-14 16:00:00+00:00,TARGET_HIT,59.3,255.84,252.94,258.74,2.9,18,False,2026-09-17 05:17:21.009137-04:00
MU,BEAR,2026-09-16 14:00:00+00:00,TARGET_HIT,59.1,935.82,944.25,927.39,8.43,6,False,2026-09-17 05:17:21.009137-04:00
DDOG,BEAR,2026-09-16 17:00:00+00:00,TARGET_HIT,58.7,234.39,237.15,231.62,2.76,2,False,2026-09-17 05:17:21.009137-04:00
KLAC,BEAR,2026-09-16 19:00:00+00:00,WATCHING,58.7,168.59,170.46,166.73,1.86,1,True,2026-09-17 05:17:21.009137-04:00
NOW,BEAR,2026-09-15 18:00:00+00:00,WATCHING,58.5,145.17,147.56,142.77,2.4,8,True,2026-09-17 05:17:21.009137-04:00
FFIV,BULL,2026-09-15 19:00:00+00:00,STOPPED,58.5,425.93,422.1,429.77,3.84,7,False,2026-09-17 05:17:21.009137-04:00
GDDY,BEAR,2026-09-16 17:00:00+00:00,TARGET_HIT,58.3,101.26,102.33,100.19,1.07,2,False,2026-09-17 05:17:21.009137-04:00
CRM,BEAR,2026-09-15 19:00:00+00:00,WATCHING,58.2,257.67,260.18,255.15,2.51,7,True,2026-09-17 05:17:21.009137-04:00
MSI,BULL,2026-09-14 17:00:00+00:00,STOPPED,58.1,470.27,466.09,474.45,4.18,16,False,2026-09-17 05:17:21.009137-04:00
AMAT,BEAR,2026-09-15 15:00:00+00:00,STOPPED,58.0,421.42,427.67,415.17,6.25,11,False,2026-09-17 05:17:21.009137-04:00
FFIV,BULL,2026-09-16 18:00:00+00:00,IN_TRADE,57.8,421.98,417.42,426.54,4.56,1,True,2026-09-17 05:17:21.009137-04:00
DELL,BULL,2026-09-14 17:00:00+00:00,TARGET_HIT,57.8,538.84,525.73,551.95,13.11,16,False,2026-09-17 05:17:21.009137-04:00
CRWD,BULL,2026-09-14 16:00:00+00:00,STOPPED,57.7,236.43,231.78,241.07,4.65,19,False,2026-09-17 05:17:21.009137-04:00
NVDA,BULL,2026-09-16 15:00:00+00:00,STOPPED,57.6,215.3,214.11,216.48,1.19,4,False,2026-09-17 05:17:21.009137-04:00
ACN,BULL,2026-09-14 17:00:00+00:00,TARGET_HIT,57.5,192.76,190.59,194.93,2.17,17,False,2026-09-17 05:17:21.009137-04:00
CDW,BEAR,2026-09-16 15:00:00+00:00,WATCHING,57.3,151.75,153.02,150.48,1.27,4,True,2026-09-17 05:17:21.009137-04:00
FFIV,BULL,2026-09-15 16:00:00+00:00,TARGET_HIT,57.2,420.88,417.48,424.29,3.41,10,False,2026-09-17 05:17:21.009137-04:00
GLW,BEAR,2026-09-14 15:00:00+00:00,WATCHING,57.1,148.9,152.27,145.53,3.37,18,True,2026-09-17 05:17:21.009137-04:00
JBL,BEAR,2026-09-16 18:00:00+00:00,WATCHING,57.0,304.24,307.77,300.71,3.53,1,True,2026-09-17 05:17:21.009137-04:00
GEN,BULL,2026-09-14 17:00:00+00:00,STOPPED,57.0,31.33,31.05,31.61,0.28,16,False,2026-09-17 05:17:21.009137-04:00
AVGO,BEAR,2026-09-15 15:00:00+00:00,TARGET_HIT,57.0,343.2,346.7,339.69,3.51,12,False,2026-09-17 05:17:21.009137-04:00
CRM,BULL,2026-09-14 17:00:00+00:00,TARGET_HIT,57.0,256.92,254.05,259.79,2.87,17,False,2026-09-17 05:17:21.009137-04:00
CRM,BEAR,2026-09-15 18:00:00+00:00,WATCHING,56.9,259.62,262.66,256.57,3.04,8,True,2026-09-17 05:17:21.009137-04:00
GEN,BULL,2026-09-15 17:00:00+00:00,STOPPED,56.8,31.21,30.91,31.51,0.3,9,False,2026-09-17 05:17:21.009137-04:00
PLTR,BULL,2026-09-15 17:00:00+00:00,STOPPED,56.7,173.78,171.58,175.98,2.2,9,False,2026-09-17 05:17:21.009137-04:00
VRSN,BULL,2026-09-15 17:00:00+00:00,TARGET_HIT,56.6,297.41,295.18,299.65,2.23,8,False,2026-09-17 05:17:21.009137-04:00
ZBRA,BEAR,2026-09-16 19:00:00+00:00,WATCHING,56.6,344.98,347.62,342.33,2.65,0,True,2026-09-17 05:17:21.009137-04:00
NTAP,BULL,2026-09-16 16:00:00+00:00,STOPPED,56.1,192.62,190.67,194.57,1.95,3,False,2026-09-17 05:17:21.009137-04:00
SWKS,BULL,2026-09-15 17:00:00+00:00,STOPPED,56.0,88.32,85.48,91.17,2.84,9,False,2026-09-17 05:17:21.009137-04:00
SNPS,BEAR,2026-09-15 15:00:00+00:00,STOPPED,56.0,371.73,375.77,367.69,4.04,11,False,2026-09-17 05:17:21.009137-04:00
ADSK,BEAR,2026-09-15 18:00:00+00:00,WATCHING,56.0,230.06,233.26,226.87,3.2,8,True,2026-09-17 05:17:21.009137-04:00
HPQ,BEAR,2026-09-15 16:00:00+00:00,TARGET_HIT,55.9,34.18,34.72,33.64,0.54,10,False,2026-09-17 05:17:21.009137-04:00
TYL,BULL,2026-09-16 17:00:00+00:00,IN_TRADE,55.8,347.94,343.79,352.09,4.15,2,True,2026-09-17 05:17:21.009137-04:00
FFIV,BULL,2026-09-15 17:00:00+00:00,TARGET_HIT,55.7,423.49,420.15,426.82,3.34,9,False,2026-09-17 05:17:21.009137-04:00
HPQ,BEAR,2026-09-14 15:00:00+00:00,STOPPED,55.6,34.05,34.74,33.35,0.69,18,False,2026-09-17 05:17:21.009137-04:00
MPWR,BEAR,2026-09-15 17:00:00+00:00,STOPPED,55.5,1145.7,1162.73,1128.68,17.03,9,False,2026-09-17 05:17:21.009137-04:00
INTC,BULL,2026-09-16 14:00:00+00:00,TARGET_HIT,55.1,101.03,99.5,102.55,1.52,6,False,2026-09-17 05:17:21.009137-04:00
PLTR,BULL,2026-09-14 17:00:00+00:00,TARGET_HIT,55.0,172.2,170.38,174.01,1.81,16,False,2026-09-17 05:17:21.009137-04:00
IBM,BULL,2026-09-14 17:00:00+00:00,STOPPED,55.0,249.56,246.87,252.25,2.69,16,False,2026-09-17 05:17:21.009137-04:00
CRM,BULL,2026-09-15 14:00:00+00:00,STOPPED,54.5,255.39,252.73,258.06,2.67,12,False,2026-09-17 05:17:21.009137-04:00
NVDA,BEAR,2026-09-14 14:00:00+00:00,STOPPED,54.3,211.91,213.75,210.07,1.84,20,False,2026-09-17 05:17:21.009137-04:00
AMAT,BEAR,2026-09-16 19:00:00+00:00,WATCHING,54.2,417.11,421.2,413.02,4.09,0,True,2026-09-17 05:17:21.009137-04:00
AMD,BULL,2026-09-14 18:00:00+00:00,TARGET_HIT,54.1,495.61,486.7,504.51,8.9,15,False,2026-09-17 05:17:21.009137-04:00
CIEN,BEAR,2026-09-16 17:00:00+00:00,STOPPED,54.0,340.53,345.41,335.65,4.88,2,False,2026-09-17 05:17:21.009137-04:00
WDC,BEAR,2026-09-15 17:00:00+00:00,STOPPED,53.9,414.49,422.36,406.62,7.87,9,False,2026-09-17 05:17:21.009137-04:00
ANET,BULL,2026-09-14 18:00:00+00:00,TARGET_HIT,53.7,189.56,186.44,192.67,3.11,15,False,2026-09-17 05:17:21.009137-04:00
PANW,BULL,2026-09-15 17:00:00+00:00,STOPPED,53.6,376.15,369.33,382.98,6.82,9,False,2026-09-17 05:17:21.009137-04:00
SNPS,BEAR,2026-09-14 19:00:00+00:00,WATCHING,53.5,386.42,389.83,383.01,3.41,14,True,2026-09-17 05:17:21.009137-04:00
QCOM,BEAR,2026-09-16 17:00:00+00:00,WATCHING,53.5,188.57,191.41,185.73,2.84,2,True,2026-09-17 05:17:21.009137-04:00
TEL,BEAR,2026-09-16 19:00:00+00:00,WATCHING,53.2,203.11,204.93,201.29,1.82,0,True,2026-09-17 05:17:21.009137-04:00
JBL,BEAR,2026-09-15 15:00:00+00:00,STOPPED,53.1,298.36,302.67,294.04,4.31,11,False,2026-09-17 05:17:21.009137-04:00
FLEX,BEAR,2026-09-15 15:00:00+00:00,STOPPED,53.0,108.66,110.63,106.69,1.97,11,False,2026-09-17 05:17:21.009137-04:00
CDNS,BULL,2026-09-15 16:00:00+00:00,TARGET_HIT,53.0,275.58,272.61,278.55,2.97,10,False,2026-09-17 05:17:21.009137-04:00
AMAT,BEAR,2026-09-16 17:00:00+00:00,TARGET_HIT,53.0,421.72,425.37,418.06,3.65,2,False,2026-09-17 05:17:21.009137-04:00
CTSH,BEAR,2026-09-14 18:00:00+00:00,TARGET_HIT,52.9,63.8,64.48,63.11,0.69,15,False,2026-09-17 05:17:21.009137-04:00
SNDK,BULL,2026-09-14 18:00:00+00:00,STOPPED,52.7,1558.01,1530.79,1585.23,27.22,16,False,2026-09-17 05:17:21.009137-04:00
MSI,BULL,2026-09-16 17:00:00+00:00,STOPPED,52.6,464.76,461.6,467.92,3.16,2,False,2026-09-17 05:17:21.009137-04:00
ON,BULL,2026-09-16 17:00:00+00:00,STOPPED,52.4,72.32,71.23,73.41,1.09,2,False,2026-09-17 05:17:21.009137-04:00
Q,BEAR,2026-09-14 18:00:00+00:00,TARGET_HIT,52.3,117.78,119.37,116.18,1.6,15,False,2026-09-17 05:17:21.009137-04:00
MU,BULL,2026-09-14 18:00:00+00:00,TARGET_HIT,52.2,926.96,912.98,940.94,13.98,20,False,2026-09-17 05:17:21.009137-04:00
TEL,BULL,2026-09-16 15:00:00+00:00,STOPPED,52.2,204.03,202.13,205.94,1.91,4,False,2026-09-17 05:17:21.009137-04:00
SMCI,BEAR,2026-09-15 17:00:00+00:00,STOPPED,52.1,36.28,37.07,35.49,0.79,9,False,2026-09-17 05:17:21.009137-04:00
CDW,BEAR,2026-09-14 18:00:00+00:00,STOPPED,52.0,151.94,154.18,149.71,2.23,15,False,2026-09-17 05:17:21.009137-04:00
AVGO,BEAR,2026-09-15 16:00:00+00:00,STOPPED,51.9,340.55,343.98,337.13,3.42,11,False,2026-09-17 05:17:21.009137-04:00
FTNT,BEAR,2026-09-16 16:00:00+00:00,IN_TRADE,51.9,172.03,173.9,170.17,1.87,3,True,2026-09-17 05:17:21.009137-04:00
VRSN,BEAR,2026-09-14 18:00:00+00:00,TARGET_HIT,51.9,299.19,301.63,296.74,2.44,14,False,2026-09-17 05:17:21.009137-04:00
KEYS,BEAR,2026-09-14 18:00:00+00:00,IN_TRADE,51.8,320.92,325.05,316.79,4.13,15,True,2026-09-17 05:17:21.009137-04:00
WDAY,BULL,2026-09-16 17:00:00+00:00,STOPPED,51.7,188.93,187.01,190.86,1.93,2,False,2026-09-17 05:17:21.009137-04:00
AKAM,BEAR,2026-09-16 17:00:00+00:00,TARGET_HIT,51.6,106.24,107.57,104.91,1.33,2,False,2026-09-17 05:17:21.009137-04:00
TRMB,BULL,2026-09-16 16:00:00+00:00,STOPPED,51.6,58.07,57.64,58.5,0.43,3,False,2026-09-17 05:17:21.009137-04:00
CDNS,BEAR,2026-09-14 19:00:00+00:00,TARGET_HIT,51.5,281.49,284.33,278.65,2.84,14,False,2026-09-17 05:17:21.009137-04:00
ORCL,BEAR,2026-09-15 14:00:00+00:00,TARGET_HIT,51.5,143.56,145.84,141.28,2.28,15,False,2026-09-17 05:17:21.009137-04:00
COHR,BEAR,2026-09-15 17:00:00+00:00,STOPPED,51.5,272.13,278.89,265.38,6.75,10,False,2026-09-17 05:17:21.009137-04:00
AVGO,BEAR,2026-09-16 17:00:00+00:00,TARGET_HIT,51.4,341.64,343.96,339.32,2.32,2,False,2026-09-17 05:17:21.009137-04:00
INTU,BEAR,2026-09-16 19:00:00+00:00,WATCHING,51.4,321.26,325.2,317.33,3.94,0,True,2026-09-17 05:17:21.009137-04:00
HPE,BEAR,2026-09-15 16:00:00+00:00,TARGET_HIT,51.4,56.61,58.02,55.19,1.41,10,False,2026-09-17 05:17:21.009137-04:00
TDY,BULL,2026-09-16 16:00:00+00:00,STOPPED,51.3,602.3,599.49,605.11,2.81,3,False,2026-09-17 05:17:21.009137-04:00
CSCO,BEAR,2026-09-15 17:00:00+00:00,TARGET_HIT,51.2,110.46,111.36,109.56,0.9,9,False,2026-09-17 05:17:21.009137-04:00
NOW,BEAR,2026-09-15 19:00:00+00:00,WATCHING,51.2,143.75,145.78,141.72,2.03,7,True,2026-09-17 05:17:21.009137-04:00
SNDK,BEAR,2026-09-15 16:00:00+00:00,TARGET_HIT,51.1,1537.76,1566.49,1509.04,28.73,10,False,2026-09-17 05:17:21.009137-04:00
MSI,BEAR,2026-09-15 17:00:00+00:00,WATCHING,51.1,469.91,474.63,465.18,4.73,9,True,2026-09-17 05:17:21.009137-04:00
IBM,BEAR,2026-09-16 19:00:00+00:00,WATCHING,50.8,238.95,241.6,236.3,2.65,0,True,2026-09-17 05:17:21.009137-04:00
WDC,BULL,2026-09-14 18:00:00+00:00,STOPPED,50.7,430.68,422.1,439.25,8.57,15,False,2026-09-17 05:17:21.009137-04:00
APH,BEAR,2026-09-16 17:00:00+00:00,TARGET_HIT,50.6,78.08,78.72,77.44,0.64,2,False,2026-09-17 05:17:21.009137-04:00
MSFT,BEAR,2026-09-15 18:00:00+00:00,WATCHING,50.2,499.27,502.97,495.57,3.7,9,True,2026-09-17 05:17:21.009137-04:00
LRCX,BULL,2026-09-15 19:00:00+00:00,TARGET_HIT,50.1,268.34,263.92,272.77,4.43,7,False,2026-09-17 05:17:21.009137-04:00
INTU,BEAR,2026-09-15 19:00:00+00:00,WATCHING,50.1,334.44,339.53,329.35,5.09,7,True,2026-09-17 05:17:21.009137-04:00
TDY,BEAR,2026-09-15 18:00:00+00:00,STOPPED,49.8,599.38,602.78,595.97,3.41,7,False,2026-09-17 05:17:21.009137-04:00
ROP,BEAR,2026-09-14 15:00:00+00:00,TARGET_HIT,49.8,397.46,400.58,394.33,3.13,18,False,2026-09-17 05:17:21.009137-04:00
FFIV,BEAR,2026-09-16 16:00:00+00:00,STOPPED,49.7,421.09,425.34,416.84,4.25,3,False,2026-09-17 05:17:21.009137-04:00
LRCX,BEAR,2026-09-16 17:00:00+00:00,TARGET_HIT,49.4,272.82,275.79,269.86,2.96,2,False,2026-09-17 05:17:21.009137-04:00
CIEN,BEAR,2026-09-14 19:00:00+00:00,STOPPED,49.0,324.72,330.35,319.08,5.64,15,False,2026-09-17 05:17:21.009137-04:00
HPQ,BEAR,2026-09-16 19:00:00+00:00,WATCHING,48.4,33.22,33.65,32.79,0.43,0,True,2026-09-17 05:17:21.009137-04:00
QCOM,BEAR,2026-09-16 19:00:00+00:00,WATCHING,48.4,186.19,189.23,183.15,3.04,0,True,2026-09-17 05:17:21.009137-04:00
VRSN,BEAR,2026-09-14 19:00:00+00:00,TARGET_HIT,47.7,299.4,301.83,296.98,2.42,13,False,2026-09-17 05:17:21.009137-04:00
ADSK,BEAR,2026-09-16 15:00:00+00:00,TARGET_HIT,47.6,222.47,225.04,219.91,2.57,4,False,2026-09-17 05:17:21.009137-04:00
ADSK,BEAR,2026-09-16 19:00:00+00:00,WATCHING,47.4,221.67,224.21,219.13,2.54,0,True,2026-09-17 05:17:21.009137-04:00
CTSH,BEAR,2026-09-15 19:00:00+00:00,WATCHING,47.2,64.02,64.88,63.17,0.86,7,True,2026-09-17 05:17:21.009137-04:00
ROP,BEAR,2026-09-16 19:00:00+00:00,WATCHING,47.0,377.15,380.12,374.18,2.97,0,True,2026-09-17 05:17:21.009137-04:00
ACN,BEAR,2026-09-15 19:00:00+00:00,WATCHING,46.8,196.56,199.21,193.91,2.65,8,True,2026-09-17 05:17:21.009137-04:00
IBM,BEAR,2026-09-15 19:00:00+00:00,WATCHING,46.4,250.11,252.59,247.63,2.48,7,True,2026-09-17 05:17:21.009137-04:00
APH,BEAR,2026-09-15 15:00:00+00:00,IN_TRADE,46.0,77.7,78.8,76.6,1.1,11,True,2026-09-17 05:17:21.009137-04:00
VRSN,BULL,2026-09-16 17:00:00+00:00,STOPPED,45.9,300.07,298.32,301.83,1.75,2,False,2026-09-17 05:17:21.009137-04:00
AMAT,BULL,2026-09-15 19:00:00+00:00,STOPPED,45.9,419.0,415.34,422.67,3.66,7,False,2026-09-17 05:17:21.009137-04:00
NTAP,BEAR,2026-09-16 19:00:00+00:00,WATCHING,45.5,192.41,194.35,190.48,1.94,0,True,2026-09-17 05:17:21.009137-04:00
MCHP,BULL,2026-09-15 19:00:00+00:00,STOPPED,45.3,70.95,70.09,71.82,0.87,7,False,2026-09-17 05:17:21.009137-04:00
WDC,BEAR,2026-09-16 19:00:00+00:00,WATCHING,45.3,422.79,429.07,416.51,6.28,0,True,2026-09-17 05:17:21.009137-04:00
INTC,BEAR,2026-09-14 20:00:00+00:00,STOPPED,45.1,97.78,99.47,96.09,1.69,17,False,2026-09-17 05:17:21.009137-04:00
ADBE,BEAR,2026-09-15 19:00:00+00:00,WATCHING,44.5,262.69,265.74,259.64,3.05,7,True,2026-09-17 05:17:21.009137-04:00
AMAT,BEAR,2026-09-14 20:00:00+00:00,TARGET_HIT,44.0,425.38,431.11,419.65,5.73,14,False,2026-09-17 05:17:21.009137-04:00
ZBRA,BEAR,2026-09-15 16:00:00+00:00,STOPPED,43.8,344.13,346.88,341.39,2.74,10,False,2026-09-17 05:17:21.009137-04:00
FSLR,BEAR,2026-09-15 19:00:00+00:00,TARGET_HIT,43.4,203.66,205.71,201.61,2.05,7,False,2026-09-17 05:17:21.009137-04:00
TER,BEAR,2026-09-16 19:00:00+00:00,WATCHING,42.4,342.14,346.7,337.58,4.56,0,True,2026-09-17 05:17:21.009137-04:00
STX,BEAR,2026-09-16 19:00:00+00:00,WATCHING,42.3,785.13,796.98,773.28,11.85,0,True,2026-09-17 05:17:21.009137-04:00
LRCX,BEAR,2026-09-16 19:00:00+00:00,WATCHING,41.9,269.87,273.02,266.72,3.15,0,True,2026-09-17 05:17:21.009137-04:00
NVDA,BEAR,2026-09-16 19:00:00+00:00,WATCHING,41.4,214.59,215.9,213.29,1.3,0,True,2026-09-17 05:17:21.009137-04:00
VRSN,BEAR,2026-09-16 19:00:00+00:00,WATCHING,41.3,300.16,301.8,298.52,1.64,0,True,2026-09-17 05:17:21.009137-04:00
WDAY,BEAR,2026-09-14 19:00:00+00:00,TARGET_HIT,41.3,194.6,196.8,192.39,2.2,14,False,2026-09-17 05:17:21.009137-04:00
TDY,BEAR,2026-09-11 19:00:00+00:00,EXPIRED,40.9,606.34,609.05,603.62,2.72,20,False,2026-09-17 05:17:21.009137-04:00
GLW,BEAR,2026-09-16 19:00:00+00:00,WATCHING,40.7,144.6,146.45,142.74,1.85,0,True,2026-09-17 05:17:21.009137-04:00
APH,BEAR,2026-09-16 19:00:00+00:00,WATCHING,40.4,77.57,78.22,76.92,0.65,0,True,2026-09-17 05:17:21.009137-04:00
MU,BEAR,2026-09-16 19:00:00+00:00,IN_TRADE,39.9,928.04,935.97,920.11,7.93,1,True,2026-09-17 05:17:21.009137-04:00
ACN,BEAR,2026-09-16 20:00:00+00:00,WATCHING,39.8,189.87,191.65,188.08,1.78,0,True,2026-09-17 05:17:21.009137-04:00
ORCL,BEAR,2026-09-15 20:00:00+00:00,STOPPED,39.6,140.68,142.12,139.24,1.44,9,False,2026-09-17 05:17:21.009137-04:00
PTC,BEAR,2026-09-16 19:00:00+00:00,WATCHING,39.3,131.63,132.86,130.4,1.23,0,True,2026-09-17 05:17:21.009137-04:00
MSFT,BEAR,2026-09-16 19:00:00+00:00,WATCHING,39.3,492.5,495.17,489.82,2.67,0,True,2026-09-17 05:17:21.009137-04:00
AVGO,BEAR,2026-09-14 20:00:00+00:00,TARGET_HIT,38.9,345.3,348.36,342.24,3.06,16,False,2026-09-17 05:17:21.009137-04:00
MU,BEAR,2026-09-14 20:00:00+00:00,STOPPED,38.2,927.86,939.95,915.77,12.09,18,False,2026-09-17 05:17:21.009137-04:00
MU,BULL,2026-09-15 20:00:00+00:00,TARGET_HIT,36.6,926.55,919.03,934.07,7.52,9,False,2026-09-17 05:17:21.009137-04:00
