date,equity,cash,n_positions
2019-10-03,100000.0,100000.0,0
2019-10-04,101062.420625,40091.310625000006,3
2019-10-07,100835.110625,40091.310625000006,3
2019-10-08,100138.520625,40091.310625000006,3
2019-10-09,100101.86862583374,59736.778625833744,2
2019-10-10,100538.99809583374,39785.74809583374,3
2019-10-11,101516.21809583374,39785.74809583374,3
2019-10-14,101445.39809583375,39785.74809583374,3
2019-10-15,102287.11809583375,39785.74809583374,3
2019-10-16,102774.74809583374,39785.74809583374,3
2019-10-17,104252.40809583373,39785.74809583374,3
2019-10-18,104800.15809583374,39785.74809583374,3
2019-10-21,104156.93886321242,61383.96886321241,2
2019-10-22,104834.11886321241,61383.96886321241,2
2019-10-23,104885.3288632124,61383.96886321241,2
2019-10-24,105573.68886321242,61383.96886321241,2
2019-10-25,105200.2193010462,83083.76930104621,1
2019-10-28,105539.9898910462,62034.42989104621,2
2019-10-29,105824.82603104622,40936.16603104622,3
2019-10-30,106117.75603104621,40936.16603104622,3
2019-10-31,105570.55009104621,61477.770091046215,2
2019-11-01,105725.94009104621,61477.770091046215,2
2019-11-04,105921.8715260462,29.93152604621355,5
2019-11-05,106217.84089604621,26.39089604621404,5
2019-11-06,106199.33089604622,26.39089604621404,5
2019-11-07,106343.61089604622,26.39089604621404,5
2019-11-08,106786.36089604622,26.39089604621404,5
2019-11-11,106777.82399604621,20729.833996046214,4
2019-11-12,106738.18277104622,37.0427710462136,5
2019-11-13,106636.3827710462,37.0427710462136,5
2019-11-14,106536.46277104621,37.0427710462136,5
2019-11-15,108583.00277104622,37.0427710462136,5
2019-11-18,109088.7727710462,37.0427710462136,5
2019-11-19,108772.10308720602,22893.36308720602,4
2019-11-20,108711.61520720602,6.165207206022275,7
2019-11-21,108564.22931220602,5.539312206022277,7
2019-11-22,108416.26931220603,5.539312206022277,7
2019-11-25,109429.81931220602,5.539312206022277,7
2019-11-26,108925.98931220602,5.539312206022277,7
2019-11-27,110273.02931220601,5.539312206022277,7
2019-11-29,109181.22931220602,5.539312206022277,7
2019-12-02,108480.63931220603,5.539312206022277,7
2019-12-03,106627.35074134212,64755.42074134211,2
2019-12-04,106857.32388134212,889.7838813421149,5
2019-12-05,107291.00388134211,889.7838813421149,5
2019-12-06,107648.00388134211,889.7838813421149,5
2019-12-09,106901.63990010283,23090.73990010283,4
2019-12-10,107032.29990010284,23090.73990010283,4
2019-12-11,107824.05990010285,23090.73990010283,4
2019-12-12,108726.14990010284,23090.73990010283,4
2019-12-13,109226.43990010282,23090.73990010283,4
2019-12-16,109055.90990010282,23090.73990010283,4
2019-12-17,109386.16990010283,23090.73990010283,4
2019-12-18,109051.94990010283,23090.73990010283,4
2019-12-19,109407.03990010283,23090.73990010283,4
2019-12-20,110128.76990010284,23090.73990010283,4
2019-12-23,110184.70990010284,23090.73990010283,4
2019-12-24,110061.76990010284,23090.73990010283,4
2019-12-26,110381.09990010285,23090.73990010283,4
2019-12-27,110269.84990010282,23090.73990010283,4
2019-12-30,110644.60990010283,23090.73990010283,4
2019-12-31,110800.73729010284,42166.417290102836,3
2020-01-02,110236.14391510285,63402.54391510284,2
2020-01-03,109882.35391510284,63402.54391510284,2
2020-01-06,109975.64391510285,63402.54391510284,2
2020-01-07,109651.23391510284,63402.54391510284,2
2020-01-08,110464.87391510284,63402.54391510284,2
2020-01-09,111006.03391510285,63402.54391510284,2
2020-01-10,110553.56329010284,41210.20329010284,3
2020-01-13,110946.45329010284,41210.20329010284,3
2020-01-14,110645.70329010284,41210.20329010284,3
2020-01-15,110196.19329010285,41210.20329010284,3
2020-01-16,111840.56329010284,41210.20329010284,3
2020-01-17,112590.57329010284,41210.20329010284,3
2020-01-21,113100.49329010285,41210.20329010284,3
2020-01-22,113559.52329010285,41210.20329010284,3
2020-01-23,113956.07329010284,41210.20329010284,3
2020-01-24,112634.23463083222,63235.14463083222,2
2020-01-27,111890.53126136526,64384.111261365266,2
2020-01-28,112986.36674636527,42063.926746365265,3
2020-01-29,112204.98674636526,42063.926746365265,3
2020-01-30,112676.89571342057,66653.97571342057,2
2020-01-31,111257.49528342058,66264.02528342057,2
2020-02-03,111936.63632342058,66203.37632342058,2
2020-02-04,112628.61632342057,66203.37632342058,2
2020-02-05,112717.56632342059,66203.37632342058,2
2020-02-06,111624.59765342058,88829.39765342059,1
2020-02-07,111503.63765342059,88829.39765342059,1
2020-02-10,111693.71765342058,88829.39765342059,1
2020-02-11,111558.3576534206,88829.39765342059,1
2020-02-12,111532.43765342058,88829.39765342059,1
2020-02-13,111460.43765342058,88829.39765342059,1
2020-02-14,111598.67765342059,88829.39765342059,1
2020-02-18,111466.19765342059,88829.39765342059,1
2020-02-19,111696.59765342058,88829.39765342059,1
2020-02-20,111509.39765342059,88829.39765342059,1
2020-02-21,111109.4520534206,111109.4520534206,0
2020-02-24,111109.4520534206,111109.4520534206,0
2020-02-25,111109.4520534206,111109.4520534206,0
2020-02-26,111109.4520534206,111109.4520534206,0
2020-02-27,111109.4520534206,111109.4520534206,0
2020-02-28,111109.4520534206,111109.4520534206,0
2020-03-02,111109.4520534206,111109.4520534206,0
2020-03-03,111109.4520534206,111109.4520534206,0
2020-03-04,111109.4520534206,111109.4520534206,0
2020-03-05,111109.4520534206,111109.4520534206,0
2020-03-06,111109.4520534206,111109.4520534206,0
2020-03-09,111109.4520534206,111109.4520534206,0
2020-03-10,111109.4520534206,111109.4520534206,0
2020-03-11,111109.4520534206,111109.4520534206,0
2020-03-12,111109.4520534206,111109.4520534206,0
2020-03-13,111109.4520534206,111109.4520534206,0
2020-03-16,111109.4520534206,111109.4520534206,0
2020-03-17,111109.4520534206,111109.4520534206,0
2020-03-18,111109.4520534206,111109.4520534206,0
2020-03-19,111109.4520534206,111109.4520534206,0
2020-03-20,111109.4520534206,111109.4520534206,0
2020-03-23,111109.4520534206,111109.4520534206,0
2020-03-24,111109.4520534206,111109.4520534206,0
2020-03-25,111109.4520534206,111109.4520534206,0
2020-03-26,111109.4520534206,111109.4520534206,0
2020-03-27,111109.4520534206,111109.4520534206,0
2020-03-30,111109.4520534206,111109.4520534206,0
2020-03-31,111109.4520534206,111109.4520534206,0
2020-04-01,111109.4520534206,111109.4520534206,0
2020-04-02,111109.4520534206,111109.4520534206,0
2020-04-03,111109.4520534206,111109.4520534206,0
2020-04-06,111109.4520534206,111109.4520534206,0
2020-04-07,111109.4520534206,111109.4520534206,0
2020-04-08,111109.4520534206,111109.4520534206,0
2020-04-09,111109.4520534206,111109.4520534206,0
2020-04-13,111109.4520534206,111109.4520534206,0
2020-04-14,111109.4520534206,111109.4520534206,0
2020-04-15,111109.4520534206,111109.4520534206,0
2020-04-16,111109.4520534206,111109.4520534206,0
2020-04-17,111109.4520534206,111109.4520534206,0
2020-04-20,111109.4520534206,111109.4520534206,0
2020-04-21,111109.4520534206,111109.4520534206,0
2020-04-22,111109.4520534206,111109.4520534206,0
2020-04-23,111109.4520534206,111109.4520534206,0
2020-04-24,111109.4520534206,111109.4520534206,0
2020-04-27,111109.4520534206,111109.4520534206,0
2020-04-28,111109.4520534206,111109.4520534206,0
2020-04-29,111109.4520534206,111109.4520534206,0
2020-04-30,111109.4520534206,111109.4520534206,0
2020-05-01,111109.4520534206,111109.4520534206,0
2020-05-04,111109.4520534206,111109.4520534206,0
2020-05-05,111109.4520534206,111109.4520534206,0
2020-05-06,111109.4520534206,111109.4520534206,0
2020-05-07,111109.4520534206,111109.4520534206,0
2020-05-08,111109.4520534206,111109.4520534206,0
2020-05-11,111109.4520534206,111109.4520534206,0
2020-05-12,111109.4520534206,111109.4520534206,0
2020-05-13,111109.4520534206,111109.4520534206,0
2020-05-14,111109.4520534206,111109.4520534206,0
2020-05-15,111109.4520534206,111109.4520534206,0
2020-05-18,111109.4520534206,111109.4520534206,0
2020-05-19,111109.4520534206,111109.4520534206,0
2020-05-20,111109.4520534206,111109.4520534206,0
2020-05-21,111109.4520534206,111109.4520534206,0
2020-05-22,111109.4520534206,111109.4520534206,0
2020-05-26,111109.4520534206,111109.4520534206,0
2020-05-27,111962.7512184206,44554.5212184206,3
2020-05-28,111040.1572734206,43869.257273420604,3
2020-05-29,112541.16727342061,43869.257273420604,3
2020-06-01,112772.07727342061,43869.257273420604,3
2020-06-02,113579.60727342061,43869.257273420604,3
2020-06-03,114418.4472734206,43869.257273420604,3
2020-06-04,113268.2872734206,43869.257273420604,3
2020-06-05,114585.3172734206,43869.257273420604,3
2020-06-08,114817.02727342061,43869.257273420604,3
2020-06-09,114175.9472734206,43869.257273420604,3
2020-06-10,114789.5972734206,43869.257273420604,3
2020-06-11,111907.66811703923,111907.66811703923,0
2020-06-12,112428.21490703922,76523.56490703922,3
2020-06-15,113313.31490703922,76523.56490703922,3
2020-06-16,114866.03490703923,76523.56490703922,3
2020-06-17,114076.75490703923,76523.56490703922,3
2020-06-18,115320.92490703923,76523.56490703922,3
2020-06-19,114860.25490703923,76523.56490703922,3
2020-06-22,116004.86857703923,7976.648577039232,6
2020-06-23,116181.90857703924,7976.648577039232,6
2020-06-24,113064.63988203922,30082.97988203923,5
2020-06-25,115084.0223769677,21652.182376967696,5
2020-06-26,112937.15530847273,8865.525308472746,5
2020-06-29,113531.73180347274,7.9618034727427585,6
2020-06-30,116878.30180347276,7.9618034727427585,6
2020-07-01,116113.58180347274,7.9618034727427585,6
2020-07-02,117357.18180347275,7.9618034727427585,6
2020-07-06,118306.77180347276,7.9618034727427585,6
2020-07-07,116406.45180347274,7.9618034727427585,6
2020-07-08,117741.87180347275,7.9618034727427585,6
2020-07-09,117429.59286858309,11750.612868583095,5
2020-07-10,117278.84286858309,11750.612868583095,5
2020-07-13,116240.6028685831,11750.612868583095,5
2020-07-14,117809.6928685831,11750.612868583095,5
2020-07-15,119902.3328685831,11750.612868583095,5
2020-07-16,119898.80001858309,59.07001858309559,6
2020-07-17,121742.59001858308,59.07001858309559,6
2020-07-20,123267.3900185831,59.07001858309559,6
2020-07-21,124197.0100185831,59.07001858309559,6
2020-07-22,124668.7700185831,59.07001858309559,6
2020-07-23,125414.4200185831,59.07001858309559,6
2020-07-24,123249.72097116354,25432.93097116355,5
2020-07-27,125253.87097116356,25432.93097116355,5
2020-07-28,124111.27097116355,25432.93097116355,5
2020-07-29,126476.68097116356,25432.93097116355,5
2020-07-30,126561.52097116355,25432.93097116355,5
2020-07-31,128409.80097116355,25432.93097116355,5
2020-08-03,130001.09097116356,25432.93097116355,5
2020-08-04,128977.96097116356,25432.93097116355,5
2020-08-05,130010.38097116354,25432.93097116355,5
2020-08-06,129198.94097116354,25432.93097116355,5
2020-08-07,129318.58097116355,25432.93097116355,5
2020-08-10,129144.30936421794,52898.609364217955,4
2020-08-11,128042.16904571021,81025.29904571021,3
2020-08-12,127912.2290457102,81025.29904571021,3
2020-08-13,127994.64904571022,81025.29904571021,3
2020-08-14,127885.86904571022,81025.29904571021,3
2020-08-17,128502.17904571022,81025.29904571021,3
2020-08-18,127811.91904571021,81025.29904571021,3
2020-08-19,127877.37904571021,81025.29904571021,3
2020-08-20,126969.75228154015,104434.91228154015,2
2020-08-21,127316.91550654016,79108.70550654015,3
2020-08-24,127654.49009654015,87395.38009654015,2
2020-08-25,127605.87953654016,61861.49953654015,3
2020-08-26,127882.32953654014,61861.49953654015,3
2020-08-27,128042.02878654015,86990.42878654014,2
2020-08-28,129091.88912654013,61478.35912654014,3
2020-08-31,128333.08112654014,76067.06112654014,2
2020-09-01,128549.36543154014,50442.865431540136,3
2020-09-02,132082.6937465401,50468.71374654013,3
2020-09-03,129597.22604654013,75691.49604654014,2
2020-09-04,127564.5683196346,102131.97831963461,1
2020-09-08,127240.31708963463,50970.89708963463,3
2020-09-09,128437.83472963463,50455.99472963463,3
2020-09-10,127053.31115963463,75530.59115963463,2
2020-09-11,127942.89323963462,50202.09323963463,3
2020-09-14,129131.15537463462,4.565374634630771,6
2020-09-15,129279.90537463463,4.565374634630771,6
2020-09-16,129911.12537463463,4.565374634630771,6
2020-09-17,129908.29897963462,24385.158979634634,5
2020-09-18,128741.91067963463,48.67067963463622,5
2020-09-21,125078.39770208756,100466.79770208756,2
2020-09-22,124677.28735708757,672.7273570875659,5
2020-09-23,122375.48292708756,97932.93292708756,1
2020-09-24,122262.24878708758,49080.23878708757,3
2020-09-25,122870.88887708758,73168.00887708757,2
2020-09-28,123641.64787708757,48633.747877087575,3
2020-09-29,124141.24787708758,48633.747877087575,3
2020-09-30,125284.23787708758,48633.747877087575,3
2020-10-01,124785.23787708758,48633.747877087575,3
2020-10-02,124670.08787708757,48633.747877087575,3
2020-10-05,127043.85433708757,2.364337087572494,6
2020-10-06,124362.46933708756,18802.959337087574,5
2020-10-07,125987.7511770876,37.26117708757374,6
2020-10-08,128641.57117708758,37.26117708757374,6
2020-10-09,128255.79117708758,37.26117708757374,6
2020-10-12,128418.42117708761,37.26117708757374,6
2020-10-13,126280.93117708756,37.26117708757374,6
2020-10-14,126100.79671460393,25604.006714603936,5
2020-10-15,125981.79709877429,50535.86709877429,4
2020-10-16,126815.6520987743,50535.86709877429,4
2020-10-19,125763.3606587743,68369.8256587743,3
2020-10-20,124728.79065877429,68369.8256587743,3
2020-10-21,124919.28064793073,91743.53564793074,2
2020-10-22,124748.69564793074,91743.53564793074,2
2020-10-23,125302.51242793073,41892.18242793073,4
2020-10-26,124156.42991793074,66055.11491793074,3
2020-10-27,123939.26907793073,41471.149077930735,4
2020-10-28,121590.58344685378,116504.48844685378,1
2020-10-29,121325.87749157258,121325.87749157258,0
2020-10-30,121671.40625157257,48987.24625157258,3
2020-11-02,122077.29400157256,49167.33400157257,3
2020-11-03,122245.55022657258,31634.570226572578,4
2020-11-04,124623.70790157259,14.117901572578376,6
2020-11-05,127476.65790157259,14.117901572578376,6
2020-11-06,127765.42790157258,14.117901572578376,6
2020-11-09,127998.76965899197,50695.409658991965,4
2020-11-10,126268.83623899198,63.26623899197148,6
2020-11-11,126440.75635899196,24158.266358991976,5
2020-11-12,124807.05635899198,24158.266358991976,5
2020-11-13,127193.00635899196,24158.266358991976,5
2020-11-16,129178.24635899198,24158.266358991976,5
2020-11-17,129847.32361899198,48371.63361899198,4
2020-11-18,129184.99361899198,48371.63361899198,4
2020-11-19,129754.43361899198,48371.63361899198,4
2020-11-20,129304.75361899199,48371.63361899198,4
2020-11-23,130189.01361899199,48371.63361899198,4
2020-11-24,132236.503618992,48371.63361899198,4
2020-11-25,131920.11361899198,48371.63361899198,4
2020-11-27,131836.27361899198,48371.63361899198,4
2020-11-30,130331.17361899199,48371.63361899198,4
2020-12-01,131031.46593899197,12.105938991980693,7
2020-12-02,131599.33593899198,12.105938991980693,7
2020-12-03,135065.45593899195,12.105938991980693,7
2020-12-04,135825.33593899198,12.105938991980693,7
2020-12-07,136773.53593899196,12.105938991980693,7
2020-12-08,137805.82593899197,12.105938991980693,7
2020-12-09,136399.16593899194,12.105938991980693,7
2020-12-10,136547.21593899195,12.105938991980693,7
2020-12-11,135015.34178304565,30960.901783045643,6
2020-12-14,134660.32954304563,121.00954304564584,8
2020-12-15,135515.39619804567,26639.10619804565,7
2020-12-16,135145.85174804565,0.7917480456544581,8
2020-12-17,136700.79174804565,0.7917480456544581,8
2020-12-18,136661.23174804565,0.7917480456544581,8
2020-12-21,136548.00701804567,3088.707018045655,7
2020-12-22,136365.76264804564,45276.65264804565,6
2020-12-23,135876.94189804565,18161.601898045654,7
2020-12-24,136044.82189804566,18161.601898045654,7
2020-12-28,135752.78189804565,18161.601898045654,7
2020-12-29,133937.92045804567,9.650458045653068,8
2020-12-30,134435.48575804566,27865.115758045657,7
2020-12-31,134796.35038804568,9126.570388045659,7
2021-01-04,132591.04830890766,52916.99830890767,6
2021-01-05,134660.12302890766,69.4630289076722,8
2021-01-06,136793.8229539077,22603.04295390768,7
2021-01-07,137204.55295390767,22603.04295390768,7
2021-01-08,137158.0429539077,22603.04295390768,7
2021-01-11,136220.01130390767,48153.561303907685,6
2021-01-12,139336.87680961157,24264.67680961155,6
2021-01-13,139526.28109961157,261.26109961154725,7
2021-01-14,140387.04109961155,261.26109961154725,7
2021-01-15,137054.31416053083,50490.71416053084,5
2021-01-19,137467.846051205,27151.916051205008,6
2021-01-20,138663.688731205,3.7087312050098262,7
2021-01-21,138068.428731205,3.7087312050098262,7
2021-01-22,138060.883191205,25901.83319120501,6
2021-01-25,137372.70699440857,54133.596994408574,5
2021-01-26,136625.34511440858,80843.99511440858,4
2021-01-27,134585.195879663,76448.12587966301,3
2021-01-28,132882.9785888251,70556.41858882508,3
2021-01-29,132128.61132056167,79048.25132056167,2
2021-02-01,131847.8333755617,52766.77337556168,3
2021-02-02,131782.7733755617,52766.77337556168,3
2021-02-03,131557.11554556168,78149.73554556168,2
2021-02-04,132295.10738556169,54401.54738556168,3
2021-02-05,132296.91738556168,54401.54738556168,3
2021-02-08,133441.52056056165,40.730560561685024,6
2021-02-09,133460.84056056166,40.730560561685024,6
2021-02-10,134600.64056056167,40.730560561685024,6
2021-02-11,133362.70056056164,40.730560561685024,6
2021-02-12,134131.86029556172,25808.37029556169,5
2021-02-16,132775.69275695525,52139.69275695526,4
2021-02-17,132897.65275695524,52139.69275695526,4
2021-02-18,132313.45275695526,52139.69275695526,4
2021-02-19,132241.99275695527,52139.69275695526,4
2021-02-22,131907.32275695525,52139.69275695526,4
2021-02-23,131466.65275695524,52139.69275695526,4
2021-02-24,133179.23275695526,52139.69275695526,4
2021-02-25,132148.78275695525,52139.69275695526,4
2021-02-26,131231.41535365366,79354.64535365367,2
2021-03-01,133052.63535365366,79354.64535365367,2
2021-03-02,132400.87535365368,79354.64535365367,2
2021-03-03,132233.2553536537,79354.64535365367,2
2021-03-04,130633.30632865366,26590.226328653673,4
2021-03-05,131506.0302386524,52436.370238652395,3
2021-03-08,133860.9224386524,26127.622438652394,4
2021-03-09,133184.2524386524,26127.622438652394,4
2021-03-10,134461.7824386524,26127.622438652394,4
2021-03-11,134302.97815865237,26.018158652397688,5
2021-03-12,136976.4381586524,26.018158652397688,5
2021-03-15,135056.2735986524,23443.423598652396,4
2021-03-16,134419.4135986524,23443.423598652396,4
2021-03-17,135299.01922365237,143.02922365239647,5
2021-03-18,133453.6200736524,25575.320073652398,4
2021-03-19,133599.3720236524,6.442023652397584,6
2021-03-22,133440.07739170906,26695.177391709054,5
2021-03-23,130399.07497170908,21887.58497170906,4
2021-03-24,129086.23127170907,25256.981271709064,4
2021-03-25,129828.53358090893,55847.93358090893,5
2021-03-26,132701.58648590895,115.45648590893688,8
2021-03-29,130976.70648590894,115.45648590893688,8
2021-03-30,131823.73648590894,115.45648590893688,8
2021-03-31,130343.96648590895,115.45648590893688,8
2021-04-01,131839.5238201299,14112.443820129914,7
2021-04-05,132422.88401012993,85.81401012991591,8
2021-04-06,132504.4240101299,85.81401012991591,8
2021-04-07,132551.56401012992,85.81401012991591,8
2021-04-08,132190.4940101299,85.81401012991591,8
2021-04-09,133402.65401012992,85.81401012991591,8
2021-04-12,133667.8540101299,85.81401012991591,8
2021-04-13,132532.46401012992,85.81401012991591,8
2021-04-14,134068.36401012994,85.81401012991591,8
2021-04-15,136204.79401012993,85.81401012991591,8
2021-04-16,137689.7240101299,85.81401012991591,8
2021-04-19,138154.9847216569,116.60472165688714,7
2021-04-20,134408.33941280458,26993.929412804566,6
2021-04-21,136660.44954780457,20.71954780456568,8
2021-04-22,136192.86137780457,255.51137780456702,8
2021-04-23,137333.73137780456,255.51137780456702,8
2021-04-26,136299.49137780457,255.51137780456702,8
2021-04-27,137257.02137780454,255.51137780456702,8
2021-04-28,136314.88460280458,27315.52460280457,7
2021-04-29,137197.8406628046,114.05066280457322,8
2021-04-30,136117.10932129333,24761.729321293347,7
2021-05-03,138557.61990855512,118.32990855510124,7
2021-05-04,139367.9960585551,30.586058555101246,8
2021-05-05,139136.8569369983,14632.176936998283,6
2021-05-06,138332.98315068107,41751.45315068109,5
2021-05-07,139561.68315068108,41751.45315068109,5
2021-05-10,138783.10315068107,41751.45315068109,5
2021-05-11,137271.4861756811,65933.3061756811,4
2021-05-12,135484.82617568108,65933.3061756811,4
2021-05-13,136429.26617568108,65933.3061756811,4
2021-05-14,138908.73617568112,65933.3061756811,4
2021-05-17,140446.2861756811,65933.3061756811,4
2021-05-18,139582.79617568108,65933.3061756811,4
2021-05-19,138698.34508308885,66031.64508308884,3
2021-05-20,138315.91345808885,94340.73345808884,2
2021-05-21,138255.92110308883,55465.21110308885,3
2021-05-24,139448.86110308883,55465.21110308885,3
2021-05-25,139717.14110308886,55465.21110308885,3
2021-05-26,139910.67110308885,55465.21110308885,3
2021-05-27,139824.75525808884,82943.15525808885,2
2021-05-28,140246.86253808887,55123.81253808885,3
2021-06-01,139684.67253808887,55123.81253808885,3
2021-06-02,140005.88253808886,55123.81253808885,3
2021-06-03,139753.22253808886,55123.81253808885,3
2021-06-04,141422.20253808884,55123.81253808885,3
2021-06-07,141475.04253808886,55123.81253808885,3
2021-06-08,142007.04253808886,55123.81253808885,3
2021-06-09,141641.88253808883,55123.81253808885,3
2021-06-10,142281.45253808884,55123.81253808885,3
2021-06-11,142910.76253808883,55123.81253808885,3
2021-06-14,143316.93253808885,55123.81253808885,3
2021-06-15,142641.28253808885,55123.81253808885,3
2021-06-16,142069.19253808886,55123.81253808885,3
2021-06-17,143335.5718614322,82966.0718614322,2
2021-06-18,141791.6818614322,82966.0718614322,2
2021-06-21,142884.4118614322,82966.0718614322,2
2021-06-22,143520.5518614322,82966.0718614322,2
2021-06-23,143092.8218614322,82966.0718614322,2
2021-06-24,143582.6118614322,82966.0718614322,2
2021-06-25,143798.6418614322,82966.0718614322,2
2021-06-28,144854.90186143218,82966.0718614322,2
2021-06-29,144410.3218614322,82966.0718614322,2
2021-06-30,143637.0518614322,82966.0718614322,2
2021-07-01,144148.02186143218,82966.0718614322,2
2021-07-02,145057.8818614322,82966.0718614322,2
2021-07-06,144800.9818614322,82966.0718614322,2
2021-07-07,145289.9318614322,82966.0718614322,2
2021-07-08,144266.27949934202,111231.00949934202,1
2021-07-09,144769.08949934202,111231.00949934202,1
2021-07-12,144638.48949934202,111231.00949934202,1
2021-07-13,144801.73949934202,111231.00949934202,1
2021-07-14,144645.01949934202,111231.00949934202,1
2021-07-15,144703.78949934203,111231.00949934202,1
2021-07-16,142610.104839342,24478.33483934202,4
2021-07-19,141912.90292434202,85462.10292434202,2
2021-07-20,142080.315104342,113563.68510434202,1
2021-07-21,142446.753314342,56971.82331434202,3
2021-07-22,143684.66331434203,56971.82331434202,3
2021-07-23,144376.393314342,56971.82331434202,3
2021-07-26,144113.11331434204,56971.82331434202,3
2021-07-27,144430.42331434204,56971.82331434202,3
2021-07-28,144337.23720434203,85569.73720434203,2
2021-07-29,144848.92864434203,56938.30864434203,3
2021-07-30,144307.87896434203,84843.70896434203,2
2021-08-02,145209.95896434202,84843.70896434203,2
2021-08-03,146011.70913434203,56109.689134342036,3
2021-08-04,146249.71913434204,56109.689134342036,3
2021-08-05,147127.77913434204,56109.689134342036,3
2021-08-06,146852.87913434205,56109.689134342036,3
2021-08-09,146750.37913434205,56109.689134342036,3
2021-08-10,146386.51587434203,84841.83587434204,2
2021-08-11,146634.68587434205,84841.83587434204,2
2021-08-12,146595.29587434203,84841.83587434204,2
2021-08-13,146951.92587434204,84841.83587434204,2
2021-08-16,147342.96587434202,84841.83587434204,2
2021-08-17,147504.77587434204,84841.83587434204,2
2021-08-18,146216.30080933138,115378.02080933138,1
2021-08-19,146414.6808093314,115378.02080933138,1
2021-08-20,146658.8408093314,115378.02080933138,1
2021-08-23,146804.9008093314,115378.02080933138,1
2021-08-24,146687.1808093314,115378.02080933138,1
2021-08-25,146695.9008093314,115378.02080933138,1
2021-08-26,146576.0008093314,115378.02080933138,1
2021-08-27,146903.0008093314,115378.02080933138,1
2021-08-30,146916.08080933138,115378.02080933138,1
2021-08-31,147075.2208093314,115378.02080933138,1
2021-09-01,147247.44080933137,115378.02080933138,1
2021-09-02,147522.1208093314,115378.02080933138,1
2021-09-03,147539.5608093314,115378.02080933138,1
2021-09-07,147214.7408093314,115378.02080933138,1
2021-09-08,147439.2808093314,115378.02080933138,1
2021-09-09,147698.70080933138,115378.02080933138,1
2021-09-10,147735.76080933138,115378.02080933138,1
2021-09-13,147467.6208093314,115378.02080933138,1
2021-09-14,147142.17078933137,147142.17078933137,0
2021-09-15,147142.17078933137,147142.17078933137,0
2021-09-16,147142.17078933137,147142.17078933137,0
2021-09-17,147142.17078933137,147142.17078933137,0
2021-09-20,147142.17078933137,147142.17078933137,0
2021-09-21,147142.17078933137,147142.17078933137,0
2021-09-22,147142.17078933137,147142.17078933137,0
2021-09-23,147142.17078933137,147142.17078933137,0
2021-09-24,147142.17078933137,147142.17078933137,0
2021-09-27,147142.17078933137,147142.17078933137,0
2021-09-28,147142.17078933137,147142.17078933137,0
2021-09-29,147142.17078933137,147142.17078933137,0
2021-09-30,147142.17078933137,147142.17078933137,0
2021-10-01,147142.17078933137,147142.17078933137,0
2021-10-04,147142.17078933137,147142.17078933137,0
2021-10-05,147142.17078933137,147142.17078933137,0
2021-10-06,147142.17078933137,147142.17078933137,0
2021-10-07,147142.17078933137,147142.17078933137,0
2021-10-08,147142.17078933137,147142.17078933137,0
2021-10-11,147142.17078933137,147142.17078933137,0
2021-10-12,147142.17078933137,147142.17078933137,0
2021-10-13,147142.17078933137,147142.17078933137,0
2021-10-14,147142.17078933137,147142.17078933137,0
2021-10-15,147142.17078933137,147142.17078933137,0
2021-10-18,147142.17078933137,147142.17078933137,0
2021-10-19,146808.98672933137,59110.056729331365,3
2021-10-20,147298.17672933138,59110.056729331365,3
2021-10-21,148647.15672933136,59110.056729331365,3
2021-10-22,149213.98672933137,59110.056729331365,3
2021-10-25,151267.09745933136,62.00745933137296,5
2021-10-26,150636.41363933138,28235.553639331374,4
2021-10-27,148684.92313933137,60.473139331374114,5
2021-10-28,149875.3134724958,30470.813472495785,4
2021-10-29,154720.41447249582,617.894472495791,5
2021-11-01,154313.2344724958,617.894472495791,5
2021-11-02,155658.68499638865,29688.204996388653,4
2021-11-03,154195.34781069573,29946.747810695717,4
2021-11-04,155230.74781069573,29946.747810695717,4
2021-11-05,154700.56781069573,29946.747810695717,4
2021-11-08,154956.87781069573,29946.747810695717,4
2021-11-09,154748.14781069572,29946.747810695717,4
2021-11-10,153360.86414814353,58161.21414814354,3
2021-11-11,155013.14414814353,58161.21414814354,3
2021-11-12,155759.67414814353,58161.21414814354,3
2021-11-15,155344.70414814353,58161.21414814354,3
2021-11-16,155415.65414814354,58161.21414814354,3
2021-11-17,156254.80414814354,58161.21414814354,3
2021-11-18,156393.06414814355,58161.21414814354,3
2021-11-19,155588.89414814353,58161.21414814354,3
2021-11-22,154772.7218425668,91112.40184256679,2
2021-11-23,155882.8087225668,60250.73872256679,3
2021-11-24,156239.7987225668,60250.73872256679,3
2021-11-26,154586.2287225668,60250.73872256679,3
2021-11-29,154782.75360256678,90585.8036025668,2
2021-11-30,152706.04585670284,122642.43585670284,1
2021-12-01,152247.65085670285,91768.73085670285,2
2021-12-02,153086.02240170285,61105.91240170286,3
2021-12-03,151871.26764670285,90820.55764670286,2
2021-12-06,151047.08446670286,90090.36446670286,2
2021-12-07,152025.74446670286,90090.36446670286,2
2021-12-08,152065.19446670287,90090.36446670286,2
2021-12-09,152104.32446670288,90090.36446670286,2
2021-12-10,152656.39446670286,90090.36446670286,2
2021-12-13,154004.12446670287,90090.36446670286,2
2021-12-14,153371.41446670284,90090.36446670286,2
2021-12-15,155924.27446670286,90090.36446670286,2
2021-12-16,157161.95446670285,90090.36446670286,2
2021-12-17,156239.52446670286,90090.36446670286,2
2021-12-20,156849.57446670285,90090.36446670286,2
2021-12-21,155252.45810298886,123822.74810298887,1
2021-12-22,156203.66810298886,123822.74810298887,1
2021-12-23,156349.91810298886,123822.74810298887,1
2021-12-27,156823.76810298886,123822.74810298887,1
2021-12-28,156654.11810298887,123822.74810298887,1
2021-12-29,156844.8281029889,123822.74810298887,1
2021-12-30,156888.11810298887,123822.74810298887,1
2021-12-31,156833.12810298888,123822.74810298887,1
2022-01-03,155352.82808488488,155352.82808488488,0
2022-01-04,155352.82808488488,155352.82808488488,0
2022-01-05,152015.1316698849,62293.4916698849,3
2022-01-06,153458.7771548849,62028.07715488491,3
2022-01-07,153122.0505548849,91686.4405548849,2
2022-01-10,151881.4889848849,121131.3389848849,1
2022-01-11,152143.9095848849,90757.3595848849,2
2022-01-12,151736.8164848849,120728.56648488491,1
2022-01-13,151780.3164848849,120728.56648488491,1
2022-01-14,151484.51648488492,120728.56648488491,1
2022-01-18,151397.5164848849,120728.56648488491,1
2022-01-19,151149.5664848849,120728.56648488491,1
2022-01-20,150827.66648488492,120728.56648488491,1
2022-01-21,150722.7618848849,150722.7618848849,0
2022-01-24,150722.7618848849,150722.7618848849,0
2022-01-25,150722.7618848849,150722.7618848849,0
2022-01-26,150722.7618848849,150722.7618848849,0
2022-01-27,150722.7618848849,150722.7618848849,0
2022-01-28,150722.7618848849,150722.7618848849,0
2022-01-31,150722.7618848849,150722.7618848849,0
2022-02-01,150939.97779988492,60389.4477998849,3
2022-02-02,151260.1313198849,89487.85131988491,2
2022-02-03,150570.5873998849,59264.90739988491,3
2022-02-04,150936.1473998849,59264.90739988491,3
2022-02-07,152033.46739988492,59264.90739988491,3
2022-02-08,152220.2673998849,59264.90739988491,3
2022-02-09,151817.47754674978,89450.67754674978,2
2022-02-10,151394.3489967498,48.89899674978005,5
2022-02-11,150866.21259674977,97.91259674978573,5
2022-02-14,149914.3953217498,29977.515321749786,4
2022-02-15,151194.60532174978,29977.515321749786,4
2022-02-16,150613.79876174981,229.52876174978883,5
2022-02-17,148369.1982567498,86627.3182567498,2
2022-02-18,148478.5582567498,86627.3182567498,2
2022-02-22,148496.1982567498,86627.3182567498,2
2022-02-23,148524.1982567498,86627.3182567498,2
2022-02-24,148241.4382567498,86627.3182567498,2
2022-02-25,149203.8782567498,86627.3182567498,2
2022-02-28,149164.6382567498,86627.3182567498,2
2022-03-01,148915.9182567498,86627.3182567498,2
2022-03-02,149241.6382567498,86627.3182567498,2
2022-03-03,149373.3182567498,86627.3182567498,2
2022-03-04,149459.51825674978,86627.3182567498,2
2022-03-07,148861.9982567498,86627.3182567498,2
2022-03-08,148555.55825674982,86627.3182567498,2
2022-03-09,148665.67825674982,86627.3182567498,2
2022-03-10,148793.4382567498,86627.3182567498,2
2022-03-11,148815.9182567498,86627.3182567498,2
2022-03-14,148651.07165674982,116305.67165674981,1
2022-03-15,148893.5916567498,116305.67165674981,1
2022-03-16,148848.4716567498,116305.67165674981,1
2022-03-17,149254.5516567498,116305.67165674981,1
2022-03-18,149485.79165674982,116305.67165674981,1
2022-03-21,148656.8497867498,23.819786749823834,5
2022-03-22,147988.10764674982,29013.59764674983,4
2022-03-23,148060.98341174982,29176.413411749832,5
2022-03-24,149474.19944174984,29305.73944174983,5
2022-03-25,150891.97465174983,21.52465174983081,6
2022-03-28,149746.92441174985,1.0344117498308094,7
2022-03-29,148585.77256674983,56796.31256674983,5
2022-03-30,146449.47312674983,27090.587126749837,6
2022-03-31,146533.56688674985,61183.71488674985,5
2022-04-01,146641.07964674983,90027.76564674985,4
2022-04-04,147085.70890664466,116293.09890664468,2
2022-04-05,146487.68890664467,116293.09890664468,2
2022-04-06,145709.25890664468,116293.09890664468,2
2022-04-07,145285.92890664467,116293.09890664468,2
2022-04-08,144284.97281664467,137694.57281664468,1
2022-04-11,144175.00898028832,144175.00898028832,0
2022-04-12,144175.00898028832,144175.00898028832,0
2022-04-13,144175.00898028832,144175.00898028832,0
2022-04-14,144175.00898028832,144175.00898028832,0
2022-04-18,144175.00898028832,144175.00898028832,0
2022-04-19,144175.00898028832,144175.00898028832,0
2022-04-20,144175.00898028832,144175.00898028832,0
2022-04-21,144175.00898028832,144175.00898028832,0
2022-04-22,144175.00898028832,144175.00898028832,0
2022-04-25,144175.00898028832,144175.00898028832,0
2022-04-26,144175.00898028832,144175.00898028832,0
2022-04-27,144175.00898028832,144175.00898028832,0
2022-04-28,144175.00898028832,144175.00898028832,0
2022-04-29,144175.00898028832,144175.00898028832,0
2022-05-02,144175.00898028832,144175.00898028832,0
2022-05-03,144175.00898028832,144175.00898028832,0
2022-05-04,144175.00898028832,144175.00898028832,0
2022-05-05,144175.00898028832,144175.00898028832,0
2022-05-06,144175.00898028832,144175.00898028832,0
2022-05-09,144175.00898028832,144175.00898028832,0
2022-05-10,144175.00898028832,144175.00898028832,0
2022-05-11,144175.00898028832,144175.00898028832,0
2022-05-12,144175.00898028832,144175.00898028832,0
2022-05-13,144175.00898028832,144175.00898028832,0
2022-05-16,144175.00898028832,144175.00898028832,0
2022-05-17,144175.00898028832,144175.00898028832,0
2022-05-18,144175.00898028832,144175.00898028832,0
2022-05-19,144175.00898028832,144175.00898028832,0
2022-05-20,144175.00898028832,144175.00898028832,0
2022-05-23,144175.00898028832,144175.00898028832,0
2022-05-24,144175.00898028832,144175.00898028832,0
2022-05-25,144175.00898028832,144175.00898028832,0
2022-05-26,144175.00898028832,144175.00898028832,0
2022-05-27,144175.00898028832,144175.00898028832,0
2022-05-31,144175.00898028832,144175.00898028832,0
2022-06-01,144175.00898028832,144175.00898028832,0
2022-06-02,144175.00898028832,144175.00898028832,0
2022-06-03,144175.00898028832,144175.00898028832,0
2022-06-06,144175.00898028832,144175.00898028832,0
2022-06-07,144175.00898028832,144175.00898028832,0
2022-06-08,144175.00898028832,144175.00898028832,0
2022-06-09,144175.00898028832,144175.00898028832,0
2022-06-10,144175.00898028832,144175.00898028832,0
2022-06-13,144175.00898028832,144175.00898028832,0
2022-06-14,144175.00898028832,144175.00898028832,0
2022-06-15,144175.00898028832,144175.00898028832,0
2022-06-16,144175.00898028832,144175.00898028832,0
2022-06-17,144175.00898028832,144175.00898028832,0
2022-06-21,144175.00898028832,144175.00898028832,0
2022-06-22,144175.00898028832,144175.00898028832,0
2022-06-23,144175.00898028832,144175.00898028832,0
2022-06-24,144175.00898028832,144175.00898028832,0
2022-06-27,144175.00898028832,144175.00898028832,0
2022-06-28,144175.00898028832,144175.00898028832,0
2022-06-29,144175.00898028832,144175.00898028832,0
2022-06-30,144175.00898028832,144175.00898028832,0
2022-07-01,144175.00898028832,144175.00898028832,0
2022-07-05,144175.00898028832,144175.00898028832,0
2022-07-06,144175.00898028832,144175.00898028832,0
2022-07-07,144175.00898028832,144175.00898028832,0
2022-07-08,144175.00898028832,144175.00898028832,0
2022-07-11,144175.00898028832,144175.00898028832,0
2022-07-12,144175.00898028832,144175.00898028832,0
2022-07-13,144175.00898028832,144175.00898028832,0
2022-07-14,144175.00898028832,144175.00898028832,0
2022-07-15,144175.00898028832,144175.00898028832,0
2022-07-18,144175.00898028832,144175.00898028832,0
2022-07-19,144175.00898028832,144175.00898028832,0
2022-07-20,144175.00898028832,144175.00898028832,0
2022-07-21,144175.00898028832,144175.00898028832,0
2022-07-22,144175.00898028832,144175.00898028832,0
2022-07-25,144175.00898028832,144175.00898028832,0
2022-07-26,144175.00898028832,144175.00898028832,0
2022-07-27,144175.00898028832,144175.00898028832,0
2022-07-28,144175.00898028832,144175.00898028832,0
2022-07-29,144175.00898028832,144175.00898028832,0
2022-08-01,144175.00898028832,144175.00898028832,0
2022-08-02,144175.00898028832,144175.00898028832,0
2022-08-03,144175.00898028832,144175.00898028832,0
2022-08-04,144175.00898028832,144175.00898028832,0
2022-08-05,144175.00898028832,144175.00898028832,0
2022-08-08,144175.00898028832,144175.00898028832,0
2022-08-09,144175.00898028832,144175.00898028832,0
2022-08-10,144175.00898028832,144175.00898028832,0
2022-08-11,144175.00898028832,144175.00898028832,0
2022-08-12,144175.00898028832,144175.00898028832,0
2022-08-15,144175.00898028832,144175.00898028832,0
2022-08-16,144175.00898028832,144175.00898028832,0
2022-08-17,144175.00898028832,144175.00898028832,0
2022-08-18,144175.00898028832,144175.00898028832,0
2022-08-19,144175.00898028832,144175.00898028832,0
2022-08-22,144175.00898028832,144175.00898028832,0
2022-08-23,144175.00898028832,144175.00898028832,0
2022-08-24,144175.00898028832,144175.00898028832,0
2022-08-25,144175.00898028832,144175.00898028832,0
2022-08-26,144175.00898028832,144175.00898028832,0
2022-08-29,144175.00898028832,144175.00898028832,0
2022-08-30,144175.00898028832,144175.00898028832,0
2022-08-31,144175.00898028832,144175.00898028832,0
2022-09-01,144175.00898028832,144175.00898028832,0
2022-09-02,144175.00898028832,144175.00898028832,0
2022-09-06,144175.00898028832,144175.00898028832,0
2022-09-07,144175.00898028832,144175.00898028832,0
2022-09-08,144175.00898028832,144175.00898028832,0
2022-09-09,144175.00898028832,144175.00898028832,0
2022-09-12,144175.00898028832,144175.00898028832,0
2022-09-13,144175.00898028832,144175.00898028832,0
2022-09-14,144175.00898028832,144175.00898028832,0
2022-09-15,144175.00898028832,144175.00898028832,0
2022-09-16,144175.00898028832,144175.00898028832,0
2022-09-19,144175.00898028832,144175.00898028832,0
2022-09-20,144175.00898028832,144175.00898028832,0
2022-09-21,144175.00898028832,144175.00898028832,0
2022-09-22,144175.00898028832,144175.00898028832,0
2022-09-23,144175.00898028832,144175.00898028832,0
2022-09-26,144175.00898028832,144175.00898028832,0
2022-09-27,144175.00898028832,144175.00898028832,0
2022-09-28,144175.00898028832,144175.00898028832,0
2022-09-29,144175.00898028832,144175.00898028832,0
2022-09-30,144175.00898028832,144175.00898028832,0
2022-10-03,144175.00898028832,144175.00898028832,0
2022-10-04,144175.00898028832,144175.00898028832,0
2022-10-05,144175.00898028832,144175.00898028832,0
2022-10-06,144175.00898028832,144175.00898028832,0
2022-10-07,144175.00898028832,144175.00898028832,0
2022-10-10,144175.00898028832,144175.00898028832,0
2022-10-11,144175.00898028832,144175.00898028832,0
2022-10-12,144175.00898028832,144175.00898028832,0
2022-10-13,144175.00898028832,144175.00898028832,0
2022-10-14,144175.00898028832,144175.00898028832,0
2022-10-17,144175.00898028832,144175.00898028832,0
2022-10-18,144175.00898028832,144175.00898028832,0
2022-10-19,144175.00898028832,144175.00898028832,0
2022-10-20,144175.00898028832,144175.00898028832,0
2022-10-21,144175.00898028832,144175.00898028832,0
2022-10-24,144175.00898028832,144175.00898028832,0
2022-10-25,144175.00898028832,144175.00898028832,0
2022-10-26,144175.00898028832,144175.00898028832,0
2022-10-27,144175.00898028832,144175.00898028832,0
2022-10-28,144175.00898028832,144175.00898028832,0
2022-10-31,144175.00898028832,144175.00898028832,0
2022-11-01,144175.00898028832,144175.00898028832,0
2022-11-02,144175.00898028832,144175.00898028832,0
2022-11-03,144175.00898028832,144175.00898028832,0
2022-11-04,144175.00898028832,144175.00898028832,0
2022-11-07,144175.00898028832,144175.00898028832,0
2022-11-08,144175.00898028832,144175.00898028832,0
2022-11-09,144175.00898028832,144175.00898028832,0
2022-11-10,144175.00898028832,144175.00898028832,0
2022-11-11,145160.76610028834,57726.04610028834,3
2022-11-14,144999.61610028835,57726.04610028834,3
2022-11-15,146122.97610028833,57726.04610028834,3
2022-11-16,144844.79610028834,57726.04610028834,3
2022-11-17,143923.51150028832,85601.30150028833,2
2022-11-18,144826.98150028833,85601.30150028833,2
2022-11-21,144555.58150028833,85601.30150028833,2
2022-11-22,145014.40150028834,85601.30150028833,2
2022-11-23,145389.18150028834,85601.30150028833,2
2022-11-25,145487.31150028834,85601.30150028833,2
2022-11-28,144010.32150028832,85601.30150028833,2
2022-11-29,144218.87150028834,85601.30150028833,2
2022-11-30,146163.91150028835,85601.30150028833,2
2022-12-01,146388.98150028833,85601.30150028833,2
2022-12-02,146156.19150028832,85601.30150028833,2
2022-12-05,144959.42377469852,115336.26377469851,1
2022-12-06,144505.4037746985,115336.26377469851,1
2022-12-07,143788.18377469853,115336.26377469851,1
2022-12-08,149466.7237746985,115336.26377469851,1
2022-12-09,148736.3437746985,115336.26377469851,1
2022-12-12,148920.58377469852,115336.26377469851,1
2022-12-13,148631.06377469853,115336.26377469851,1
2022-12-14,148742.92377469852,115336.26377469851,1
2022-12-15,147269.0037746985,115336.26377469851,1
2022-12-16,146828.8396096985,146828.8396096985,0
2022-12-19,146828.8396096985,146828.8396096985,0
2022-12-20,146828.8396096985,146828.8396096985,0
2022-12-21,146828.8396096985,146828.8396096985,0
2022-12-22,146828.8396096985,146828.8396096985,0
2022-12-23,146828.8396096985,146828.8396096985,0
2022-12-27,146828.8396096985,146828.8396096985,0
2022-12-28,146828.8396096985,146828.8396096985,0
2022-12-29,146828.8396096985,146828.8396096985,0
2022-12-30,146828.8396096985,146828.8396096985,0
2023-01-03,146828.8396096985,146828.8396096985,0
2023-01-04,146828.8396096985,146828.8396096985,0
2023-01-05,147730.59412469855,58853.90412469853,3
2023-01-06,149937.26412469853,58853.90412469853,3
2023-01-09,148781.17412469853,58853.90412469853,3
2023-01-10,149082.39412469853,58853.90412469853,3
2023-01-11,149649.14412469853,58853.90412469853,3
2023-01-12,150554.63412469852,58853.90412469853,3
2023-01-13,152763.37185469855,28865.521854698534,5
2023-01-17,152382.47962469852,26.649624698533444,6
2023-01-18,151117.80962469854,26.649624698533444,6
2023-01-19,149789.11282469853,28186.16282469854,5
2023-01-20,151910.11643969856,57204.41643969854,4
2023-01-23,155151.50301969855,28783.373019698545,5
2023-01-24,154713.60301969855,28783.373019698545,5
2023-01-25,154028.46301969854,28783.373019698545,5
2023-01-26,154345.69301969855,28783.373019698545,5
2023-01-27,154811.46051469856,23.990514698547486,6
2023-01-30,153596.15577516708,30029.895775167093,5
2023-01-31,156126.90577516708,30029.895775167093,5
2023-02-01,158983.8057751671,30029.895775167093,5
2023-02-02,163663.46949516708,58268.3294951671,4
2023-02-03,160610.8582680524,59589.538268052405,4
2023-02-06,159589.76826805243,59589.538268052405,4
2023-02-07,158519.16753273795,94199.27753273796,3
2023-02-08,157831.71928273796,62606.989282737966,4
2023-02-09,156369.97747503067,124156.95747503066,2
2023-02-10,156807.926163892,124198.426163892,1
2023-02-13,157199.926163892,124198.426163892,1
2023-02-14,157077.426163892,124198.426163892,1
2023-02-15,157689.926163892,124198.426163892,1
2023-02-16,156905.926163892,124198.426163892,1
2023-02-17,157028.426163892,124198.426163892,1
2023-02-21,155820.45858389203,62133.488583892016,3
2023-02-22,155555.61721889203,62208.957218892014,3
2023-02-23,155966.20543389203,70476.27543389202,3
2023-02-24,155793.545433892,70476.27543389202,3
2023-02-27,155468.63923389203,100853.47923389202,2
2023-02-28,155993.71107889203,69801.65107889203,3
2023-03-01,155598.08107889202,69801.65107889203,3
2023-03-02,155673.389158892,100470.14915889202,2
2023-03-03,159134.698838892,69393.97883889201,3
2023-03-06,157846.41883889202,69393.97883889201,3
2023-03-07,156841.218838892,69393.97883889201,3
2023-03-08,156311.09789389203,99240.93789389201,2
2023-03-09,155515.626893892,67963.30689389202,3
2023-03-10,153489.42051136945,121778.90051136946,1
2023-03-13,153731.22051136947,121778.90051136946,1
2023-03-14,154807.54051136947,121778.90051136946,1
2023-03-15,154488.86051136945,121778.90051136946,1
2023-03-16,154750.50051136946,121778.90051136946,1
2023-03-17,154657.50051136946,121778.90051136946,1
2023-03-20,154943.94051136947,121778.90051136946,1
2023-03-21,155098.94051136947,121778.90051136946,1
2023-03-22,154405.78051136946,121778.90051136946,1
2023-03-23,154638.90051136946,121778.90051136946,1
2023-03-24,154927.82051136944,121778.90051136946,1
2023-03-27,155097.70051136945,121778.90051136946,1
2023-03-28,155013.38051136944,121778.90051136946,1
2023-03-29,155208.06051136946,121778.90051136946,1
2023-03-30,155499.46051136946,121778.90051136946,1
2023-03-31,156071.10051136947,121778.90051136946,1
2023-04-03,156322.82051136944,121778.90051136946,1
2023-04-04,156267.02051136945,121778.90051136946,1
2023-04-05,156378.62051136946,121778.90051136946,1
2023-04-06,156336.46051136946,121778.90051136946,1
2023-04-10,156404.66051136947,121778.90051136946,1
2023-04-11,156851.12792636946,90518.10792636946,2
2023-04-12,157464.10729136947,27945.56729136946,4
2023-04-13,157812.47729136946,27945.56729136946,4
2023-04-14,157578.93942636944,58745.88942636947,3
2023-04-17,158684.55341636948,27218.11341636947,4
2023-04-18,159282.10995636947,62147.55995636947,3
2023-04-19,159102.56995636947,62147.55995636947,3
2023-04-20,159163.79995636948,62147.55995636947,3
2023-04-21,159148.23995636945,62147.55995636947,3
2023-04-24,159679.44995636947,62147.55995636947,3
2023-04-25,159500.63995636947,62147.55995636947,3
2023-04-26,158555.78858636948,93074.82858636948,2
2023-04-27,159614.57858636946,93074.82858636948,2
2023-04-28,160848.84858636948,93074.82858636948,2
2023-05-01,161040.25858636945,93074.82858636948,2
2023-05-02,160503.02858636947,93074.82858636948,2
2023-05-03,160338.21858636948,93074.82858636948,2
2023-05-04,158626.8549882254,125412.9949882254,1
2023-05-05,158542.67213519695,158542.67213519695,0
2023-05-08,158542.67213519695,158542.67213519695,0
2023-05-09,158542.67213519695,158542.67213519695,0
2023-05-10,158542.67213519695,158542.67213519695,0
2023-05-11,158542.67213519695,158542.67213519695,0
2023-05-12,158542.67213519695,158542.67213519695,0
2023-05-15,158542.67213519695,158542.67213519695,0
2023-05-16,158542.67213519695,158542.67213519695,0
2023-05-17,158542.67213519695,158542.67213519695,0
2023-05-18,158542.67213519695,158542.67213519695,0
2023-05-19,158542.67213519695,158542.67213519695,0
2023-05-22,158542.67213519695,158542.67213519695,0
2023-05-23,158542.67213519695,158542.67213519695,0
2023-05-24,158542.67213519695,158542.67213519695,0
2023-05-25,158542.67213519695,158542.67213519695,0
2023-05-26,158542.67213519695,158542.67213519695,0
2023-05-30,158542.67213519695,158542.67213519695,0
2023-05-31,158542.67213519695,158542.67213519695,0
2023-06-01,158542.67213519695,158542.67213519695,0
2023-06-02,158542.67213519695,158542.67213519695,0
2023-06-05,158542.67213519695,158542.67213519695,0
2023-06-06,158542.67213519695,158542.67213519695,0
2023-06-07,158542.67213519695,158542.67213519695,0
2023-06-08,158542.67213519695,158542.67213519695,0
2023-06-09,158542.67213519695,158542.67213519695,0
2023-06-12,158542.67213519695,158542.67213519695,0
2023-06-13,158542.67213519695,158542.67213519695,0
2023-06-14,158542.67213519695,158542.67213519695,0
2023-06-15,158542.67213519695,158542.67213519695,0
2023-06-16,158542.67213519695,158542.67213519695,0
2023-06-20,158542.67213519695,158542.67213519695,0
2023-06-21,158542.67213519695,158542.67213519695,0
2023-06-22,158542.67213519695,158542.67213519695,0
2023-06-23,158542.67213519695,158542.67213519695,0
2023-06-26,158542.67213519695,158542.67213519695,0
2023-06-27,158730.55959519694,95486.07959519695,2
2023-06-28,158561.82992519694,63187.31592519695,3
2023-06-29,159790.13466519694,1.218665196953225,5
2023-06-30,161190.40666519693,1.218665196953225,5
2023-07-03,160466.43866519694,1.218665196953225,5
2023-07-05,160008.70466519694,1.218665196953225,5
2023-07-06,158482.99249021354,62495.59849021355,3
2023-07-07,158921.78106021357,13.51306021356504,5
2023-07-10,160329.88306021356,13.51306021356504,5
2023-07-11,164339.21106021357,13.51306021356504,5
2023-07-12,164069.73506021357,13.51306021356504,5
2023-07-13,164883.58106021356,13.51306021356504,5
2023-07-14,163343.29506021357,13.51306021356504,5
2023-07-17,163770.01306021356,13.51306021356504,5
2023-07-18,165951.12906021354,13.51306021356504,5
2023-07-19,165921.68506021355,13.51306021356504,5
2023-07-20,165483.68329196938,32278.39129196941,4
2023-07-21,165509.5474019694,14.487401969409408,6
2023-07-24,167778.75373696943,31893.869736969413,5
2023-07-25,167794.2724869694,87.47448696941501,6
2023-07-26,168800.01448696942,87.47448696941501,6
2023-07-27,166989.95248696939,87.47448696941501,6
2023-07-28,168614.98448696942,87.47448696941501,6
2023-07-31,169529.49048696936,87.47448696941501,6
2023-08-01,169044.27048696938,87.47448696941501,6
2023-08-02,168866.68648696938,87.47448696941501,6
2023-08-03,168051.830463396,31395.93246339598,5
2023-08-04,168024.016573396,4.464573395979556,7
2023-08-07,169177.3489483345,34617.85294833447,6
2023-08-08,168600.57938833447,17.441388334473686,8
2023-08-09,165857.8216733345,30621.241673334483,7
2023-08-10,165990.9757383345,43.4797383344885,8
2023-08-11,166071.5844883345,369.8164883344885,7
2023-08-14,164502.98753833448,33447.16953833449,6
2023-08-15,163904.4888333345,33475.79283333449,6
2023-08-16,162797.5410111994,32134.505011199428,5
2023-08-17,162041.9545268601,61052.034526860094,3
2023-08-18,161362.63165186014,31765.981651860104,4
2023-08-21,162859.8581218601,19.056121860103303,5
2023-08-22,161852.94617186007,1.7501718601005365,6
2023-08-23,162923.57121386012,36273.521213860105,5
2023-08-24,162852.1777438601,3824.7677438601113,5
2023-08-25,163395.5077438601,3824.7677438601113,5
2023-08-28,165119.0677438601,3824.7677438601113,5
2023-08-29,165951.62774386012,3824.7677438601113,5
2023-08-30,164635.3076273878,35451.827627387785,4
2023-08-31,163499.7276273878,35451.827627387785,4
2023-09-01,163999.3276273878,35451.827627387785,4
2023-09-05,162431.2712639523,63644.481263952315,3
2023-09-06,162469.2876608897,95948.0076608897,2
2023-09-07,162267.4076608897,95948.0076608897,2
2023-09-08,161672.48453379158,128551.04453379159,1
2023-09-11,161829.92453379158,128551.04453379159,1
2023-09-12,161362.52453379158,128551.04453379159,1
2023-09-13,161419.1045337916,128551.04453379159,1
2023-09-14,161598.6845337916,128551.04453379159,1
2023-09-15,161293.64453379158,128551.04453379159,1
2023-09-18,161091.92453379158,128551.04453379159,1
2023-09-19,161002.67101311157,161002.67101311157,0
2023-09-20,160872.9826031116,97013.87260311158,2
2023-09-21,158930.82352311158,95748.66352311158,2
2023-09-22,158733.53115811158,95219.80115811157,2
2023-09-25,159142.31363811158,63949.13363811157,3
2023-09-26,159004.20359811158,63717.053598111575,3
2023-09-27,158871.6535981116,63717.053598111575,3
2023-09-28,159066.13359811157,63717.053598111575,3
2023-09-29,158053.87003811158,95348.35003811157,2
2023-10-02,157904.00797811156,94624.82797811159,2
2023-10-03,156342.5258181116,94030.5258181116,2
2023-10-04,156625.5689681116,93926.24896811158,2
2023-10-05,156866.49429311158,62681.28429311159,3
2023-10-06,158383.77429311158,62681.28429311159,3
2023-10-09,159397.9242931116,62681.28429311159,3
2023-10-10,159630.37429311158,62681.28429311159,3
2023-10-11,159133.2842931116,62681.28429311159,3
2023-10-12,159460.0542931116,62681.28429311159,3
2023-10-13,160775.4542931116,62681.28429311159,3
2023-10-16,162609.27429311158,62681.28429311159,3
2023-10-17,163195.5342931116,62681.28429311159,3
2023-10-18,163720.8842931116,62681.28429311159,3
2023-10-19,162310.9842931116,62681.28429311159,3
2023-10-20,161890.52931134304,95598.04931134303,2
2023-10-23,161055.04931134303,95598.04931134303,2
2023-10-24,160700.38766657937,127782.88766657937,1
2023-10-25,161109.58766657935,127782.88766657937,1
2023-10-26,160510.30766657938,127782.88766657937,1
2023-10-27,160307.68766657935,127782.88766657937,1
2023-10-30,160803.34766657936,127782.88766657937,1
2023-10-31,161167.66766657936,127782.88766657937,1
2023-11-01,159663.41942657938,159663.41942657938,0
2023-11-02,159663.41942657938,159663.41942657938,0
2023-11-03,159663.41942657938,159663.41942657938,0
2023-11-06,159663.41942657938,159663.41942657938,0
2023-11-07,159663.41942657938,159663.41942657938,0
2023-11-08,159663.41942657938,159663.41942657938,0
2023-11-09,159663.41942657938,159663.41942657938,0
2023-11-10,159663.41942657938,159663.41942657938,0
2023-11-13,159663.41942657938,159663.41942657938,0
2023-11-14,159663.41942657938,159663.41942657938,0
2023-11-15,159663.41942657938,159663.41942657938,0
2023-11-16,159663.41942657938,159663.41942657938,0
2023-11-17,159663.41942657938,159663.41942657938,0
2023-11-20,159663.41942657938,159663.41942657938,0
2023-11-21,159663.41942657938,159663.41942657938,0
2023-11-22,159663.41942657938,159663.41942657938,0
2023-11-24,159663.41942657938,159663.41942657938,0
2023-11-27,159663.41942657938,159663.41942657938,0
2023-11-28,159650.9148465794,64646.77484657939,3
2023-11-29,158928.9255265794,95489.9855265794,2
2023-11-30,159866.5113865794,63925.9313865794,3
2023-12-01,160196.5413865794,63925.9313865794,3
2023-12-04,159777.8296765794,94514.04967657941,2
2023-12-05,159156.4496765794,94514.04967657941,2
2023-12-06,159593.9940765794,62726.96407657942,3
2023-12-07,160211.64596657944,62198.285966579424,3
2023-12-08,160051.1659665794,62198.285966579424,3
2023-12-11,160268.99596657942,62198.285966579424,3
2023-12-12,160941.22596657943,62198.285966579424,3
2023-12-13,162668.28596657942,62198.285966579424,3
2023-12-14,164066.09584662225,94665.09584662225,2
2023-12-15,163085.99434662226,62065.80434662225,3
2023-12-18,163632.84434662227,62065.80434662225,3
2023-12-19,164368.92434662225,62065.80434662225,3
2023-12-20,162457.25223662227,93834.13223662226,2
2023-12-21,164041.99806162226,61329.538061622254,3
2023-12-22,163924.14806162223,61329.538061622254,3
2023-12-26,164646.64806162225,61329.538061622254,3
2023-12-27,164989.28806162224,61329.538061622254,3
2023-12-28,165071.20806162228,61329.538061622254,3
2023-12-29,164513.65806162223,61329.538061622254,3
2024-01-02,162894.77644345796,97016.37644345796,2
2024-01-03,160759.91956245858,128966.68956245857,1
2024-01-04,160805.8720074586,160805.8720074586,0
2024-01-05,160805.8720074586,160805.8720074586,0
2024-01-08,160805.8720074586,160805.8720074586,0
2024-01-09,160805.8720074586,160805.8720074586,0
2024-01-10,160805.8720074586,160805.8720074586,0
2024-01-11,160805.8720074586,160805.8720074586,0
2024-01-12,160805.8720074586,160805.8720074586,0
2024-01-16,160805.8720074586,160805.8720074586,0
2024-01-17,160805.8720074586,160805.8720074586,0
2024-01-18,160805.8720074586,160805.8720074586,0
2024-01-19,160805.8720074586,160805.8720074586,0
2024-01-22,160805.8720074586,160805.8720074586,0
2024-01-23,160805.8720074586,160805.8720074586,0
2024-01-24,160805.8720074586,160805.8720074586,0
2024-01-25,160805.8720074586,160805.8720074586,0
2024-01-26,160805.8720074586,160805.8720074586,0
2024-01-29,160805.8720074586,160805.8720074586,0
2024-01-30,160805.8720074586,160805.8720074586,0
2024-01-31,160805.8720074586,160805.8720074586,0
2024-02-01,160805.8720074586,160805.8720074586,0
2024-02-02,160805.8720074586,160805.8720074586,0
2024-02-05,160805.8720074586,160805.8720074586,0
2024-02-06,160805.8720074586,160805.8720074586,0
2024-02-07,160805.8720074586,160805.8720074586,0
2024-02-08,160805.8720074586,160805.8720074586,0
2024-02-09,160805.8720074586,160805.8720074586,0
2024-02-12,160805.8720074586,160805.8720074586,0
2024-02-13,160805.8720074586,160805.8720074586,0
2024-02-14,160805.8720074586,160805.8720074586,0
2024-02-15,160805.8720074586,160805.8720074586,0
2024-02-16,160805.8720074586,160805.8720074586,0
2024-02-20,160805.8720074586,160805.8720074586,0
2024-02-21,160805.8720074586,160805.8720074586,0
2024-02-22,160805.8720074586,160805.8720074586,0
2024-02-23,160805.8720074586,160805.8720074586,0
2024-02-26,160805.8720074586,160805.8720074586,0
2024-02-27,160805.8720074586,160805.8720074586,0
2024-02-28,160805.8720074586,160805.8720074586,0
2024-02-29,160805.8720074586,160805.8720074586,0
2024-03-01,160805.8720074586,160805.8720074586,0
2024-03-04,160805.8720074586,160805.8720074586,0
2024-03-05,160805.8720074586,160805.8720074586,0
2024-03-06,160805.8720074586,160805.8720074586,0
2024-03-07,160805.8720074586,160805.8720074586,0
2024-03-08,160805.8720074586,160805.8720074586,0
2024-03-11,160805.8720074586,160805.8720074586,0
2024-03-12,160805.8720074586,160805.8720074586,0
2024-03-13,160805.8720074586,160805.8720074586,0
2024-03-14,160805.8720074586,160805.8720074586,0
2024-03-15,160805.8720074586,160805.8720074586,0
2024-03-18,160805.8720074586,160805.8720074586,0
2024-03-19,160805.8720074586,160805.8720074586,0
2024-03-20,160805.8720074586,160805.8720074586,0
2024-03-21,160805.8720074586,160805.8720074586,0
2024-03-22,160805.8720074586,160805.8720074586,0
2024-03-25,160805.8720074586,160805.8720074586,0
2024-03-26,160805.8720074586,160805.8720074586,0
2024-03-27,160805.8720074586,160805.8720074586,0
2024-03-28,160805.8720074586,160805.8720074586,0
2024-04-01,160805.8720074586,160805.8720074586,0
2024-04-02,160805.8720074586,160805.8720074586,0
2024-04-03,160805.8720074586,160805.8720074586,0
2024-04-04,160805.8720074586,160805.8720074586,0
2024-04-05,160805.8720074586,160805.8720074586,0
2024-04-08,160805.8720074586,160805.8720074586,0
2024-04-09,160805.8720074586,160805.8720074586,0
2024-04-10,160805.8720074586,160805.8720074586,0
2024-04-11,160805.8720074586,160805.8720074586,0
2024-04-12,160805.8720074586,160805.8720074586,0
2024-04-15,160805.8720074586,160805.8720074586,0
2024-04-16,160145.4414774586,64436.651477458596,3
2024-04-17,160566.83271245862,63986.1527124586,3
2024-04-18,160214.0327124586,63986.1527124586,3
2024-04-19,159812.1478524586,104.50785245860607,5
2024-04-22,160987.59139245862,30789.411392458616,4
2024-04-23,164265.2345424586,17629.134542458618,5
2024-04-24,163614.57454245863,17629.134542458618,5
2024-04-25,164488.57454245863,17629.134542458618,5
2024-04-26,165120.0345424586,17629.134542458618,5
2024-04-29,167591.6745424586,17629.134542458618,5
2024-04-30,165511.19454245863,17629.134542458618,5
2024-05-01,165876.24454245862,17629.134542458618,5
2024-05-02,167867.26454245864,17629.134542458618,5
2024-05-03,168890.94454245863,17629.134542458618,5
2024-05-06,170669.5124608538,50019.78246085378,4
2024-05-07,169778.3562108538,15950.256210853782,5
2024-05-08,171556.4775108538,24.897510853783388,6
2024-05-09,172190.96751085375,24.897510853783388,6
2024-05-10,173779.03751085378,24.897510853783388,6
2024-05-13,172340.39751085377,24.897510853783388,6
2024-05-14,173670.06751085378,24.897510853783388,6
2024-05-15,179377.9175108538,24.897510853783388,6
2024-05-16,178703.81751085378,24.897510853783388,6
2024-05-17,179778.92751085377,24.897510853783388,6
2024-05-20,178858.05751085375,24.897510853783388,6
2024-05-21,181497.37751085378,24.897510853783388,6
2024-05-22,188310.86751085377,24.897510853783388,6
2024-05-23,185912.6397805416,77160.97978054156,4
2024-05-24,187509.83978054154,77160.97978054156,4
2024-05-28,187285.46526335983,87720.31526335985,3
2024-05-29,190261.51780335986,12360.95780335986,5
2024-05-30,186753.8842299487,94622.7942299487,3
2024-05-31,187571.7842299487,94622.7942299487,3
2024-06-03,188601.5142299487,94622.7942299487,3
2024-06-04,188447.6242299487,94622.7942299487,3
2024-06-05,190374.4642299487,94622.7942299487,3
2024-06-06,190805.7242299487,94622.7942299487,3
2024-06-07,190444.6642299487,94622.7942299487,3
2024-06-10,191019.6242299487,94622.7942299487,3
2024-06-11,190415.35422994872,94622.7942299487,3
2024-06-12,192885.7742299487,94622.7942299487,3
2024-06-13,192902.2042299487,94622.7942299487,3
2024-06-14,192289.7042299487,94622.7942299487,3
2024-06-17,192823.8242299487,94622.7942299487,3
2024-06-18,192816.8942299487,94622.7942299487,3
2024-06-20,193034.6442299487,94622.7942299487,3
2024-06-21,193727.69422994868,94622.7942299487,3
2024-06-24,194853.75422994868,94622.7942299487,3
2024-06-25,195714.4042299487,94622.7942299487,3
2024-06-26,194300.1565699487,17230.986569948705,5
2024-06-27,193217.11971994874,95.92971994871914,5
2024-06-28,191892.04971994873,95.92971994871914,5
2024-07-01,190561.85403494874,32690.994034948722,4
2024-07-02,192038.7970549487,0.6970549487232347,5
2024-07-03,192407.94705494872,0.6970549487232347,5
2024-07-05,191582.45705494873,0.6970549487232347,5
2024-07-08,192442.6170549487,0.6970549487232347,5
2024-07-09,192802.14221494872,37651.54221494873,4
2024-07-10,193205.9789474496,78769.93894744957,3
2024-07-11,196373.02894744958,78769.93894744957,3
2024-07-12,197842.63894744957,78769.93894744957,3
2024-07-15,198890.4789474496,78769.93894744957,3
2024-07-16,199625.44894744956,78769.93894744957,3
2024-07-17,199338.25894744956,78769.93894744957,3
2024-07-18,197311.94639374258,115150.99639374256,2
2024-07-19,196777.93716125138,155579.85716125136,1
2024-07-22,197360.47716125136,155579.85716125136,1
2024-07-23,196635.49796125136,77002.18796125136,3
2024-07-24,196605.54830125137,115462.26830125136,2
2024-07-25,196505.85173125137,157014.62173125136,1
2024-07-26,196505.85173125137,157014.62173125136,1
2024-07-29,197118.75877125136,79529.97877125136,3
2024-07-30,198394.59877125136,79529.97877125136,3
2024-07-31,194491.58149125136,116446.07149125136,2
2024-08-01,194159.57260125136,115348.52260125137,2
2024-08-02,194590.11260125137,115348.52260125137,2
2024-08-05,193154.96148910554,193154.96148910554,0
2024-08-06,193154.96148910554,193154.96148910554,0
2024-08-07,193154.96148910554,193154.96148910554,0
2024-08-08,193154.96148910554,193154.96148910554,0
2024-08-09,193154.96148910554,193154.96148910554,0
2024-08-12,193154.96148910554,193154.96148910554,0
2024-08-13,193154.96148910554,193154.96148910554,0
2024-08-14,193154.96148910554,193154.96148910554,0
2024-08-15,193154.96148910554,193154.96148910554,0
2024-08-16,194269.05694910552,78008.33694910552,3
2024-08-19,194842.8569491055,78008.33694910552,3
2024-08-20,194505.33694910552,78008.33694910552,3
2024-08-21,194508.87694910553,78008.33694910552,3
2024-08-22,193199.8569491055,78008.33694910552,3
2024-08-23,193785.9769491055,78008.33694910552,3
2024-08-26,193291.5969491055,78008.33694910552,3
2024-08-27,193925.83694910552,78008.33694910552,3
2024-08-28,193835.39694910552,78008.33694910552,3
2024-08-29,194226.39694910552,78008.33694910552,3
2024-08-30,195501.3169491055,78008.33694910552,3
2024-09-03,192055.8175721216,153509.4175721216,1
2024-09-04,192447.0175721216,153509.4175721216,1
2024-09-05,192186.2175721216,153509.4175721216,1
2024-09-06,192203.8175721216,153509.4175721216,1
2024-09-09,192935.8175721216,153509.4175721216,1
2024-09-10,193475.0175721216,153509.4175721216,1
2024-09-11,193491.0175721216,153509.4175721216,1
2024-09-12,193963.0175721216,153509.4175721216,1
2024-09-13,194649.4696721216,114794.26967212159,2
2024-09-16,194553.90941712158,76274.50941712159,3
2024-09-17,194226.08941712158,76274.50941712159,3
2024-09-18,193851.8781271216,114278.0781271216,2
2024-09-19,195979.6415271216,75785.6415271216,3
2024-09-20,195337.6415271216,75785.6415271216,3
2024-09-23,195682.8415271216,75785.6415271216,3
2024-09-24,195952.2415271216,75785.6415271216,3
2024-09-25,195313.44152712158,75785.6415271216,3
2024-09-26,199447.2415271216,75785.6415271216,3
2024-09-27,198154.8415271216,75785.6415271216,3
2024-09-30,198477.04152712162,75785.6415271216,3
2024-10-01,196764.6415271216,75785.6415271216,3
2024-10-02,198001.44152712158,75785.6415271216,3
2024-10-03,198362.24152712157,75785.6415271216,3
2024-10-04,199381.6415271216,75785.6415271216,3
2024-10-07,198340.6415271216,75785.6415271216,3
2024-10-08,198954.0415271216,75785.6415271216,3
2024-10-09,200717.8415271216,75785.6415271216,3
2024-10-10,200069.04152712162,75785.6415271216,3
2024-10-11,200599.7927271216,117462.3927271216,2
2024-10-14,201034.3927271216,117462.3927271216,2
2024-10-15,201270.7927271216,117462.3927271216,2
2024-10-16,201476.5927271216,117462.3927271216,2
2024-10-17,202050.5927271216,117462.3927271216,2
2024-10-18,202711.3927271216,117462.3927271216,2
2024-10-21,202061.5927271216,117462.3927271216,2
2024-10-22,200931.19272712158,117462.3927271216,2
2024-10-23,199916.0315368841,156975.23153688412,1
2024-10-24,199100.73272214984,199100.73272214984,0
2024-10-25,199100.73272214984,199100.73272214984,0
2024-10-28,199100.73272214984,199100.73272214984,0
2024-10-29,199100.73272214984,199100.73272214984,0
2024-10-30,199100.73272214984,199100.73272214984,0
2024-10-31,199100.73272214984,199100.73272214984,0
2024-11-01,200126.67972214986,119615.00972214986,2
2024-11-04,200477.58283214987,79621.24283214986,3
2024-11-05,199949.63718714984,118073.29718714984,2
2024-11-06,199641.29718714984,118073.29718714984,2
2024-11-07,200434.59793714987,78214.87793714985,3
2024-11-08,204566.77143714984,118007.97143714986,2
2024-11-11,205950.27143714984,118007.97143714986,2
2024-11-12,205810.49143714987,118007.97143714986,2
2024-11-13,204842.67143714987,118007.97143714986,2
2024-11-14,203994.6754721323,163871.8354721323,1
2024-11-15,203833.7492468501,203833.7492468501,0
2024-11-18,203833.7492468501,203833.7492468501,0
2024-11-19,203833.7492468501,203833.7492468501,0
2024-11-20,203833.7492468501,203833.7492468501,0
2024-11-21,203833.7492468501,203833.7492468501,0
2024-11-22,203833.7492468501,203833.7492468501,0
2024-11-25,203833.7492468501,203833.7492468501,0
2024-11-26,203833.7492468501,203833.7492468501,0
2024-11-27,203833.7492468501,203833.7492468501,0
2024-11-29,203833.7492468501,203833.7492468501,0
2024-12-02,203391.1717268501,82438.04172685009,3
2024-12-03,203303.65172685008,82438.04172685009,3
2024-12-04,202183.7890668501,161943.58906685008,1
2024-12-05,200934.05105185008,121125.30105185008,2
2024-12-06,199914.91896185008,120267.75896185008,2
2024-12-09,198244.12484685009,80279.54484685008,3
2024-12-10,199758.69516685008,79738.77516685007,3
2024-12-11,199478.80122685008,118467.28122685007,2
2024-12-12,199493.74643685005,78577.76643685007,3
2024-12-13,198365.81839185007,117514.37839185007,2
2024-12-16,198517.10593185006,77829.62593185007,3
2024-12-17,199681.46593185008,77829.62593185007,3
2024-12-18,196718.50593185006,77829.62593185007,3
2024-12-19,197120.2371918501,116267.87719185007,2
2024-12-20,198254.59719185007,116267.87719185007,2
2024-12-23,198919.47329185007,76640.27329185007,3
2024-12-24,199829.31329185006,76640.27329185007,3
2024-12-26,200495.45329185008,76640.27329185007,3
2024-12-27,200047.35329185007,76640.27329185007,3
2024-12-30,197224.55329185008,76640.27329185007,3
2024-12-31,196949.42338185007,115480.66338185007,2
2025-01-02,195975.99375685005,76101.73375685007,3
2025-01-03,197075.34375685008,76101.73375685007,3
2025-01-06,196700.47066317385,115847.50066317385,2
2025-01-07,197457.45698317385,76560.50698317385,3
2025-01-08,199705.09698317386,76560.50698317385,3
2025-01-10,197833.30698317382,76560.50698317385,3
2025-01-13,197755.88794317385,115479.11794317386,2
2025-01-14,197319.40794317386,115479.11794317386,2
2025-01-15,198075.28794317384,115479.11794317386,2
2025-01-16,198879.4760231739,75875.48602317387,3
2025-01-17,198626.0169731739,114874.07697317388,2
2025-01-21,201169.82642817387,83197.15642817388,3
2025-01-22,201166.37642817388,83197.15642817388,3
2025-01-23,201022.6964281739,83197.15642817388,3
2025-01-24,201615.3864281739,83197.15642817388,3
2025-01-27,200991.5764281739,83197.15642817388,3
2025-01-28,200186.06594878982,122638.49594878984,2
2025-01-29,199653.41594878986,122638.49594878984,2
2025-01-30,200235.67594878984,122638.49594878984,2
2025-01-31,199645.86594878984,122638.49594878984,2
2025-02-03,200039.71594878985,122638.49594878984,2
2025-02-04,200397.45594878984,122638.49594878984,2
2025-02-05,201512.52594878984,122638.49594878984,2
2025-02-06,201365.75594878983,122638.49594878984,2
2025-02-07,201379.10594878986,122638.49594878984,2
2025-02-10,201858.96594878985,122638.49594878984,2
2025-02-11,201077.13594878983,122638.49594878984,2
2025-02-12,200063.35594878986,122638.49594878984,2
2025-02-13,200307.26594878983,122638.49594878984,2
2025-02-14,202121.69594878983,122638.49594878984,2
2025-02-18,201324.9602662177,168100.4502662177,1
2025-02-19,201013.0102662177,168100.4502662177,1
2025-02-20,200888.2302662177,168100.4502662177,1
2025-02-21,200682.7102662177,168100.4502662177,1
2025-02-24,201405.7002662177,168100.4502662177,1
2025-02-25,200513.8902662177,168100.4502662177,1
2025-02-26,201097.4202662177,168100.4502662177,1
2025-02-27,200326.7202662177,168100.4502662177,1
2025-02-28,200532.2402662177,168100.4502662177,1
2025-03-03,199643.0011012177,199643.0011012177,0
2025-03-04,199643.0011012177,199643.0011012177,0
2025-03-05,199643.0011012177,199643.0011012177,0
2025-03-06,199643.0011012177,199643.0011012177,0
2025-03-07,199643.0011012177,199643.0011012177,0
2025-03-10,199643.0011012177,199643.0011012177,0
2025-03-11,199643.0011012177,199643.0011012177,0
2025-03-12,199643.0011012177,199643.0011012177,0
2025-03-13,199643.0011012177,199643.0011012177,0
2025-03-14,199643.0011012177,199643.0011012177,0
2025-03-17,199643.0011012177,199643.0011012177,0
2025-03-18,199643.0011012177,199643.0011012177,0
2025-03-19,199643.0011012177,199643.0011012177,0
2025-03-20,199643.0011012177,199643.0011012177,0
2025-03-21,199643.0011012177,199643.0011012177,0
2025-03-24,199643.0011012177,199643.0011012177,0
2025-03-25,199643.0011012177,199643.0011012177,0
2025-03-26,199643.0011012177,199643.0011012177,0
2025-03-27,199643.0011012177,199643.0011012177,0
2025-03-28,199643.0011012177,199643.0011012177,0
2025-03-31,199643.0011012177,199643.0011012177,0
2025-04-01,199643.0011012177,199643.0011012177,0
2025-04-02,199643.0011012177,199643.0011012177,0
2025-04-03,199643.0011012177,199643.0011012177,0
2025-04-04,199643.0011012177,199643.0011012177,0
2025-04-07,199643.0011012177,199643.0011012177,0
2025-04-08,199643.0011012177,199643.0011012177,0
2025-04-09,199643.0011012177,199643.0011012177,0
2025-04-10,199643.0011012177,199643.0011012177,0
2025-04-11,199643.0011012177,199643.0011012177,0
2025-04-14,199643.0011012177,199643.0011012177,0
2025-04-15,199643.0011012177,199643.0011012177,0
2025-04-16,199643.0011012177,199643.0011012177,0
2025-04-17,199643.0011012177,199643.0011012177,0
2025-04-21,199643.0011012177,199643.0011012177,0
2025-04-22,199643.0011012177,199643.0011012177,0
2025-04-23,199643.0011012177,199643.0011012177,0
2025-04-24,199643.0011012177,199643.0011012177,0
2025-04-25,199643.0011012177,199643.0011012177,0
2025-04-28,199643.0011012177,199643.0011012177,0
2025-04-29,199643.0011012177,199643.0011012177,0
2025-04-30,199643.0011012177,199643.0011012177,0
2025-05-01,199643.0011012177,199643.0011012177,0
2025-05-02,199643.0011012177,199643.0011012177,0
2025-05-05,199643.0011012177,199643.0011012177,0
2025-05-06,199643.0011012177,199643.0011012177,0
2025-05-07,199643.0011012177,199643.0011012177,0
2025-05-08,199643.0011012177,199643.0011012177,0
2025-05-09,199643.0011012177,199643.0011012177,0
2025-05-12,199643.0011012177,199643.0011012177,0
2025-05-13,199643.0011012177,199643.0011012177,0
2025-05-14,199643.0011012177,199643.0011012177,0
2025-05-15,199643.0011012177,199643.0011012177,0
2025-05-16,199643.0011012177,199643.0011012177,0
2025-05-19,199643.0011012177,199643.0011012177,0
2025-05-20,199643.0011012177,199643.0011012177,0
2025-05-21,199643.0011012177,199643.0011012177,0
2025-05-22,199643.0011012177,199643.0011012177,0
2025-05-23,199643.0011012177,199643.0011012177,0
2025-05-27,199643.0011012177,199643.0011012177,0
2025-05-28,199643.0011012177,199643.0011012177,0
2025-05-29,199643.0011012177,199643.0011012177,0
2025-05-30,199643.0011012177,199643.0011012177,0
2025-06-02,199643.0011012177,199643.0011012177,0
2025-06-03,199643.0011012177,199643.0011012177,0
2025-06-04,199643.0011012177,199643.0011012177,0
2025-06-05,199643.0011012177,199643.0011012177,0
2025-06-06,199643.0011012177,199643.0011012177,0
2025-06-09,197839.5037512177,80268.64375121769,3
2025-06-10,198461.21239721772,79025.59639721771,3
2025-06-11,198113.2397722177,79232.74977221772,3
2025-06-12,200609.77977221773,79232.74977221772,3
2025-06-13,199764.13377221773,79232.74977221772,3
2025-06-16,200790.52977221773,79232.74977221772,3
2025-06-17,199535.3376472177,118017.59764721771,2
2025-06-18,199707.2976472177,118017.59764721771,2
2025-06-20,199636.58764721773,118017.59764721771,2
2025-06-23,199765.26188721773,78210.18388721772,3
2025-06-24,200715.4098872177,78210.18388721772,3
2025-06-25,200317.0058872177,78210.18388721772,3
2025-06-26,202436.81454221773,0.4085422177211466,6
2025-06-27,203989.27254221772,0.4085422177211466,6
2025-06-30,204257.6905422177,0.4085422177211466,6
2025-07-01,206626.15654221774,0.4085422177211466,6
2025-07-02,206225.4907747411,82137.52277474111,4
2025-07-03,206100.71959474112,40878.54359474112,5
2025-07-07,204247.7535947411,40878.54359474112,5
2025-07-08,203919.86959474112,40878.54359474112,5
2025-07-09,204285.1675947411,40878.54359474112,5
2025-07-10,205112.12959474113,40878.54359474112,5
2025-07-11,202808.73276474111,80288.48876474112,4
2025-07-14,203331.80696974113,39852.69096974113,5
2025-07-15,200258.58866637843,120009.58266637844,3
2025-07-16,201417.44727637843,80026.82127637844,4
2025-07-17,202662.53327637844,80026.82127637844,4
2025-07-18,201258.32727637846,80026.82127637844,4
2025-07-21,201174.34727637845,80026.82127637844,4
2025-07-22,202429.12527637844,80026.82127637844,4
2025-07-23,204745.07727637843,80026.82127637844,4
2025-07-24,204723.37727637845,80026.82127637844,4
2025-07-25,206472.03187637846,8.031876378445304,6
2025-07-28,205474.5858763784,8.031876378445304,6
2025-07-29,202742.29735637846,37742.19535637845,5
2025-07-30,201588.01609111868,39855.704091118685,4
2025-07-31,198556.5509498004,76314.36094980042,3
2025-08-01,192137.99189677392,116591.1318967739,2
2025-08-04,203688.23116677388,75685.09116677391,3
2025-08-05,201484.6338460625,124276.9438460625,2
2025-08-06,196300.11173106253,157489.38173106252,1
2025-08-07,196903.18757606257,78825.08757606255,3
2025-08-08,198355.39757606253,78825.08757606255,3
2025-08-11,198400.32757606253,78825.08757606255,3
2025-08-12,200740.13757606255,78825.08757606255,3
2025-08-13,202757.64757606253,78825.08757606255,3
2025-08-14,202577.33757606253,78825.08757606255,3
2025-08-15,203087.12757606257,78825.08757606255,3
2025-08-18,202749.92757606256,78825.08757606255,3
2025-08-19,204304.88757606255,78825.08757606255,3
2025-08-20,204269.02757606254,78825.08757606255,3
2025-08-21,201720.33757606253,78825.08757606255,3
2025-08-22,205451.11757606256,78825.08757606255,3
2025-08-25,202729.43757606254,78825.08757606255,3
2025-08-26,202149.35757606255,78825.08757606255,3
2025-08-27,201213.08111430143,118237.69111430143,2
2025-08-28,201943.1652943014,78005.94529430143,3
2025-08-29,202310.46529430145,78005.94529430143,3
2025-09-02,200486.75739901152,117972.47739901152,2
2025-09-03,199772.27433901152,117580.25433901152,2
2025-09-04,200334.83433901152,117580.25433901152,2
2025-09-05,201362.90433901153,117580.25433901152,2
2025-09-08,200718.2643390115,117580.25433901152,2
2025-09-09,197165.87409901153,4443.2340990115335,5
2025-09-10,199026.41800901154,82.26800901153183,5
2025-09-11,201480.97800901148,82.26800901153183,5
2025-09-12,197475.36446901155,34092.334469011534,4
2025-09-15,196973.78446901153,34092.334469011534,4
2025-09-16,196277.59155146888,74831.34155146887,3
2025-09-17,197077.9715514689,74831.34155146887,3
2025-09-18,197688.04494814016,114680.38494814014,2
2025-09-19,197526.97494814015,114680.38494814014,2
2025-09-22,198238.93494814012,114680.38494814014,2
2025-09-23,198958.63494814013,114680.38494814014,2
2025-09-24,198132.73494814013,114680.38494814014,2
2025-09-25,197065.42187314015,155526.10187314014,1
2025-09-26,197872.54187314014,155526.10187314014,1
2025-09-29,197838.34187314013,155526.10187314014,1
2025-09-30,198228.22187314014,155526.10187314014,1
2025-10-01,196863.91954655864,196863.91954655864,0
2025-10-02,198410.89098155862,91594.18098155863,3
2025-10-03,198718.06098155864,91594.18098155863,3
2025-10-06,198471.56098155864,91594.18098155863,3
2025-10-07,198110.98098155862,91594.18098155863,3
2025-10-08,196311.75098155864,91594.18098155863,3
2025-10-09,194528.5280630744,154958.3680630744,1
2025-10-10,194002.8813380744,78746.83133807441,3
2025-10-13,192748.7188880744,116652.76888807441,2
2025-10-14,192716.5860880744,151640.8660880744,1
2025-10-15,193380.9632330744,74706.7082330744,3
2025-10-16,192209.3788780744,111686.9188780744,2
2025-10-17,193585.8831280744,73316.2431280744,3
2025-10-20,194494.72312807443,73316.2431280744,3
2025-10-21,194590.6231280744,73316.2431280744,3
2025-10-22,194279.6231280744,73316.2431280744,3
2025-10-23,193728.5031280744,73316.2431280744,3
2025-10-24,192626.9905033334,111281.79050333341,2
2025-10-27,192905.27050333342,111281.79050333341,2
2025-10-28,192688.7505033334,111281.79050333341,2
2025-10-29,191451.67050333341,111281.79050333341,2
2025-10-30,189600.7160633334,150810.8960633334,1
2025-10-31,188624.90164878784,188624.90164878784,0
2025-11-03,188624.90164878784,188624.90164878784,0
2025-11-04,188145.61800878786,75441.05800878785,3
2025-11-05,191440.8180087878,75441.05800878785,3
2025-11-06,190185.73800878786,75441.05800878785,3
2025-11-07,189249.19616878784,112106.39616878785,2
2025-11-10,189416.41221878785,124542.47221878785,2
2025-11-11,188474.79460378783,87408.68460378784,3
2025-11-12,189215.12460378784,87408.68460378784,3
2025-11-13,185112.07694378783,146274.55694378784,1
2025-11-14,185023.66435878782,72392.46435878784,3
2025-11-17,182953.0975104745,146718.4375104745,1
2025-11-18,183724.2061704745,109525.38617047449,2
2025-11-19,184055.4752904745,72765.25529047451,3
2025-11-20,181833.2858904745,108446.2058904745,2
2025-11-21,182186.7792854745,72214.8892854745,3
2025-11-24,184016.1492854745,72214.8892854745,3
2025-11-25,184968.97928547452,72214.8892854745,3
2025-11-26,186474.66928547452,72214.8892854745,3
2025-11-28,186975.2192854745,72214.8892854745,3
2025-12-01,186368.0992854745,72214.8892854745,3
2025-12-02,186053.6492854745,72214.8892854745,3
2025-12-03,186773.9592854745,72214.8892854745,3
2025-12-04,186934.48928547453,72214.8892854745,3
2025-12-05,186872.61928547447,72214.8892854745,3
2025-12-08,186410.79319593898,107769.313195939,2
2025-12-09,187045.29319593898,107769.313195939,2
2025-12-10,189160.15659593898,70357.416595939,3
2025-12-11,190110.476595939,70357.416595939,3
2025-12-12,189256.49659593898,70357.416595939,3
2025-12-15,189668.416595939,70357.416595939,3
2025-12-16,188384.70219531006,109512.54219531006,2
2025-12-17,188271.74219531007,109512.54219531006,2
2025-12-18,188984.94219531005,109512.54219531006,2
2025-12-19,189504.90219531005,109512.54219531006,2
2025-12-22,191132.94219531005,109512.54219531006,2
2025-12-23,191742.18219531007,109512.54219531006,2
2025-12-24,191344.34219531008,109512.54219531006,2
2025-12-26,191849.34219531005,109512.54219531006,2
2025-12-29,191478.96219531007,109512.54219531006,2
2025-12-30,191336.54219531006,109512.54219531006,2
2025-12-31,190732.40219531005,109512.54219531006,2
2026-01-02,190029.31624610574,147861.59624610574,1
2026-01-05,190543.28063610574,41397.170636105744,4
2026-01-06,191701.82971610577,32020.75971610575,4
2026-01-07,189193.15429610576,68073.56429610576,3
2026-01-08,189100.29429610577,68073.56429610576,3
2026-01-09,189177.49429610575,68073.56429610576,3
2026-01-12,189822.02429610575,68073.56429610576,3
2026-01-13,189592.40429610576,68073.56429610576,3
2026-01-14,190208.67429610575,68073.56429610576,3
2026-01-15,191143.36369610575,115091.24369610575,2
2026-01-16,191110.16989009737,152988.34989009736,1
2026-01-20,191063.41989009737,152988.34989009736,1
2026-01-21,193349.88276509737,38396.832765097366,4
2026-01-22,195265.5327650974,38396.832765097366,4
2026-01-23,194511.37845509738,29.03845509736746,6
2026-01-26,195078.14845509734,29.03845509736746,6
2026-01-27,195358.30845509734,29.03845509736746,6
2026-01-28,194025.72199509735,38982.47199509737,5
2026-01-29,192254.55866009736,152212.49866009736,2
2026-01-30,191729.05993953592,152360.49993953592,1
2026-02-02,191454.1699395359,152360.49993953592,1
2026-02-03,190969.06993953593,152360.49993953592,1
2026-02-04,190513.3939495359,190513.3939495359,0
2026-02-05,191947.32332453592,111952.88332453591,3
2026-02-06,193702.0325245359,134083.4125245359,2
2026-02-09,193660.0988845359,153620.9188845359,1
2026-02-10,193876.0388845359,153620.9188845359,1
2026-02-11,193968.14888453588,153620.9188845359,1
2026-02-12,191059.6979020359,51998.167902035915,4
2026-02-13,194094.5478970359,51644.30789703591,4
2026-02-17,193406.18264703592,88876.18264703592,3
2026-02-18,196512.84264703593,88876.18264703592,3
2026-02-19,198738.55264703592,88876.18264703592,3
2026-02-20,199168.5426470359,88876.18264703592,3
2026-02-23,199117.5326470359,88876.18264703592,3
2026-02-24,200205.80264703592,88876.18264703592,3
2026-02-25,200319.90264703592,88876.18264703592,3
2026-02-26,200866.02264703595,88876.18264703592,3
2026-02-27,201977.26279703592,12.072797035934855,6
2026-03-02,201874.46338703594,30.758387035930355,6
2026-03-03,196598.08795703592,85588.81795703594,3
2026-03-04,197836.03329203592,16.723292035936538,6
2026-03-05,192368.48986682284,88202.33986682285,3
2026-03-06,191026.82087116194,86343.13087116193,3
2026-03-09,190539.86521616194,75664.52521616194,3
2026-03-10,188789.84624616196,74243.38624616196,3
2026-03-11,190477.44818116198,118656.36818116198,2
2026-03-12,191628.05021116196,112531.73021116196,2
2026-03-13,191793.98021116195,112531.73021116196,2
2026-03-16,192248.11629116198,74204.73629116197,3
2026-03-17,193670.80629116198,74204.73629116197,3
2026-03-18,193161.09629116196,74204.73629116197,3
2026-03-19,193645.02629116195,74204.73629116197,3
2026-03-20,193650.06629116196,74204.73629116197,3
2026-03-23,193617.90624116198,111885.98624116197,2
2026-03-24,195801.38624116196,111885.98624116197,2
2026-03-25,196332.26624116197,111885.98624116197,2
2026-03-26,196348.193856162,72621.59385616198,3
2026-03-27,196257.43385616198,72621.59385616198,3
2026-03-30,194672.668856162,110652.56885616199,2
2026-03-31,194392.39294021166,153690.31294021168,1
2026-04-01,194798.31294021168,153690.31294021168,1
2026-04-02,195951.01424021166,114713.43424021167,2
2026-04-06,196343.47424021168,114713.43424021167,2
2026-04-07,196753.47399021167,75453.31399021167,3
2026-04-08,201789.07399021168,75453.31399021167,3
2026-04-09,203331.03399021167,75453.31399021167,3
2026-04-10,203152.11399021168,75453.31399021167,3
2026-04-13,204822.75399021167,75453.31399021167,3
2026-04-14,206277.13399021167,75453.31399021167,3
2026-04-15,207804.49399021166,75453.31399021167,3
2026-04-16,208557.73399021165,75453.31399021167,3
2026-04-17,211013.95399021168,75453.31399021167,3
2026-04-20,212927.87399021166,75453.31399021167,3
2026-04-21,210502.77399021166,75453.31399021167,3
2026-04-22,210086.65399021166,75453.31399021167,3
2026-04-23,208837.03399021167,75453.31399021167,3
2026-04-24,208571.65399021166,75453.31399021167,3
2026-04-27,209818.81399021167,75453.31399021167,3
2026-04-28,209122.09399021167,75453.31399021167,3
2026-04-29,208030.5068783559,119796.1668783559,2
2026-04-30,208601.0068783559,119796.1668783559,2
2026-05-01,207712.1668783559,119796.1668783559,2
2026-05-04,207127.3668783559,119796.1668783559,2
2026-05-05,207670.8868783559,119796.1668783559,2
2026-05-06,210028.1668783559,119796.1668783559,2
2026-05-07,207312.3468783559,119796.1668783559,2
2026-05-08,207989.5268783559,119796.1668783559,2
2026-05-11,206418.9014383559,162265.8014383559,1
2026-05-12,207660.9014383559,162265.8014383559,1
2026-05-13,207102.0014383559,162265.8014383559,1
2026-05-14,207552.8634983559,120869.23349835591,2
2026-05-15,206347.3165783559,78604.68657835592,3
2026-05-18,207244.24752835592,37325.957528355924,4
2026-05-19,207954.9275283559,37325.957528355924,4
2026-05-20,208694.1175283559,37325.957528355924,4
2026-05-21,209559.63752835593,37325.957528355924,4
2026-05-22,210210.43752835592,37325.957528355924,4
2026-05-26,209384.90752835595,37325.957528355924,4
2026-05-27,210369.18752835592,37325.957528355924,4
2026-05-28,211891.7375283559,37325.957528355924,4
2026-05-29,211826.26052835592,83256.98052835593,3
2026-06-01,212687.55052835593,83256.98052835593,3
2026-06-02,210749.95052835593,83256.98052835593,3
2026-06-03,211073.80052835593,83256.98052835593,3
2026-06-04,213450.69052835595,83256.98052835593,3
2026-06-05,212671.6505283559,83256.98052835593,3
2026-06-08,215411.67052835593,83256.98052835593,3
2026-06-09,218351.66052835592,83256.98052835593,3
2026-06-10,217151.92052835593,83256.98052835593,3
2026-06-11,216010.93052835594,83256.98052835593,3
2026-06-12,216941.45052835593,83256.98052835593,3
2026-06-15,214376.07838078862,44218.528380788615,5
2026-06-16,215318.2730807886,1446.553080788617,6
2026-06-17,212861.91600078862,42840.00600078862,5
2026-06-18,212332.6504157886,38622.62041578862,5
2026-06-22,214949.3282757886,99.0882757886211,6
2026-06-23,214551.08382578858,37149.453825788616,5
2026-06-24,213386.19798578863,19.217985788614897,6
2026-06-25,216116.92798578858,19.217985788614897,6
2026-06-26,219705.85798578864,19.217985788614897,6
2026-06-29,220526.70798578867,19.217985788614897,6
2026-06-30,220577.0979857886,19.217985788614897,6
2026-07-01,225681.66798578863,19.217985788614897,6
2026-07-02,226481.1979857886,19.217985788614897,6
2026-07-06,223140.72798578863,19.217985788614897,6
2026-07-07,221747.93798578865,19.217985788614897,6
2026-07-08,220363.5416857886,37672.98168578862,5
2026-07-09,221575.8416857886,37672.98168578862,5
2026-07-10,220704.68168578862,37672.98168578862,5
2026-07-13,221107.01978387695,81505.62978387695,4
2026-07-14,221076.794433877,173050.53443387698,2
2026-07-15,217713.51385217387,217653.25385217386,1
2026-07-16,217713.07385217387,217653.25385217386,1
2026-07-17,217712.97385217386,217653.25385217386,1
2026-07-20,217712.85385217387,217653.25385217386,1
2026-07-21,217713.31385217386,217653.25385217386,1
2026-07-22,217713.13385217387,217653.25385217386,1
2026-07-23,217713.05385217385,217653.25385217386,1
2026-07-24,217713.13385217387,217653.25385217386,1
2026-07-27,217713.19385217386,217653.25385217386,1
2026-07-28,217713.15385217385,217653.25385217386,1
2026-07-29,217712.79385217387,217653.25385217386,1
2026-07-30,217712.47385217386,217653.25385217386,1
2026-07-31,217712.75385217386,217653.25385217386,1
2026-08-03,217712.71385217385,217653.25385217386,1
2026-08-04,219519.59375217388,131690.09375217388,3
2026-08-05,216934.2041621739,129106.5041621739,3
2026-08-06,217187.8577521739,85711.99775217389,4
2026-08-07,216476.17775217388,85711.99775217389,4
2026-08-10,217750.6977521739,85711.99775217389,4
2026-08-11,217669.4080121739,85771.44801217389,3
2026-08-12,217843.8480121739,85771.44801217389,3
2026-08-13,225313.5280121739,85771.44801217389,3
2026-08-14,221755.5880121739,85771.44801217389,3
2026-08-17,218085.18801217386,85771.44801217389,3
2026-08-18,221300.4880121739,85771.44801217389,3
2026-08-19,224581.9880121739,85771.44801217389,3
2026-08-20,224268.6480121739,85771.44801217389,3
2026-08-21,225255.24801217386,85771.44801217389,3
2026-08-24,225970.6844921739,126997.86449217389,2
2026-08-25,224153.4723321739,81911.0123321739,3
2026-08-26,222610.93233217392,81911.0123321739,3
2026-08-27,227909.63233217387,81911.0123321739,3
2026-08-28,228871.99233217392,81911.0123321739,3
2026-08-31,227731.9723321739,81911.0123321739,3
2026-09-01,228755.31233217387,81911.0123321739,3
2026-09-02,227910.3099888805,125576.0099888805,2
2026-09-03,229382.00998888048,125576.0099888805,2
2026-09-04,226099.68998888048,125576.0099888805,2
2026-09-08,219802.03127035892,175033.8712703589,1
2026-09-09,220149.07127035892,175033.8712703589,1
2026-09-10,221484.2112703589,175033.8712703589,1
2026-09-11,222303.6112703589,175033.8712703589,1
2026-09-14,225388.41127035892,175033.8712703589,1
2026-09-15,224381.03127035892,175033.8712703589,1
2026-09-16,222795.25127035892,175033.8712703589,1
2026-09-17,222318.5171203589,222318.5171203589,0
