symbol,sector_etf,quadrant,setup_date,trigger_time,entry_time,entry,stop,stop_src,tp1,tp1_src,tp2,rr_at_trigger,rvol,entry_type,score,lrc_r2,flow_n,exit_time,exit_reason,fills,sessions_held,r_multiple,pct_return,shares,pnl
CB,XLF,Improving,2023-11-02,2023-11-03 11:00:00-04:00,2023-11-03 11:15:00-04:00,210.09,206.07,VAH,219.57,52w_high,223.68,2.38,2.35,vwap_reclaim,70.5,0.52,3,2023-12-08 15:45:00-05:00,lrc_break,"[('2023-12-08 15:45:00-05:00', 1.0, 214.27, 'lrc_break')]",25,0.9870199004975116,0.018886286829454077,95,376.9429000000007
HII,XLI,Improving,2023-11-17,2023-11-20 09:45:00-05:00,2023-11-20 10:00:00-05:00,223.21,219.04,POC,231.37,LRC_upper,234.89,2.04,2.12,vwap_reclaim,72.9,0.67,3,2024-01-05 15:45:00-05:00,lrc_break,"[('2024-01-05 15:45:00-05:00', 1.0, 238.66, 'lrc_break')]",32,3.6496558752997434,0.06818272030822986,89,1354.496784999999
DRI,XLY,Improving,2023-11-27,2023-11-29 11:45:00-05:00,2023-11-29 12:00:00-05:00,142.37,139.66,swing_low,147.95,LRC_upper,151.44,2.06,1.16,vwap_reclaim,61.1,0.52,3,2023-12-15 09:30:00-05:00,trail,"[('2023-12-15 09:30:00-05:00', 1.0, 142.25, 'trail')]",12,-0.09679335793358072,-0.001842452763925016,141,-36.985710000000644
AES,XLU,Improving,2023-11-28,2023-11-29 12:45:00-05:00,2023-11-29 13:00:00-05:00,15.04,14.63,POC,15.9,swing_high,16.55,2.1,1.08,vwap_reclaim,49.9,0.26,2,2023-12-20 15:45:00-05:00,lrc_break,"[('2023-12-20 15:45:00-05:00', 1.0, 16.04, 'lrc_break')]",16,2.4011219512195217,0.0654561170212766,1337,1316.2230200000001
ATO,XLU,Improving,2023-11-28,2023-11-30 10:30:00-05:00,2023-11-30 10:45:00-05:00,104.79,103.01,POC,109.06,LRC_upper,111.55,2.52,1.96,vwap_reclaim,44.7,0.19,2,2024-01-11 15:45:00-05:00,lrc_break,"[('2024-01-11 15:45:00-05:00', 1.0, 108.06, 'lrc_break')]",29,1.7772893258426932,0.030189665044374422,190,601.0792499999992
FE,XLU,Improving,2023-11-28,2023-11-30 12:30:00-05:00,2023-11-30 12:45:00-05:00,32.91,32.1,VAL,34.55,LRC_upper,35.31,2.02,1.72,vwap_reclaim,52.9,0.45,2,2023-12-18 11:45:00-05:00,trail,"[('2023-12-18 11:45:00-05:00', 1.0, 32.82, 'trail')]",12,-0.15168518518518154,-0.0037333637192341635,1,-0.12286499999999631
CNC,XLV,Improving,2023-12-07,2023-12-08 15:30:00-05:00,2023-12-08 15:45:00-05:00,73.9,72.82,POC,76.78,LRC_upper,87.79,2.63,1.32,vwap_reclaim,67.3,0.51,3,2023-12-20 14:45:00-05:00,stop,"[('2023-12-20 14:45:00-05:00', 1.0, 72.82, 'stop')]",8,-1.0679259259259253,-0.015607036535859438,275,-317.1740000000034
DGX,XLV,Improving,2023-12-14,2023-12-15 12:45:00-05:00,2023-12-15 13:00:00-05:00,128.98,127.63,POC,133.8,swing_high,136.82,3.35,3.08,vwap_reclaim,73.6,0.86,3,2023-12-15 15:45:00-05:00,lrc_break,"[('2023-12-15 15:45:00-05:00', 1.0, 128.05, 'lrc_break')]",1,-0.7840851851851725,-0.008206815010078914,155,-164.06982499999665
DXCM,XLV,Improving,2023-12-18,2023-12-19 12:00:00-05:00,2023-12-19 12:15:00-05:00,123.57,119.9,VAH,131.68,LRC_upper,139.24,2.17,1.19,vwap_reclaim,86.6,0.95,3,2023-12-20 09:30:00-05:00,stop,"[('2023-12-20 09:30:00-05:00', 1.0, 119.9, 'stop')]",1,-1.0331702997275205,-0.030684915432548254,161,-610.4693349999981
ABBV,XLV,Improving,2023-12-28,2023-12-29 11:30:00-05:00,2023-12-29 11:45:00-05:00,141.08,139.34,POC,146.35,LRC_upper,147.93,3.03,1.01,vwap_reclaim,62.4,0.37,3,2024-01-29 15:45:00-05:00,lrc_break,"[('2024-01-29 15:45:00-05:00', 1.0, 150.71, 'lrc_break')]",20,5.450635057471233,0.0672250141763538,146,1384.6793299999995
A,XLV,Improving,2023-12-28,2023-12-29 13:30:00-05:00,2023-12-29 13:45:00-05:00,136.37,134.86,VAH,146.11,LRC_upper,155.44,6.45,1.23,vwap_reclaim,88.3,0.91,3,2024-01-03 09:30:00-05:00,stop,"[('2024-01-03 09:30:00-05:00', 1.0, 134.86, 'stop')]",2,-1.0898112582781463,-0.012067280193590898,151,-248.48786499999864
IQV,XLV,Improving,2023-12-29,2024-01-02 11:45:00-05:00,2024-01-02 12:00:00-05:00,231.5,227.16,VAH,241.86,52w_high,246.08,2.39,1.75,vwap_reclaim,81.0,0.94,3,2024-01-03 09:30:00-05:00,stop,"[('2024-01-03 09:30:00-05:00', 1.0, 227.16, 'stop')]",1,-1.0528410138248847,-0.019737926565874746,84,-383.8237200000003
DHR,XLV,Improving,2024-01-02,2024-01-03 11:30:00-05:00,2024-01-03 11:45:00-05:00,229.03,224.7,VAH,238.98,52w_high,243.31,2.25,1.98,vwap_reclaim,71.3,0.86,3,2024-01-09 14:30:00-05:00,stop,"[('2024-01-09 14:30:00-05:00', 1.0, 224.7, 'stop')]",4,-1.05239376443418,-0.01989636728812825,90,-410.1178500000011
MKC,XLP,Improving,2024-01-02,2024-01-03 11:30:00-05:00,2024-01-03 11:45:00-05:00,64.79,63.36,VAH,70.37,swing_high,75.78,3.9,1.4,vwap_reclaim,71.1,0.79,3,2024-01-05 09:30:00-05:00,stop,"[('2024-01-05 09:30:00-05:00', 1.0, 63.36, 'stop')]",2,-1.044807692307692,-0.023060271646859188,291,-434.775825000002
DTE,XLU,Improving,2024-01-04,2024-01-05 15:30:00-05:00,2024-01-05 15:45:00-05:00,100.49,98.83,swing_low,103.9,swing_high,105.67,2.11,1.01,vwap_reclaim,70.7,0.92,2,2024-01-11 10:00:00-05:00,stop,"[('2024-01-11 10:00:00-05:00', 1.0, 98.83, 'stop')]",4,-1.0600361445783135,-0.017510797094238202,204,-358.9706399999993
AWK,XLU,Improving,2024-01-04,2024-01-05 15:30:00-05:00,2024-01-05 15:45:00-05:00,123.12,121.1,swing_low,128.48,swing_high,132.0,2.82,1.27,vwap_reclaim,63.8,0.64,2,2024-01-17 09:30:00-05:00,stop,"[('2024-01-17 09:30:00-05:00', 1.0, 120.57, 'stop')]",7,-1.3226955445544544,-0.02170114522417163,155,-414.1359750000018
KMI,XLE,Improving,2024-01-08,2024-01-09 10:15:00-05:00,2024-01-09 10:30:00-05:00,15.87,15.7,VAH,16.33,LRC_upper,16.56,2.71,2.64,vwap_reclaim,74.0,0.84,3,2024-01-11 09:45:00-05:00,stop,"[('2024-01-11 09:45:00-05:00', 1.0, 15.7, 'stop')]",2,-1.0928529411764707,-0.011706679269061116,6,-1.1147099999999994
KVUE,XLP,Improving,2024-01-09,2024-01-10 13:15:00-05:00,2024-01-10 13:30:00-05:00,19.17,18.94,VAH,19.66,swing_high,20.36,2.13,14.18,vwap_reclaim,73.9,0.91,3,2024-01-11 10:00:00-05:00,stop,"[('2024-01-11 10:00:00-05:00', 1.0, 18.94, 'stop')]",1,-1.0828478260869563,-0.01299191444966095,1053,-262.25491500000044
COST,XLP,Improving,2024-01-10,2024-01-11 12:30:00-05:00,2024-01-11 12:45:00-05:00,660.38,654.15,VAH,687.42,LRC_upper,695.73,4.29,1.13,vwap_reclaim,84.6,0.92,3,2024-03-08 09:30:00-05:00,trail,"[('2024-03-08 09:30:00-05:00', 1.0, 745.57, 'trail')]",39,13.56132022471907,0.1279369832520671,31,2619.0977750000015
KO,XLP,Improving,2024-01-10,2024-01-11 14:00:00-05:00,2024-01-11 14:15:00-05:00,55.36,54.82,swing_low,56.47,LRC_upper,57.58,2.06,1.45,vwap_reclaim,71.1,0.84,3,2024-01-24 13:30:00-05:00,stop,"[('2024-01-24 13:30:00-05:00', 1.0, 54.82, 'stop')]",8,-1.1020185185185187,-0.010749458092485533,355,-211.2569499999997
KDP,XLP,Improving,2024-01-11,2024-01-16 11:00:00-05:00,2024-01-16 11:15:00-05:00,29.55,29.26,VAL,30.21,swing_high,31.21,2.28,2.49,vwap_reclaim,56.8,0.57,2,2024-01-18 09:30:00-05:00,stop,"[('2024-01-18 09:30:00-05:00', 1.0, 29.26, 'stop')]",2,-1.1013965517241382,-0.010808967851099803,691,-220.70885499999943
MDLZ,XLP,Improving,2024-01-17,2024-01-18 14:15:00-05:00,2024-01-18 14:30:00-05:00,67.63,66.84,swing_low,69.22,swing_high,71.68,2.01,1.29,vwap_reclaim,70.4,0.73,3,2024-01-31 09:30:00-05:00,trail,"[('2024-01-31 09:30:00-05:00', 1.0, 68.28, 'trail')]",9,0.7367658227848247,0.008606313766080226,299,174.0314550000017
EXPD,XLI,Improving,2024-02-07,2024-02-08 14:30:00-05:00,2024-02-08 14:45:00-05:00,122.64,120.3,VAL,127.38,52w_high,131.0,2.08,1.07,vwap_reclaim,53.8,0.51,2,2024-02-20 09:30:00-05:00,stop,"[('2024-02-20 09:30:00-05:00', 1.0, 114.28, 'stop')]",7,-3.623273504273499,-0.0691329093281148,167,-1415.90282
HD,XLY,Improving,2024-02-08,2024-02-09 12:15:00-05:00,2024-02-09 12:30:00-05:00,337.92,333.4,VAH,354.93,LRC_upper,360.56,3.81,1.24,vwap_reclaim,75.7,0.68,3,2024-02-13 09:30:00-05:00,stop,"[('2024-02-13 09:30:00-05:00', 1.0, 333.4, 'stop')]",2,-1.074261061946902,-0.014369258996212235,60,-291.33960000000235
DAL,XLI,Improving,2024-02-08,2024-02-09 15:30:00-05:00,2024-02-09 15:45:00-05:00,39.13,38.05,AVWAP,41.34,swing_high,42.62,2.05,1.23,vwap_reclaim,44.4,0.0,2,2024-04-08 15:45:00-04:00,time,"[('2024-04-08 15:45:00-04:00', 1.0, 45.74, 'time')]",40,6.081078703703673,0.16783963710707894,526,3454.53919
CASY,XLP,Improving,2024-02-09,2024-02-12 11:00:00-05:00,2024-02-12 11:15:00-05:00,281.08,277.44,swing_low,288.81,LRC_upper,294.75,2.12,1.19,vwap_reclaim,40.8,0.2,2,2024-02-13 15:00:00-05:00,stop,"[('2024-02-13 15:00:00-05:00', 1.0, 277.44, 'stop')]",1,-1.0767197802197805,-0.013943574782979886,68,-266.50967999999904
KMB,XLP,Improving,2024-02-07,2024-02-12 13:00:00-05:00,2024-02-12 13:15:00-05:00,106.55,105.55,swing_low,109.82,swing_high,111.52,3.19,1.41,vwap_reclaim,34.3,0.04,2,2024-02-13 10:30:00-05:00,stop,"[('2024-02-13 10:30:00-05:00', 1.0, 105.55, 'stop')]",1,-1.10605,-0.010380572501173158,1,-1.10605
LH,XLV,Improving,2024-02-12,2024-02-13 11:15:00-05:00,2024-02-13 11:30:00-05:00,217.66,214.72,AVWAP,225.26,LRC_upper,230.94,2.56,2.04,vwap_reclaim,43.8,0.24,2,2024-02-15 10:00:00-05:00,stop,"[('2024-02-15 10:00:00-05:00', 1.0, 214.72, 'stop')]",2,-1.0735340136054423,-0.014500551318570237,92,-290.3694799999998
MDT,XLV,Improving,2024-02-12,2024-02-13 11:45:00-05:00,2024-02-13 12:00:00-05:00,78.68,78.03,AVWAP,82.45,swing_high,84.28,5.8,1.05,vwap_reclaim,69.4,0.8,2,2024-02-13 13:00:00-05:00,stop,"[('2024-02-13 13:00:00-05:00', 1.0, 78.03, 'stop')]",0,-1.1205461538461527,-0.009257180986273584,1,-0.7283550000000057
DRI,XLY,Improving,2024-02-13,2024-02-14 15:00:00-05:00,2024-02-14 15:15:00-05:00,148.37,145.73,swing_low,155.0,swing_high,159.02,2.55,1.04,vwap_reclaim,54.8,0.32,3,2024-03-21 09:30:00-04:00,trail,"[('2024-03-21 09:30:00-04:00', 1.0, 152.01, 'trail')]",25,1.3218977272727148,0.023520994810271527,127,443.2058699999983
CPRT,XLI,Improving,2024-02-13,2024-02-14 15:00:00-05:00,2024-02-14 15:15:00-05:00,49.04,48.55,POC,51.38,LRC_upper,52.06,4.78,1.11,vwap_reclaim,46.5,0.12,2,2024-02-20 09:45:00-05:00,stop,"[('2024-02-20 09:45:00-05:00', 1.0, 48.55, 'stop')]",3,-1.099581632653061,-0.010986847471451917,2,-1.077590000000004
DASH,XLY,Improving,2024-02-16,2024-02-20 12:30:00-05:00,2024-02-20 12:45:00-05:00,112.3,108.8,AVWAP,123.4,LRC_upper,130.61,3.15,1.51,vwap_reclaim,69.2,0.68,3,2024-04-04 15:45:00-04:00,lrc_break,"[('2024-04-04 15:45:00-04:00', 1.0, 134.56, 'lrc_break')]",32,6.324734285714287,0.19711994657168305,179,3962.446030000001
DECK,XLY,Improving,2024-02-16,2024-02-20 14:45:00-05:00,2024-02-20 15:00:00-05:00,143.7,140.65,VAH,150.3,LRC_upper,153.48,2.27,1.29,vwap_reclaim,78.6,0.73,3,2024-04-02 10:45:00-04:00,trail,"[('2024-04-02 10:45:00-04:00', 1.0, 147.36, 'trail')]",29,1.1522852459016446,0.02445699373695196,130,456.88110000000324
CEG,XLU,Improving,2024-02-22,2024-02-23 12:15:00-05:00,2024-02-23 12:30:00-05:00,130.08,128.57,POC,135.83,LRC_upper,138.41,3.71,2.33,vwap_reclaim,65.6,0.61,3,2024-03-08 11:00:00-05:00,trail,"[('2024-03-08 11:00:00-05:00', 1.0, 168.28, 'trail')]",10,25.199218543046026,0.29251860393603923,1,38.05081999999999
AVGO,XLK,Improving,2024-03-11,2024-03-12 09:45:00-04:00,2024-03-12 10:00:00-04:00,125.91,120.23,AVWAP,139.86,52w_high,145.39,2.49,1.05,vwap_reclaim,77.1,0.84,2,2024-03-12 15:45:00-04:00,lrc_break,"[('2024-03-12 15:45:00-04:00', 1.0, 125.53, 'lrc_break')]",1,-0.08903521126760496,-0.004016519736319558,171,-86.47811999999922
KEYS,XLK,Improving,2024-03-11,2024-03-12 10:45:00-04:00,2024-03-12 11:00:00-04:00,152.71,149.37,VAL,159.92,swing_high,172.72,2.16,1.08,vwap_reclaim,50.7,0.01,3,2024-03-15 13:15:00-04:00,stop,"[('2024-03-15 13:15:00-04:00', 1.0, 149.37, 'stop')]",3,-1.0452215568862275,-0.02286058542335147,11,-38.401440000000036
IT,XLK,Improving,2024-03-12,2024-03-13 11:15:00-04:00,2024-03-13 11:30:00-04:00,472.63,468.02,POC,488.3,LRC_upper,496.44,3.13,1.18,vwap_reclaim,48.1,0.34,2,2024-03-15 09:30:00-04:00,stop,"[('2024-03-15 09:30:00-04:00', 1.0, 465.84, 'stop')]",2,-1.57467136659436,-0.015359234496329097,45,-326.6655750000009
KLAC,XLK,Improving,2024-03-12,2024-03-13 13:00:00-04:00,2024-03-13 13:15:00-04:00,67.67,66.67,POC,71.55,52w_high,73.39,3.65,1.08,vwap_reclaim,80.3,0.89,3,2024-03-19 09:30:00-04:00,stop,"[('2024-03-19 09:30:00-04:00', 1.0, 66.47, 'stop')]",4,-1.2670700000000028,-0.018724250036944032,3,-3.8012100000000086
EL,XLP,Improving,2024-03-14,2024-03-15 10:30:00-04:00,2024-03-15 10:45:00-04:00,145.09,142.32,VAH,151.98,swing_high,244.65,2.51,1.19,vwap_reclaim,67.0,0.64,3,2024-03-18 09:30:00-04:00,stop,"[('2024-03-18 09:30:00-04:00', 1.0, 142.32, 'stop')]",1,-1.051879061371841,-0.02008205251912613,144,-419.5735200000015
CDW,XLK,Improving,2024-03-13,2024-03-15 13:00:00-04:00,2024-03-15 13:15:00-04:00,236.4,233.46,VAL,248.55,LRC_upper,254.09,4.0,1.73,vwap_reclaim,77.3,0.94,3,2024-03-15 15:45:00-04:00,lrc_break,"[('2024-03-15 15:45:00-04:00', 1.0, 236.0, 'lrc_break')]",1,-0.21639455782313133,-0.0026912013536379256,7,-4.45340000000004
DLR,XLRE,Improving,2024-03-18,2024-03-19 12:15:00-04:00,2024-03-19 12:30:00-04:00,130.42,127.6,swing_low,137.4,swing_high,142.11,2.49,2.64,vwap_reclaim,56.6,0.38,3,2024-03-25 10:15:00-04:00,stop,"[('2024-03-25 10:15:00-04:00', 1.0, 127.6, 'stop')]",4,-1.0457482269503549,-0.022611639319122783,165,-486.5866499999989
DIS,XLC,Improving,2024-03-19,2024-03-20 10:30:00-04:00,2024-03-20 10:45:00-04:00,111.71,108.87,POC,120.29,LRC_upper,122.81,2.99,3.81,vwap_reclaim,84.7,0.86,3,2024-04-12 09:30:00-04:00,trail,"[('2024-04-12 09:30:00-04:00', 1.0, 113.03, 'trail')]",16,0.4252218309859197,0.01081040193357808,7,8.453410000000051
AEE,XLU,Improving,2024-03-20,2024-03-25 12:15:00-04:00,2024-03-25 12:30:00-04:00,66.37,65.46,POC,68.75,swing_high,72.15,2.62,1.68,vwap_reclaim,42.9,0.2,2,2024-04-12 15:45:00-04:00,lrc_break,"[('2024-04-12 15:45:00-04:00', 1.0, 66.6, 'lrc_break')]",14,0.1796868131867998,0.0024636884134396526,328,53.632919999996645
MNST,XLP,Improving,2024-03-22,2024-03-25 14:15:00-04:00,2024-03-25 14:30:00-04:00,29.66,29.35,POC,30.61,swing_high,31.15,3.2,1.37,vwap_reclaim,53.5,0.38,2,2024-04-01 10:15:00-04:00,stop,"[('2024-04-01 10:15:00-04:00', 1.0, 29.35, 'stop')]",4,-1.0951774193548391,-0.011446561024949384,628,-213.20913999999922
CHD,XLP,Improving,2024-03-28,2024-04-01 11:15:00-04:00,2024-04-01 11:30:00-04:00,101.14,99.7,VAL,104.15,LRC_upper,105.67,2.03,1.22,vwap_reclaim,70.9,0.71,3,2024-04-04 14:15:00-04:00,stop,"[('2024-04-04 14:15:00-04:00', 1.0, 99.7, 'stop')]",3,-1.0697361111111112,-0.015230571485070177,182,-280.35643999999957
ADM,XLP,Improving,2024-04-01,2024-04-03 11:30:00-04:00,2024-04-03 11:45:00-04:00,57.35,55.72,VAH,60.87,LRC_upper,67.02,2.16,1.16,vwap_reclaim,47.3,0.38,2,2024-04-15 10:00:00-04:00,stop,"[('2024-04-15 10:00:00-04:00', 1.0, 55.72, 'stop')]",8,-1.0346840490797546,-0.029407759372275546,333,-561.6161550000008
F,XLY,Improving,2024-04-04,2024-04-05 11:30:00-04:00,2024-04-05 11:45:00-04:00,11.42,11.17,VAH,11.95,LRC_upper,12.64,2.0,1.49,vwap_reclaim,71.5,0.65,3,2024-04-11 10:15:00-04:00,stop,"[('2024-04-11 10:15:00-04:00', 1.0, 11.17, 'stop')]",4,-1.04518,-0.022880472854640982,1892,-494.37014
AZO,XLY,Improving,2024-04-04,2024-04-09 13:45:00-04:00,2024-04-09 14:00:00-04:00,3027.14,3001.11,swing_low,3152.66,swing_high,3256.37,4.15,1.08,vwap_reclaim,71.2,0.77,3,2024-04-09 15:45:00-04:00,lrc_break,"[('2024-04-09 15:45:00-04:00', 1.0, 3039.09, 'lrc_break')]",1,0.3425618517095797,0.002945646716042295,7,62.418195000001916
MAA,XLRE,Improving,2024-04-10,2024-04-11 11:45:00-04:00,2024-04-11 12:00:00-04:00,118.27,116.57,POC,122.3,swing_high,138.0,2.22,1.2,vwap_reclaim,53.1,0.34,3,2024-04-12 12:30:00-04:00,stop,"[('2024-04-12 12:30:00-04:00', 1.0, 116.57, 'stop')]",1,-1.069070588235294,-0.015366703305994782,183,-332.58786000000055
INVH,XLRE,Improving,2024-04-10,2024-04-11 12:15:00-04:00,2024-04-11 12:30:00-04:00,31.36,30.97,VAL,32.41,52w_high,33.14,2.69,1.09,vwap_reclaim,59.7,0.75,2,2024-04-12 10:00:00-04:00,stop,"[('2024-04-12 10:00:00-04:00', 1.0, 30.97, 'stop')]",1,-1.0799102564102563,-0.013430006377551039,690,-290.60385000000036
DELL,XLK,Improving,2024-04-18,2024-04-22 13:45:00-04:00,2024-04-22 14:00:00-04:00,112.31,108.6,POC,126.19,swing_high,140.98,3.72,1.03,vwap_reclaim,72.2,0.71,2,2024-05-31 09:30:00-04:00,trail,"[('2024-05-31 09:30:00-04:00', 1.0, 138.99, 'trail')]",28,7.157506738544461,0.23643798415101064,189,5018.772150000002
HCA,XLV,Improving,2024-04-24,2024-04-25 11:45:00-04:00,2024-04-25 12:00:00-04:00,309.61,303.95,VAL,322.96,swing_high,335.95,2.28,2.6,vwap_reclaim,46.3,0.13,2,2024-04-26 09:30:00-04:00,stop,"[('2024-04-26 09:30:00-04:00', 1.0, 291.92, 'stop')]",1,-3.178580388692565,-0.05810782920448304,69,-1241.3627849999998
ALGN,XLV,Improving,2024-04-24,2024-04-29 12:00:00-04:00,2024-04-29 12:15:00-04:00,310.49,303.19,swing_low,332.34,swing_high,413.2,2.96,1.68,vwap_reclaim,49.2,0.05,2,2024-04-30 09:30:00-04:00,stop,"[('2024-04-30 09:30:00-04:00', 1.0, 300.0, 'stop')]",1,-1.4788006849315056,-0.03476841444168897,68,-734.0766600000006
A,XLV,Improving,2024-04-29,2024-05-02 14:00:00-04:00,2024-05-02 14:15:00-04:00,135.65,132.42,AVWAP,144.87,swing_high,148.71,2.9,1.23,vwap_reclaim,41.3,0.0,2,2024-05-30 09:30:00-04:00,trail,"[('2024-05-30 09:30:00-04:00', 1.0, 123.13, 'trail')]",19,-3.9162198142414675,-0.0932502027276079,154,-1948.0060600000015
MRK,XLV,Improving,2024-05-02,2024-05-03 12:15:00-04:00,2024-05-03 12:30:00-04:00,118.25,116.3,AVWAP,122.98,swing_high,125.32,2.43,1.23,vwap_reclaim,46.0,0.16,2,2024-05-28 15:45:00-04:00,lrc_break,"[('2024-05-28 15:45:00-04:00', 1.0, 116.68, 'lrc_break')]",17,-0.8653666666666618,-0.01427031712473567,178,-300.3687699999988
FSLR,XLK,Improving,2024-05-03,2024-05-06 10:45:00-04:00,2024-05-06 11:00:00-04:00,195.42,180.26,VAH,232.0,52w_high,243.29,2.42,1.58,vwap_reclaim,78.0,0.74,2,2024-06-14 11:45:00-04:00,trail,"[('2024-06-14 11:45:00-04:00', 1.0, 278.52, 'trail')]",28,5.465899076517155,0.4240253300583362,70,5800.4121
GM,XLY,Improving,2024-05-09,2024-05-10 10:30:00-04:00,2024-05-10 10:45:00-04:00,44.22,42.96,swing_low,47.21,LRC_upper,48.52,2.35,1.88,vwap_reclaim,66.2,0.61,2,2024-05-22 09:30:00-04:00,stop,"[('2024-05-22 09:30:00-04:00', 1.0, 42.96, 'stop')]",8,-1.0345952380952381,-0.029479647218453146,491,-640.0626899999991
AMZN,XLY,Improving,2024-05-10,2024-05-15 14:45:00-04:00,2024-05-15 15:00:00-04:00,184.78,180.96,AVWAP,192.66,LRC_upper,199.18,2.05,1.24,vwap_reclaim,50.1,0.37,2,2024-05-21 09:30:00-04:00,stop,"[('2024-05-21 09:30:00-04:00', 1.0, 180.96, 'stop')]",4,-1.0478717277486913,-0.02166289641736115,31,-124.08896999999979
HUM,XLV,Improving,2024-05-24,2024-05-28 13:15:00-04:00,2024-05-28 13:30:00-04:00,339.01,331.56,swing_low,357.18,LRC_upper,371.09,2.44,2.14,vwap_reclaim,41.7,0.01,2,2024-05-29 09:30:00-04:00,stop,"[('2024-05-29 09:30:00-04:00', 1.0, 331.56, 'stop')]",1,-1.0450046979865772,-0.022964765051178396,70,-544.9699499999992
DGX,XLV,Improving,2024-05-24,2024-05-28 15:30:00-04:00,2024-05-28 15:45:00-04:00,133.66,131.04,VAL,139.63,52w_high,144.06,2.28,1.23,vwap_reclaim,70.6,0.76,3,2024-06-14 15:45:00-04:00,lrc_break,"[('2024-06-14 15:45:00-04:00', 1.0, 132.17, 'lrc_break')]",14,-0.6194332061068727,-0.012142114319916275,178,-288.8788700000016
MCK,XLV,Improving,2024-05-23,2024-05-29 10:00:00-04:00,2024-05-29 10:15:00-04:00,546.14,540.49,swing_low,562.06,LRC_upper,573.65,2.78,1.27,vwap_reclaim,52.8,0.44,2,2024-06-28 15:45:00-04:00,lrc_break,"[('2024-06-28 15:45:00-04:00', 1.0, 578.51, 'lrc_break')]",22,5.629676991150466,0.058240881458966574,42,1335.9223500000003
ECHO,XLC,Improving,2024-05-31,2024-06-03 09:45:00-04:00,2024-06-03 10:00:00-04:00,19.37,18.52,VAH,24.8,52w_high,25.48,7.0,3.68,vwap_reclaim,89.8,0.86,3,2024-06-10 09:30:00-04:00,stop,"[('2024-06-10 09:30:00-04:00', 1.0, 18.52, 'stop')]",5,-1.0222882352941176,-0.04486035105833771,1160,-1007.9762000000015
CCI,XLRE,Improving,2024-06-07,2024-06-10 11:30:00-04:00,2024-06-10 11:45:00-04:00,87.59,86.69,POC,91.34,swing_high,93.26,4.34,1.2,vwap_reclaim,40.1,0.04,2,2024-06-13 10:30:00-04:00,stop,"[('2024-06-13 10:30:00-04:00', 1.0, 86.69, 'stop')]",3,-1.0968222222222217,-0.011270007991779948,255,-251.72070000000144
GRMN,XLY,Improving,2024-06-07,2024-06-10 13:30:00-04:00,2024-06-10 13:45:00-04:00,155.38,154.16,VAL,164.46,swing_high,178.23,7.8,1.18,vwap_reclaim,66.8,0.57,2,2024-06-11 09:30:00-04:00,stop,"[('2024-06-11 09:30:00-04:00', 1.0, 154.16, 'stop')]",1,-1.126860655737705,-0.008847792508688371,142,-195.21733999999984
COO,XLV,Improving,2024-06-12,2024-06-13 12:15:00-04:00,2024-06-13 12:30:00-04:00,94.25,92.59,VAL,98.62,swing_high,103.4,2.55,1.15,vwap_reclaim,36.8,0.0,2,2024-06-17 09:30:00-04:00,stop,"[('2024-06-17 09:30:00-04:00', 1.0, 92.59, 'stop')]",2,-1.056277108433735,-0.018603925729442937,239,-419.0673799999992
INVH,XLRE,Improving,2024-06-12,2024-06-13 12:45:00-04:00,2024-06-13 13:00:00-04:00,31.68,31.33,VAL,32.43,swing_high,32.92,2.14,1.58,vwap_reclaim,48.3,0.13,3,2024-07-25 09:30:00-04:00,trail,"[('2024-07-25 09:30:00-04:00', 1.0, 30.65, 'trail')]",28,-3.0318999999999914,-0.03349636994949499,677,-718.4087050000007
FOX,XLC,Improving,2024-06-12,2024-06-14 12:00:00-04:00,2024-06-14 12:15:00-04:00,30.0,29.74,VAL,31.62,swing_high,32.15,6.52,1.47,vwap_reclaim,79.9,0.86,3,2024-06-14 15:45:00-04:00,lrc_break,"[('2024-06-14 15:45:00-04:00', 1.0, 30.09, 'lrc_break')]",1,0.2305961538461519,0.001998499999999995,649,38.91079499999991
KIM,XLRE,Improving,2024-06-13,2024-06-14 14:15:00-04:00,2024-06-14 14:30:00-04:00,16.89,16.62,AVWAP,17.51,swing_high,18.49,2.3,1.1,vwap_reclaim,50.6,0.32,2,2024-08-12 15:45:00-04:00,time,"[('2024-08-12 15:45:00-04:00', 1.0, 19.65, 'time')]",40,10.154555555555564,0.1623285968028418,1,2.741729999999998
DVA,XLV,Improving,2024-06-14,2024-06-17 11:45:00-04:00,2024-06-17 12:00:00-04:00,140.47,138.16,AVWAP,145.04,swing_high,150.95,2.13,2.74,vwap_reclaim,57.7,0.64,2,2024-06-21 09:30:00-04:00,stop,"[('2024-06-21 09:30:00-04:00', 1.0, 138.16, 'stop')]",3,-1.0603095238095237,-0.017436570086139403,158,-386.9917700000004
FRT,XLRE,Improving,2024-06-13,2024-06-18 12:30:00-04:00,2024-06-18 12:45:00-04:00,91.61,90.19,VAL,95.5,LRC_upper,97.8,2.82,1.18,vwap_reclaim,38.6,0.0,2,2024-06-26 09:30:00-04:00,stop,"[('2024-06-26 09:30:00-04:00', 1.0, 90.19, 'stop')]",5,-1.0640140845070423,-0.016492740967143343,244,-368.6596000000004
CMG,XLY,Improving,2024-06-21,2024-06-24 12:15:00-04:00,2024-06-24 12:30:00-04:00,63.98,62.89,AVWAP,68.86,LRC_upper,70.18,4.69,1.11,vwap_reclaim,70.6,0.46,3,2024-06-26 09:30:00-04:00,stop,"[('2024-06-26 09:30:00-04:00', 1.0, 62.89, 'stop')]",2,-1.058197247706422,-0.01802805564238819,349,-402.54881499999874
DECK,XLY,Improving,2024-06-25,2024-06-26 15:30:00-04:00,2024-06-26 15:45:00-04:00,163.95,158.96,AVWAP,177.65,POC,184.48,2.66,1.03,vwap_reclaim,71.2,0.72,2,2024-07-01 09:45:00-04:00,stop,"[('2024-07-01 09:45:00-04:00', 1.0, 158.83, 'stop')]",3,-1.0583947895791577,-0.03221341872522096,135,-712.9876499999968
BRO,XLF,Improving,2024-06-28,2024-07-01 13:00:00-04:00,2024-07-01 13:15:00-04:00,87.61,86.87,swing_low,90.18,swing_high,92.19,3.41,4.61,vwap_reclaim,72.7,0.8,3,2024-07-01 15:45:00-04:00,lrc_break,"[('2024-07-01 15:45:00-04:00', 1.0, 87.64, 'lrc_break')]",1,-0.07787162162162063,-0.0006577445497089245,250,-14.406249999999716
DOC,XLRE,Improving,2024-06-28,2024-07-01 14:30:00-04:00,2024-07-01 14:45:00-04:00,16.84,16.49,AVWAP,17.59,swing_high,17.97,2.14,1.23,vwap_reclaim,51.5,0.38,2,2024-08-26 15:45:00-04:00,time,"[('2024-08-26 15:45:00-04:00', 1.0, 19.77, 'time')]",40,8.319128571428537,0.17290350356294537,1304,3796.8502799999997
GRMN,XLY,Improving,2024-06-28,2024-07-01 14:45:00-04:00,2024-07-01 15:00:00-04:00,156.85,154.98,POC,164.46,swing_high,176.78,4.07,1.53,vwap_reclaim,55.2,0.2,2,2024-07-02 09:30:00-04:00,stop,"[('2024-07-02 09:30:00-04:00', 1.0, 154.98, 'stop')]",1,-1.0833770053475933,-0.012916257570927667,140,-283.6281000000006
GM,XLY,Improving,2024-07-01,2024-07-02 11:15:00-04:00,2024-07-02 11:30:00-04:00,45.73,44.8,VAL,47.97,swing_high,48.85,2.37,1.18,vwap_reclaim,61.5,0.36,3,2024-07-23 09:45:00-04:00,trail,"[('2024-07-23 09:45:00-04:00', 1.0, 45.74, 'trail')]",14,-0.03842473118279785,-0.0007814345068883007,478,-17.081329999997557
ACGL,XLF,Improving,2024-07-01,2024-07-02 12:15:00-04:00,2024-07-02 12:30:00-04:00,94.99,93.78,VAL,98.48,swing_high,102.1,2.88,1.36,vwap_reclaim,58.2,0.55,2,2024-07-03 09:30:00-04:00,stop,"[('2024-07-03 09:30:00-04:00', 1.0, 93.78, 'stop')]",1,-1.0780041322314053,-0.013731813875144687,230,-300.0085499999986
BLK,XLF,Improving,2024-07-03,2024-07-05 12:15:00-04:00,2024-07-05 12:30:00-04:00,751.49,743.17,POC,770.29,swing_high,798.48,2.04,1.61,vwap_reclaim,49.6,0.14,3,2024-08-02 11:00:00-04:00,trail,"[('2024-08-02 11:00:00-04:00', 1.0, 804.17, 'trail')]",20,6.238241586538418,0.06906568284341767,29,1505.1629299999986
AFL,XLF,Improving,2024-07-01,2024-07-05 12:30:00-04:00,2024-07-05 12:45:00-04:00,84.76,83.93,swing_low,87.01,52w_high,88.09,2.71,1.07,vwap_reclaim,67.4,0.85,2,2024-08-02 11:15:00-04:00,trail,"[('2024-08-02 11:15:00-04:00', 1.0, 93.42, 'trail')]",20,10.326397590361463,0.10111974988201977,251,2151.298409999999
FOXA,XLC,Improving,2024-07-03,2024-07-05 13:30:00-04:00,2024-07-05 13:45:00-04:00,33.73,33.42,POC,35.02,LRC_upper,35.51,4.16,1.59,vwap_reclaim,72.8,0.71,3,2024-08-05 09:30:00-04:00,trail,"[('2024-08-05 09:30:00-04:00', 1.0, 35.74, 'trail')]",21,6.3718225806452775,0.058561073228580056,1,1.9752650000000052
IP,XLB,Improving,2024-07-22,2024-07-23 14:00:00-04:00,2024-07-23 14:15:00-04:00,41.78,40.81,VAH,45.25,LRC_upper,46.75,3.53,2.14,vwap_reclaim,65.0,0.31,3,2024-07-25 09:30:00-04:00,stop,"[('2024-07-25 09:30:00-04:00', 1.0, 40.64, 'stop')]",2,-1.217742268041239,-0.02827213977979896,523,-617.7728300000002
CHRW,XLI,Improving,2024-07-24,2024-07-25 11:00:00-04:00,2024-07-25 11:15:00-04:00,86.85,84.57,VAH,93.69,52w_high,95.38,3.0,2.08,vwap_reclaim,76.2,0.63,2,2024-07-31 09:30:00-04:00,stop,"[('2024-07-31 09:30:00-04:00', 1.0, 84.57, 'stop')]",4,-1.037592105263158,-0.027239032815198634,255,-603.2560500000004
AAPL,XLK,Improving,2024-08-16,2024-08-19 14:15:00-04:00,2024-08-19 14:30:00-04:00,222.78,218.75,swing_low,234.99,52w_high,240.41,3.03,1.47,vwap_reclaim,59.7,0.19,3,2024-09-04 09:30:00-04:00,stop,"[('2024-09-04 09:30:00-04:00', 1.0, 218.75, 'stop')]",11,-1.0547803970223326,-0.019080550318700068,101,-429.32726500000007
IT,XLK,Improving,2024-08-20,2024-08-21 12:30:00-04:00,2024-08-21 12:45:00-04:00,480.4,469.25,swing_low,503.75,LRC_upper,518.36,2.19,1.69,vwap_reclaim,63.4,0.78,2,2024-10-16 15:45:00-04:00,time,"[('2024-10-16 15:45:00-04:00', 1.0, 531.17, 'time')]",40,4.508001345291487,0.10462992298084925,47,2362.418104999999
CTSH,XLK,Improving,2024-08-21,2024-08-22 11:30:00-04:00,2024-08-22 11:45:00-04:00,73.8,72.6,swing_low,76.98,52w_high,78.15,2.68,1.23,vwap_reclaim,70.6,0.78,2,2024-09-11 09:45:00-04:00,stop,"[('2024-09-11 09:45:00-04:00', 1.0, 72.6, 'stop')]",13,-1.0609999999999997,-0.01725203252032524,307,-390.8724000000009
HD,XLY,Improving,2024-08-28,2024-08-29 10:15:00-04:00,2024-08-29 10:30:00-04:00,351.13,346.21,swing_low,363.86,LRC_upper,372.14,2.68,1.32,vwap_reclaim,63.3,0.36,3,2024-09-03 15:30:00-04:00,stop,"[('2024-09-03 15:30:00-04:00', 1.0, 346.21, 'stop')]",2,-1.0708678861788616,-0.015004898470651942,65,-342.463550000001
DHI,XLY,Improving,2024-08-28,2024-08-30 14:00:00-04:00,2024-08-30 14:15:00-04:00,182.52,179.42,VAH,189.22,52w_high,203.3,2.18,1.01,vwap_reclaim,72.7,0.82,2,2024-09-03 15:30:00-04:00,stop,"[('2024-09-03 15:30:00-04:00', 1.0, 179.42, 'stop')]",1,-1.0583774193548383,-0.01797594784133258,125,-410.1212500000029
FFIV,XLK,Improving,2024-08-29,2024-09-04 10:00:00-04:00,2024-09-04 10:15:00-04:00,199.325,194.71,POC,211.09,LRC_upper,218.52,2.6,7.36,vwap_reclaim,75.1,0.81,3,2024-10-15 15:45:00-04:00,lrc_break,"[('2024-10-15 15:45:00-04:00', 1.0, 216.97, 'lrc_break')]",30,3.778299566630571,0.08747950583218368,113,1970.3643325000012
LOW,XLY,Improving,2024-09-03,2024-09-04 15:15:00-04:00,2024-09-04 15:30:00-04:00,234.05,229.58,POC,243.24,swing_high,249.91,2.04,1.5,vwap_reclaim,70.0,0.7,3,2024-10-22 09:30:00-04:00,trail,"[('2024-10-22 09:30:00-04:00', 1.0, 257.94, 'trail')]",34,5.289486577181206,0.10102117069002343,96,2269.824479999999
AKAM,XLK,Improving,2024-09-13,2024-09-16 11:45:00-04:00,2024-09-16 12:00:00-04:00,98.725,96.78,AVWAP,102.75,swing_high,105.89,2.05,1.94,vwap_reclaim,55.6,0.3,2,2024-10-31 11:00:00-04:00,trail,"[('2024-10-31 11:00:00-04:00', 1.0, 100.565, 'trail')]",33,0.894784061696663,0.01762831096480125,235,408.98342500000075
MA,XLF,Improving,2024-10-10,2024-10-11 09:45:00-04:00,2024-10-11 10:00:00-04:00,492.57,486.08,POC,510.45,LRC_upper,517.13,2.61,1.01,vwap_reclaim,81.2,0.87,3,2024-10-31 15:45:00-04:00,lrc_break,"[('2024-10-31 15:45:00-04:00', 1.0, 494.3, 'lrc_break')]",15,0.19053389830508727,0.0025104350650669307,43,53.17229500000078
ACGL,XLF,Improving,2024-10-10,2024-10-11 13:30:00-04:00,2024-10-11 13:45:00-04:00,108.99,105.38,VAL,117.51,LRC_upper,120.44,2.38,1.61,vwap_reclaim,73.0,0.7,2,2024-10-14 09:30:00-04:00,stop,"[('2024-10-14 09:30:00-04:00', 1.0, 105.38, 'stop')]",1,-1.029691135734072,-0.03410574364620607,3,-11.151554999999998
EOG,XLE,Improving,2024-10-15,2024-10-16 15:30:00-04:00,2024-10-16 15:45:00-04:00,119.59,116.43,AVWAP,126.53,swing_high,129.29,2.16,1.17,vwap_reclaim,50.3,0.06,3,2024-10-25 12:30:00-04:00,stop,"[('2024-10-25 12:30:00-04:00', 1.0, 116.43, 'stop')]",7,-1.0373449367088607,-0.027410402207542407,203,-665.4360299999993
EQT,XLE,Improving,2024-10-16,2024-10-21 15:15:00-04:00,2024-10-21 15:30:00-04:00,35.51,34.92,VAL,37.38,swing_high,40.51,3.17,1.61,vwap_reclaim,72.9,0.83,3,2024-10-23 09:30:00-04:00,stop,"[('2024-10-23 09:30:00-04:00', 1.0, 34.92, 'stop')]",2,-1.0596864406779665,-0.01760673049845104,691,-432.02356499999746
LIN,XLB,Improving,2024-10-23,2024-10-24 15:30:00-04:00,2024-10-24 15:45:00-04:00,462.38,457.1,VAL,474.88,52w_high,482.86,2.34,1.22,vwap_reclaim,63.4,0.57,3,2024-10-31 09:30:00-04:00,stop,"[('2024-10-31 09:30:00-04:00', 1.0, 443.18, 'stop')]",5,-3.7221174242424415,-0.042503525238980905,51,-1002.2917799999994
BXP,XLRE,Improving,2024-10-29,2024-10-30 13:30:00-04:00,2024-10-30 13:45:00-04:00,76.41,74.95,VAL,82.7,52w_high,86.85,4.17,4.32,vwap_reclaim,77.9,0.91,3,2024-10-30 15:45:00-04:00,lrc_break,"[('2024-10-30 15:45:00-04:00', 1.0, 75.98, 'lrc_break')]",1,-0.3467089041095855,-0.00662472189503982,311,-157.42664499999768
MDT,XLV,Improving,2024-11-05,2024-11-08 12:00:00-05:00,2024-11-08 12:15:00-05:00,83.97,82.77,swing_low,87.68,swing_high,90.16,3.02,1.63,vwap_reclaim,45.3,0.23,2,2024-11-08 15:45:00-05:00,lrc_break,"[('2024-11-08 15:45:00-05:00', 1.0, 83.36, 'lrc_break')]",1,-0.5780541666666649,-0.008260866976301053,279,-193.53253499999983
MNST,XLP,Improving,2024-11-20,2024-11-21 11:45:00-05:00,2024-11-21 12:00:00-05:00,26.8,26.31,POC,28.35,swing_high,30.61,3.16,1.2,vwap_reclaim,64.1,0.52,2,2024-12-06 11:15:00-05:00,stop,"[('2024-12-06 11:15:00-05:00', 1.0, 26.31, 'stop')]",10,-1.0541938775510202,-0.019274440298507535,873,-450.9525150000017
MCK,XLV,Improving,2024-11-27,2024-11-29 10:15:00-05:00,2024-11-29 10:30:00-05:00,622.02,606.83,POC,665.64,LRC_upper,679.98,2.92,1.56,vwap_reclaim,77.4,0.75,3,2024-12-04 12:30:00-05:00,stop,"[('2024-12-04 12:30:00-05:00', 1.0, 606.83, 'stop')]",3,-1.0404493087557605,-0.025408226423587574,37,-584.7637249999979
ETR,XLU,Improving,2024-11-29,2024-12-02 11:15:00-05:00,2024-12-02 11:30:00-05:00,73.89,72.73,VAH,76.65,LRC_upper,78.51,2.38,1.24,vwap_reclaim,72.6,0.87,2,2024-12-03 15:30:00-05:00,stop,"[('2024-12-03 15:30:00-05:00', 1.0, 72.73, 'stop')]",1,-1.063198275862069,-0.016691162538909142,318,-392.19257999999894
IRM,XLRE,Improving,2024-11-29,2024-12-02 15:15:00-05:00,2024-12-02 15:30:00-05:00,114.22,112.59,VAH,120.52,LRC_upper,123.87,3.61,3.5,vwap_reclaim,47.6,0.0,3,2024-12-04 09:45:00-05:00,stop,"[('2024-12-04 09:45:00-05:00', 1.0, 112.59, 'stop')]",2,-1.0695736196319021,-0.015263570302924141,206,-359.14142999999905
KR,XLP,Improving,2024-12-02,2024-12-03 12:30:00-05:00,2024-12-03 12:45:00-05:00,57.46,56.86,POC,59.33,LRC_upper,60.42,3.12,1.27,vwap_reclaim,60.7,0.67,2,2024-12-05 09:30:00-05:00,stop,"[('2024-12-05 09:30:00-05:00', 1.0, 56.57, 'stop')]",2,-1.5783583333333306,-0.0164812913331013,407,-385.43510500000025
CRH,XLB,Improving,2024-12-02,2024-12-03 14:00:00-05:00,2024-12-03 14:15:00-05:00,100.13,98.44,POC,103.99,LRC_upper,106.05,2.26,1.99,vwap_reclaim,67.9,0.81,2,2024-12-09 10:15:00-05:00,stop,"[('2024-12-09 10:15:00-05:00', 1.0, 98.44, 'stop')]",4,-1.0587485207100593,-0.017869619494656926,1,-1.7892849999999978
FRT,XLRE,Improving,2024-12-03,2024-12-04 11:30:00-05:00,2024-12-04 11:45:00-05:00,105.17,103.75,swing_low,108.72,swing_high,110.42,2.6,4.52,vwap_reclaim,54.1,0.29,3,2024-12-10 10:15:00-05:00,stop,"[('2024-12-10 10:15:00-05:00', 1.0, 103.75, 'stop')]",4,-1.07356338028169,-0.014495198250451665,221,-336.9056600000004
INCY,XLV,Improving,2024-12-02,2024-12-04 12:00:00-05:00,2024-12-04 12:15:00-05:00,74.71,70.28,VAL,83.95,52w_high,86.91,2.11,1.14,vwap_reclaim,64.3,0.52,2,2024-12-13 09:30:00-05:00,stop,"[('2024-12-13 09:30:00-05:00', 1.0, 70.28, 'stop')]",7,-1.016364559819413,-0.06026629634587061,262,-1179.653689999998
IP,XLB,Improving,2024-12-03,2024-12-04 14:00:00-05:00,2024-12-04 14:15:00-05:00,53.67,52.63,POC,55.95,52w_high,60.02,2.13,1.5,vwap_reclaim,73.0,0.77,3,2024-12-05 10:45:00-05:00,stop,"[('2024-12-05 10:45:00-05:00', 1.0, 52.63, 'stop')]",1,-1.0511057692307693,-0.020367989565865458,432,-472.24079999999964
EVRG,XLU,Improving,2024-12-04,2024-12-06 13:30:00-05:00,2024-12-06 13:45:00-05:00,59.22,58.15,VAL,61.42,swing_high,62.65,2.11,1.56,vwap_reclaim,62.8,0.56,3,2024-12-10 09:30:00-05:00,stop,"[('2024-12-10 09:30:00-05:00', 1.0, 58.15, 'stop')]",2,-1.0548457943925234,-0.01905918608578184,386,-435.6724100000001
GEN,XLK,Improving,2024-12-05,2024-12-06 15:00:00-05:00,2024-12-06 15:15:00-05:00,30.11,29.71,POC,31.27,LRC_upper,31.81,2.9,1.11,vwap_reclaim,75.4,0.77,3,2024-12-09 10:15:00-05:00,stop,"[('2024-12-09 10:15:00-05:00', 1.0, 29.71, 'stop')]",1,-1.0747750000000003,-0.014277980737296532,759,-326.3016899999989
DGX,XLV,Improving,2024-12-05,2024-12-06 15:30:00-05:00,2024-12-06 15:45:00-05:00,152.6,151.32,AVWAP,157.19,POC,160.16,3.52,6.13,vwap_reclaim,58.5,0.68,2,2024-12-11 10:15:00-05:00,stop,"[('2024-12-11 10:15:00-05:00', 1.0, 151.32, 'stop')]",3,-1.1187187499999998,-0.00938374836173002,149,-213.36204000000015
CPT,XLRE,Improving,2024-12-06,2024-12-09 10:15:00-05:00,2024-12-09 10:30:00-05:00,114.15,112.0,VAL,118.64,LRC_upper,120.69,2.09,1.59,vwap_reclaim,49.5,0.1,3,2024-12-13 14:15:00-05:00,stop,"[('2024-12-13 14:15:00-05:00', 1.0, 112.0, 'stop')]",4,-1.0525930232558138,-0.019825448970652696,200,-452.61500000000115
MAA,XLRE,Improving,2024-12-05,2024-12-09 11:30:00-05:00,2024-12-09 11:45:00-05:00,147.15,145.34,VAL,151.01,swing_high,153.75,2.36,1.41,vwap_reclaim,51.1,0.47,2,2024-12-13 14:45:00-05:00,stop,"[('2024-12-13 14:45:00-05:00', 1.0, 145.29, 'stop')]",4,-1.1084088397790117,-0.013633843017329348,18,-36.111960000000245
CHD,XLP,Improving,2024-12-05,2024-12-10 09:45:00-05:00,2024-12-10 10:00:00-05:00,104.02,103.06,AVWAP,111.0,swing_high,114.73,7.27,1.02,vwap_reclaim,55.1,0.63,2,2024-12-11 15:45:00-05:00,lrc_break,"[('2024-12-11 15:45:00-05:00', 1.0, 103.29, 'lrc_break')]",2,-0.8683906249999951,-0.008014372236108343,216,-180.06947999999778
FTNT,XLK,Improving,2024-12-05,2024-12-10 10:15:00-05:00,2024-12-10 10:30:00-05:00,97.26,94.4,POC,104.54,LRC_upper,108.6,2.54,1.13,vwap_reclaim,75.1,0.73,3,2024-12-18 15:00:00-05:00,stop,"[('2024-12-18 15:00:00-05:00', 1.0, 94.4, 'stop')]",6,-1.033506993006993,-0.03039101377750359,231,-682.7967299999998
CAH,XLV,Improving,2024-12-09,2024-12-10 13:45:00-05:00,2024-12-10 14:00:00-05:00,118.5,116.36,AVWAP,123.52,swing_high,126.67,2.35,1.31,vwap_reclaim,61.8,0.73,2,2024-12-11 10:00:00-05:00,stop,"[('2024-12-11 10:00:00-05:00', 1.0, 116.36, 'stop')]",1,-1.054873831775701,-0.019050042194092832,3,-6.772290000000002
MO,XLP,Improving,2024-12-09,2024-12-10 14:45:00-05:00,2024-12-10 15:00:00-05:00,48.77,48.16,swing_low,50.66,swing_high,52.59,3.1,1.52,vwap_reclaim,76.6,0.83,3,2024-12-11 11:30:00-05:00,stop,"[('2024-12-11 11:30:00-05:00', 1.0, 48.16, 'stop')]",1,-1.0794508196721302,-0.01350143530859148,2,-1.316930000000013
FICO,XLK,Improving,2024-12-11,2024-12-12 12:30:00-05:00,2024-12-12 13:00:00-05:00,2197.69,2144.97,AVWAP,2371.28,POC,2565.49,3.08,2.31,vwap_reclaim,72.1,0.71,2,2024-12-12 15:45:00-05:00,lrc_break,"[('2024-12-12 15:45:00-05:00', 1.0, 2186.91, 'lrc_break')]",1,-0.246060318664646,-0.005902697832724451,10,-129.723000000002
CTSH,XLK,Improving,2024-12-12,2024-12-13 15:30:00-05:00,2024-12-13 15:45:00-05:00,77.32,76.62,swing_low,79.35,52w_high,81.69,2.96,1.12,vwap_reclaim,61.6,0.51,3,2024-12-18 15:15:00-05:00,stop,"[('2024-12-18 15:15:00-05:00', 1.0, 76.62, 'stop')]",3,-1.1099571428571446,-0.010048758406621686,287,-222.99038999999672
CSCO,XLK,Improving,2024-12-12,2024-12-16 13:45:00-05:00,2024-12-16 14:00:00-05:00,55.85,55.39,VAL,57.49,swing_high,59.6,3.57,1.02,vwap_reclaim,72.7,0.81,3,2024-12-18 15:30:00-05:00,stop,"[('2024-12-18 15:30:00-05:00', 1.0, 55.39, 'stop')]",2,-1.1209130434782606,-0.00923222918531783,398,-205.2167600000003
DXCM,XLV,Improving,2024-12-27,2024-12-30 15:00:00-05:00,2024-12-30 15:15:00-05:00,78.43,77.08,VAL,84.78,LRC_upper,117.19,4.62,8.24,vwap_reclaim,71.7,0.65,3,2025-01-10 10:00:00-05:00,stop,"[('2025-01-10 10:00:00-05:00', 1.0, 77.08, 'stop')]",7,-1.057596296296296,-0.018204194823409518,280,-399.7714000000024
AXP,XLF,Improving,2025-01-03,2025-01-06 11:30:00-05:00,2025-01-06 11:45:00-05:00,298.4,292.86,swing_low,316.74,LRC_upper,322.01,3.17,3.07,vwap_reclaim,70.1,0.63,2,2025-01-07 10:00:00-05:00,stop,"[('2025-01-07 10:00:00-05:00', 1.0, 292.86, 'stop')]",1,-1.053362815884477,-0.019556400804289425,74,-431.8366199999973
BSX,XLV,Improving,2025-01-03,2025-01-06 12:30:00-05:00,2025-01-06 12:45:00-05:00,91.01,89.24,swing_low,94.6,LRC_upper,96.05,2.04,1.15,vwap_reclaim,62.4,0.54,2,2025-02-25 09:45:00-05:00,trail,"[('2025-02-25 09:45:00-05:00', 1.0, 101.66, 'trail')]",33,5.9625225988700175,0.11596159762663434,243,2564.540594999998
IBKR,XLF,Improving,2025-01-06,2025-01-07 10:30:00-05:00,2025-01-07 10:45:00-05:00,46.53,44.63,VAH,52.03,LRC_upper,54.53,2.78,4.95,vwap_reclaim,67.5,0.37,3,2025-01-27 11:15:00-05:00,trail,"[('2025-01-27 11:15:00-05:00', 1.0, 50.76, 'trail')]",12,2.2007131578947408,0.08986363636363645,472,1973.5995599999985
MCK,XLV,Improving,2025-01-07,2025-01-08 10:00:00-05:00,2025-01-08 10:15:00-05:00,582.87,570.95,POC,627.26,swing_high,666.14,3.83,1.09,vwap_reclaim,64.8,0.07,3,2025-01-13 09:45:00-05:00,stop,"[('2025-01-13 09:45:00-05:00', 1.0, 570.95, 'stop')]",2,-1.048398489932886,-0.021440304012901607,37,-462.38566999999847
JPM,XLF,Improving,2025-01-07,2025-01-08 10:45:00-05:00,2025-01-08 11:00:00-05:00,235.0,232.84,swing_low,245.55,52w_high,251.49,4.88,1.13,vwap_reclaim,57.0,0.22,2,2025-01-10 10:00:00-05:00,stop,"[('2025-01-10 10:00:00-05:00', 1.0, 232.84, 'stop')]",1,-1.1082962962962963,-0.010186893617021261,92,-220.2406399999997
FTV,XLI,Improving,2025-01-07,2025-01-08 12:30:00-05:00,2025-01-08 12:45:00-05:00,50.71,50.13,AVWAP,52.95,swing_high,54.07,3.86,1.36,vwap_reclaim,46.0,0.1,2,2025-01-10 09:30:00-05:00,stop,"[('2025-01-10 09:30:00-05:00', 1.0, 50.13, 'stop')]",1,-1.086931034482759,-0.012431867481758988,4,-2.5216799999999933
KMI,XLE,Improving,2025-01-08,2025-01-10 13:15:00-05:00,2025-01-10 13:30:00-05:00,26.37,25.62,swing_low,27.95,LRC_upper,28.68,2.11,1.52,vwap_reclaim,65.9,0.3,3,2025-01-27 09:30:00-05:00,trail,"[('2025-01-27 09:30:00-05:00', 1.0, 27.05, 'trail')]",10,0.8710533333333329,0.024773985589685237,838,547.4570199999998
ARES,XLF,Improving,2025-01-08,2025-01-10 13:45:00-05:00,2025-01-10 14:00:00-05:00,167.91,165.68,VAL,177.57,LRC_upper,183.35,4.13,2.35,vwap_reclaim,71.5,0.67,3,2025-01-10 15:30:00-05:00,stop,"[('2025-01-10 15:30:00-05:00', 1.0, 165.68, 'stop')]",0,-1.0747959641255609,-0.014274283842534631,125,-299.59937499999876
HST,XLRE,Improving,2025-01-10,2025-01-13 11:45:00-05:00,2025-01-13 12:00:00-05:00,15.25,15.04,VAL,15.83,swing_high,16.6,2.76,2.77,vwap_reclaim,40.2,0.02,2,2025-01-29 10:15:00-05:00,stop,"[('2025-01-29 10:15:00-05:00', 1.0, 15.04, 'stop')]",11,-1.0721190476190472,-0.014763606557377105,1424,-320.6064800000012
DXCM,XLV,Improving,2025-01-13,2025-01-14 14:30:00-05:00,2025-01-14 14:45:00-05:00,78.3,76.8,VAL,85.93,LRC_upper,142.0,5.09,1.52,vwap_reclaim,73.2,0.64,3,2025-03-03 15:45:00-05:00,lrc_break,"[('2025-03-03 15:45:00-05:00', 1.0, 86.03, 'lrc_break')]",33,5.09855666666667,0.09767349936143045,257,1965.493595000001
CNP,XLU,Improving,2025-01-16,2025-01-17 12:30:00-05:00,2025-01-17 12:45:00-05:00,31.36,30.72,VAH,32.65,LRC_upper,33.42,2.02,1.15,vwap_reclaim,60.0,0.33,3,2025-01-27 10:30:00-05:00,stop,"[('2025-01-27 10:30:00-05:00', 1.0, 30.72, 'stop')]",5,-1.0485,-0.021397959183673487,1,-0.6710400000000006
APA,XLE,Improving,2025-01-27,2025-01-28 13:45:00-05:00,2025-01-28 14:00:00-05:00,21.74,21.21,VAL,23.15,swing_high,25.13,2.66,1.94,vwap_reclaim,49.3,0.36,2,2025-01-31 09:30:00-05:00,stop,"[('2025-01-31 09:30:00-05:00', 1.0, 21.21, 'stop')]",3,-1.0405188679245285,-0.025366835326586828,1067,-588.4238249999974
CEG,XLU,Improving,2025-02-10,2025-02-13 13:30:00-05:00,2025-02-13 13:45:00-05:00,306.48,293.55,POC,348.5,52w_high,373.58,3.16,2.23,vwap_reclaim,70.0,0.55,3,2025-02-21 10:15:00-05:00,stop,"[('2025-02-21 10:15:00-05:00', 1.0, 293.55, 'stop')]",5,-1.0232030162412993,-0.04316762920908381,74,-979.0211100000005
ADSK,XLK,Improving,2025-02-13,2025-02-14 11:30:00-05:00,2025-02-14 11:45:00-05:00,303.21,297.99,POC,314.09,swing_high,326.62,2.03,1.25,vwap_reclaim,46.7,0.0,3,2025-02-18 09:30:00-05:00,stop,"[('2025-02-18 09:30:00-05:00', 1.0, 297.99, 'stop')]",1,-1.057586206896552,-0.01820718314039765,75,-414.0449999999978
JBL,XLK,Improving,2025-02-18,2025-02-20 12:30:00-05:00,2025-02-20 12:45:00-05:00,165.72,162.85,swing_low,174.37,swing_high,181.63,3.11,2.13,vwap_reclaim,78.1,0.88,3,2025-02-21 13:00:00-05:00,stop,"[('2025-02-21 13:00:00-05:00', 1.0, 162.85, 'stop')]",1,-1.0572421602787456,-0.018309709147960443,140,-424.7999000000006
AKAM,XLK,Improving,2025-02-18,2025-02-20 14:45:00-05:00,2025-02-20 15:00:00-05:00,98.25,97.15,VAL,103.03,swing_high,106.03,4.37,1.67,vwap_reclaim,53.0,0.06,3,2025-02-21 09:30:00-05:00,stop,"[('2025-02-21 09:30:00-05:00', 1.0, 89.0, 'stop')]",1,-8.494204545454588,-0.09510050890585241,215,-2008.8793750000002
FFIV,XLK,Improving,2025-02-18,2025-02-21 11:00:00-05:00,2025-02-21 11:15:00-05:00,303.46,299.67,swing_low,325.21,LRC_upper,333.13,5.56,1.03,vwap_reclaim,79.0,0.72,3,2025-02-21 12:45:00-05:00,stop,"[('2025-02-21 12:45:00-05:00', 1.0, 299.67, 'stop')]",0,-1.0795686015831143,-0.013483045541422144,74,-302.7758099999973
IBM,XLK,Improving,2025-02-24,2025-02-25 11:30:00-05:00,2025-02-25 11:45:00-05:00,251.63,244.2,POC,268.99,LRC_upper,276.63,2.35,1.2,vwap_reclaim,75.4,0.6,3,2025-02-27 09:30:00-05:00,stop,"[('2025-02-27 09:30:00-05:00', 1.0, 244.2, 'stop')]",2,-1.0333667563930014,-0.03051271708460838,88,-675.6565200000007
KLAC,XLK,Improving,2025-02-24,2025-02-25 12:45:00-05:00,2025-02-25 13:00:00-05:00,72.22,70.23,AVWAP,76.32,swing_high,81.52,2.11,1.49,vwap_reclaim,76.2,0.78,3,2025-02-25 15:45:00-05:00,lrc_break,"[('2025-02-25 15:45:00-05:00', 1.0, 71.78, 'lrc_break')]",1,-0.25728643216080355,-0.007089448906120158,308,-157.69599999999932
HPQ,XLK,Improving,2025-02-26,2025-02-27 12:15:00-05:00,2025-02-27 12:30:00-05:00,31.01,30.67,AVWAP,32.14,LRC_upper,33.77,3.32,1.37,vwap_reclaim,44.7,0.01,3,2025-02-27 15:15:00-05:00,stop,"[('2025-02-27 15:15:00-05:00', 1.0, 30.67, 'stop')]",0,-1.0907058823529412,-0.011958722992583031,711,-263.6672399999999
CTSH,XLK,Improving,2025-02-25,2025-02-27 12:30:00-05:00,2025-02-27 12:45:00-05:00,81.98,80.74,AVWAP,87.78,52w_high,89.33,4.72,1.42,vwap_reclaim,74.5,0.55,3,2025-02-28 09:30:00-05:00,stop,"[('2025-02-28 09:30:00-05:00', 1.0, 80.74, 'stop')]",1,-1.0656129032258062,-0.01611807757989765,269,-355.4458400000025
FFIV,XLK,Improving,2025-02-26,2025-02-28 15:00:00-05:00,2025-02-28 15:15:00-05:00,287.93,280.24,AVWAP,308.0,swing_high,331.46,2.65,1.44,vwap_reclaim,75.2,0.76,3,2025-03-03 15:45:00-05:00,lrc_break,"[('2025-03-03 15:45:00-05:00', 1.0, 284.16, 'lrc_break')]",2,-0.5274440832249653,-0.014086913485916652,75,-304.20337499999863
CTVA,XLB,Improving,2025-05-29,2025-05-30 12:30:00-04:00,2025-05-30 12:45:00-04:00,68.99,67.24,POC,72.66,LRC_upper,74.15,2.1,6.87,vwap_reclaim,71.0,0.53,3,2025-06-25 15:45:00-04:00,lrc_break,"[('2025-06-25 15:45:00-04:00', 1.0, 72.38, 'lrc_break')]",18,1.8967514285714289,0.048112987389476745,314,1042.2649100000003
ISRG,XLV,Improving,2025-05-29,2025-05-30 14:15:00-04:00,2025-05-30 14:30:00-04:00,551.01,534.57,VAL,594.55,LRC_upper,612.54,2.69,1.08,vwap_reclaim,65.1,0.59,3,2025-06-09 09:30:00-04:00,stop,"[('2025-06-09 09:30:00-04:00', 1.0, 531.5, 'stop')]",6,-1.219662712895381,-0.036390001996333986,39,-781.9989449999996
ALGN,XLV,Improving,2025-05-30,2025-06-02 12:00:00-04:00,2025-06-02 12:15:00-04:00,177.58,173.07,AVWAP,191.61,swing_high,199.95,3.03,3.4,vwap_reclaim,53.9,0.5,2,2025-06-03 09:30:00-04:00,stop,"[('2025-06-03 09:30:00-04:00', 1.0, 173.07, 'stop')]",1,-1.0388747228381372,-0.02638430566505248,122,-571.6096500000024
EQIX,XLRE,Improving,2025-05-30,2025-06-02 12:30:00-04:00,2025-06-02 12:45:00-04:00,859.58,847.17,VAH,910.03,swing_high,928.93,4.15,1.3,vwap_reclaim,57.3,0.44,2,2025-06-25 15:15:00-04:00,stop,"[('2025-06-25 15:15:00-04:00', 1.0, 847.17, 'stop')]",16,-1.0687651087832388,-0.015430064682752136,25,-331.58437500000207
AMT,XLRE,Improving,2025-05-30,2025-06-02 13:30:00-04:00,2025-06-02 13:45:00-04:00,203.58,201.11,POC,215.1,swing_high,221.47,4.71,3.07,vwap_reclaim,53.4,0.0,3,2025-06-09 10:00:00-04:00,stop,"[('2025-06-09 10:00:00-04:00', 1.0, 201.11, 'stop')]",5,-1.081921052631579,-0.013126756066411234,106,-283.2685699999999
CAH,XLV,Improving,2025-05-30,2025-06-02 13:45:00-04:00,2025-06-02 14:00:00-04:00,152.43,148.04,swing_low,162.03,LRC_upper,166.38,2.19,1.72,vwap_reclaim,80.1,0.76,3,2025-07-11 15:45:00-04:00,lrc_break,"[('2025-07-11 15:45:00-04:00', 1.0, 159.28, 'lrc_break')]",28,1.5248621867881484,0.04391619103850944,2,13.388289999999987
CNP,XLU,Improving,2025-06-02,2025-06-03 11:15:00-04:00,2025-06-03 11:30:00-04:00,36.09,35.62,VAL,37.98,swing_high,38.77,3.92,1.06,vwap_reclaim,56.9,0.4,2,2025-06-05 10:00:00-04:00,stop,"[('2025-06-05 10:00:00-04:00', 1.0, 35.62, 'stop')]",2,-1.0762872340425522,-0.014016486561374506,587,-296.93688500000354
MOS,XLB,Improving,2025-06-04,2025-06-05 10:30:00-04:00,2025-06-05 10:45:00-04:00,35.01,34.03,POC,38.11,LRC_upper,39.14,3.16,2.39,vwap_reclaim,86.2,0.87,3,2025-06-06 09:30:00-04:00,stop,"[('2025-06-06 09:30:00-04:00', 1.0, 32.86, 'stop')]",1,-2.228505102040822,-0.062380319908597506,597,-1303.8091949999991
HST,XLRE,Improving,2025-06-04,2025-06-05 11:30:00-04:00,2025-06-05 11:45:00-04:00,14.05,13.7,VAL,14.77,swing_high,15.2,2.06,2.04,vwap_reclaim,62.1,0.55,3,2025-06-13 15:45:00-04:00,lrc_break,"[('2025-06-13 15:45:00-04:00', 1.0, 13.89, 'lrc_break')]",7,-0.49705714285714125,-0.01238220640569396,1,-0.17397000000000015
KMI,XLE,Improving,2025-06-05,2025-06-06 13:00:00-04:00,2025-06-06 13:15:00-04:00,26.72,26.42,POC,28.2,LRC_upper,29.32,4.74,1.17,vwap_reclaim,60.0,0.19,3,2025-06-09 09:30:00-04:00,stop,"[('2025-06-09 09:30:00-04:00', 1.0, 26.42, 'stop')]",1,-1.0885666666666673,-0.012221931137724445,733,-239.37580999999793
ECL,XLB,Improving,2025-06-06,2025-06-09 11:45:00-04:00,2025-06-09 12:00:00-04:00,262.05,259.65,POC,268.73,52w_high,275.83,2.74,6.51,vwap_reclaim,63.6,0.57,3,2025-06-13 14:45:00-04:00,stop,"[('2025-06-13 14:45:00-04:00', 1.0, 259.65, 'stop')]",4,-1.1086874999999985,-0.010153978248426003,81,-215.52885000000276
MPC,XLE,Improving,2025-06-06,2025-06-09 12:00:00-04:00,2025-06-09 12:15:00-04:00,157.87,150.13,swing_low,175.41,52w_high,181.9,2.3,1.06,vwap_reclaim,75.2,0.61,3,2025-07-30 15:45:00-04:00,lrc_break,"[('2025-07-30 15:45:00-04:00', 1.0, 167.05, 'lrc_break')]",36,1.1650568475452192,0.05712003547222403,134,1208.3503600000008
DXCM,XLV,Improving,2025-06-06,2025-06-09 14:15:00-04:00,2025-06-09 14:30:00-04:00,86.22,84.54,POC,89.59,swing_high,93.25,2.02,1.1,vwap_reclaim,67.1,0.82,2,2025-06-10 11:30:00-04:00,stop,"[('2025-06-10 11:30:00-04:00', 1.0, 84.54, 'stop')]",1,-1.0508214285714288,-0.02047529575504515,220,-388.38359999999835
MCK,XLV,Improving,2025-06-09,2025-06-10 12:45:00-04:00,2025-06-10 13:00:00-04:00,702.03,692.12,AVWAP,724.34,swing_high,740.69,2.21,1.46,vwap_reclaim,63.4,0.53,3,2025-07-02 15:45:00-04:00,lrc_break,"[('2025-07-02 15:45:00-04:00', 1.0, 702.54, 'lrc_break')]",16,-0.019403128153381397,-0.00027389855134397255,26,-4.999410000000237
APD,XLB,Improving,2025-06-10,2025-06-11 11:45:00-04:00,2025-06-11 12:00:00-04:00,272.74,267.77,POC,283.48,LRC_upper,307.06,2.17,1.92,vwap_reclaim,46.2,0.05,3,2025-06-18 09:30:00-04:00,stop,"[('2025-06-18 09:30:00-04:00', 1.0, 267.77, 'stop')]",5,-1.0543772635814885,-0.01921337170932033,1,-5.240255000000028
GEHC,XLV,Improving,2025-06-10,2025-06-13 15:00:00-04:00,2025-06-13 15:15:00-04:00,72.25,70.91,swing_low,77.57,swing_high,79.92,4.01,1.1,vwap_reclaim,36.3,0.13,2,2025-06-17 15:00:00-04:00,stop,"[('2025-06-17 15:00:00-04:00', 1.0, 70.91, 'stop')]",2,-1.053417910447761,-0.01953743944636683,291,-410.769780000001
IRM,XLRE,Improving,2025-06-16,2025-06-17 15:00:00-04:00,2025-06-17 15:15:00-04:00,98.72,95.88,POC,105.85,swing_high,122.1,2.5,1.19,vwap_reclaim,84.4,0.85,3,2025-06-26 09:30:00-04:00,stop,"[('2025-06-26 09:30:00-04:00', 1.0, 95.88, 'stop')]",6,-1.0342605633802817,-0.029753849270664542,209,-613.8957000000007
KMI,XLE,Improving,2025-06-16,2025-06-18 12:30:00-04:00,2025-06-18 12:45:00-04:00,26.11,25.62,swing_low,27.22,swing_high,27.98,2.27,1.2,vwap_reclaim,59.1,0.72,2,2025-07-08 11:00:00-04:00,trail,"[('2025-07-08 11:00:00-04:00', 1.0, 26.37, 'trail')]",12,0.4770612244898006,0.008952891612409098,12,2.8051200000000187
FIS,XLF,Improving,2025-06-25,2025-06-26 15:30:00-04:00,2025-06-26 15:45:00-04:00,76.5,75.54,VAL,79.57,swing_high,81.96,3.24,1.28,vwap_reclaim,63.2,0.52,3,2025-07-11 14:15:00-04:00,stop,"[('2025-07-11 14:15:00-04:00', 1.0, 75.54, 'stop')]",10,-1.0791875000000004,-0.013542745098039134,274,-283.86947999999825
LNT,XLU,Improving,2025-06-24,2025-06-27 10:00:00-04:00,2025-06-27 10:15:00-04:00,58.11,57.62,VAL,60.61,LRC_upper,63.11,4.98,1.78,vwap_reclaim,38.5,0.04,2,2025-06-30 09:30:00-04:00,stop,"[('2025-06-30 09:30:00-04:00', 1.0, 57.62, 'stop')]",1,-1.1180918367346933,-0.009428067458268834,362,-198.32713000000072
IBKR,XLF,Improving,2025-06-26,2025-06-27 10:45:00-04:00,2025-06-27 11:00:00-04:00,53.19,51.87,VAH,58.5,swing_high,59.75,4.02,1.14,vwap_reclaim,77.0,0.73,2,2025-08-13 12:00:00-04:00,trail,"[('2025-08-13 12:00:00-04:00', 1.0, 62.44, 'trail')]",32,6.963776515151514,0.17281791690167325,395,3630.913075
MCO,XLF,Improving,2025-06-30,2025-07-01 11:45:00-04:00,2025-07-01 12:00:00-04:00,494.02,488.46,swing_low,516.41,LRC_upper,524.33,4.09,1.39,vwap_reclaim,60.0,0.55,2,2025-07-16 11:15:00-04:00,stop,"[('2025-07-16 11:15:00-04:00', 1.0, 488.46, 'stop')]",10,-1.0883525179856115,-0.012248977774179189,43,-260.2033200000001
COR,XLV,Improving,2025-07-01,2025-07-02 12:30:00-04:00,2025-07-02 12:45:00-04:00,290.03,286.03,VAL,301.41,LRC_upper,307.93,2.87,1.81,vwap_reclaim,53.8,0.29,3,2025-07-28 09:45:00-04:00,stop,"[('2025-07-28 09:45:00-04:00', 1.0, 286.03, 'stop')]",17,-1.0720075,-0.014784780884736063,1,-4.28803
MLM,XLB,Improving,2025-07-02,2025-07-03 09:45:00-04:00,2025-07-03 10:00:00-04:00,552.66,543.83,POC,585.16,LRC_upper,626.08,3.23,1.32,vwap_reclaim,57.0,0.34,2,2025-07-16 09:30:00-04:00,stop,"[('2025-07-16 09:30:00-04:00', 1.0, 542.46, 'stop')]",8,-1.2171642129105347,-0.019446965584626955,33,-354.66947999999775
MO,XLP,Improving,2025-07-07,2025-07-08 13:15:00-04:00,2025-07-08 13:30:00-04:00,54.98,54.58,VAH,56.42,LRC_upper,57.37,3.6,1.71,vwap_reclaim,48.7,0.23,3,2025-07-09 09:30:00-04:00,stop,"[('2025-07-09 09:30:00-04:00', 1.0, 54.58, 'stop')]",1,-1.1369500000000006,-0.008271735176427767,9,-4.093019999999988
ADM,XLP,Improving,2025-07-08,2025-07-09 12:00:00-04:00,2025-07-09 12:15:00-04:00,51.87,50.62,POC,54.81,LRC_upper,61.21,2.3,1.1,vwap_reclaim,60.3,0.66,2,2025-07-17 11:00:00-04:00,stop,"[('2025-07-17 11:00:00-04:00', 1.0, 50.62, 'stop')]",6,-1.040996,-0.02508665895508001,9,-11.711205000000001
AMP,XLF,Improving,2025-07-10,2025-07-11 14:00:00-04:00,2025-07-11 14:15:00-04:00,528.36,523.44,VAH,551.85,LRC_upper,569.13,4.61,1.12,vwap_reclaim,67.8,0.64,3,2025-07-15 09:45:00-04:00,stop,"[('2025-07-15 09:45:00-04:00', 1.0, 523.44, 'stop')]",2,-1.10689024390244,-0.010307176924823906,39,-212.3900999999984
IQV,XLV,Improving,2025-07-11,2025-07-14 12:00:00-04:00,2025-07-14 12:15:00-04:00,160.79,155.46,POC,174.16,LRC_upper,189.92,2.54,1.82,vwap_reclaim,49.5,0.41,2,2025-07-31 15:15:00-04:00,trail,"[('2025-07-31 15:15:00-04:00', 1.0, 186.22, 'trail')]",13,4.7385544090056495,0.15707752347782847,2,50.512990000000016
EXR,XLRE,Improving,2025-07-14,2025-07-15 10:00:00-04:00,2025-07-15 10:15:00-04:00,142.32,139.17,AVWAP,149.34,swing_high,169.01,2.2,2.43,vwap_reclaim,55.0,0.18,3,2025-07-16 10:30:00-04:00,stop,"[('2025-07-16 10:30:00-04:00', 1.0, 139.17, 'stop')]",1,-1.0446809523809524,-0.023122154300168674,144,-473.86728000000085
DASH,XLY,Improving,2025-07-14,2025-07-16 11:45:00-04:00,2025-07-16 12:00:00-04:00,236.02,229.51,VAL,257.96,LRC_upper,271.3,3.19,1.18,vwap_reclaim,77.7,0.89,3,2025-07-16 15:45:00-04:00,lrc_break,"[('2025-07-16 15:45:00-04:00', 1.0, 234.489, 'lrc_break')]",1,-0.2713140552995393,-0.0074834950427930085,90,-158.96290500000055
BXP,XLRE,Improving,2025-07-16,2025-07-17 11:45:00-04:00,2025-07-17 12:00:00-04:00,66.15,65.24,AVWAP,70.39,swing_high,72.2,4.6,1.04,vwap_reclaim,53.1,0.42,2,2025-07-30 13:00:00-04:00,stop,"[('2025-07-30 13:00:00-04:00', 1.0, 65.24, 'stop')]",9,-1.0721923076923068,-0.014749735449735612,319,-311.24670500000343
BALL,XLB,Improving,2025-07-16,2025-07-17 13:30:00-04:00,2025-07-17 13:45:00-04:00,56.86,56.08,swing_low,59.21,LRC_upper,66.21,2.96,1.79,vwap_reclaim,75.5,0.89,3,2025-07-30 15:45:00-04:00,lrc_break,"[('2025-07-30 15:45:00-04:00', 1.0, 57.09, 'lrc_break')]",10,0.22182692307692786,0.0030430003517411884,372,64.36530000000148
LVS,XLY,Improving,2025-07-16,2025-07-18 12:30:00-04:00,2025-07-18 12:45:00-04:00,47.53,46.71,VAH,49.36,swing_high,54.46,2.27,1.26,vwap_reclaim,74.4,0.68,3,2025-09-05 10:15:00-04:00,trail,"[('2025-09-05 10:15:00-04:00', 1.0, 53.08, 'trail')]",34,6.706945121951214,0.1157099726488533,356,1957.891419999999
FIS,XLF,Improving,2025-07-25,2025-07-28 15:30:00-04:00,2025-07-28 15:45:00-04:00,78.42,76.53,POC,86.79,52w_high,88.72,4.46,1.07,vwap_reclaim,59.0,0.23,3,2025-07-31 09:30:00-04:00,stop,"[('2025-07-31 09:30:00-04:00', 1.0, 76.53, 'stop')]",3,-1.0409920634920635,-0.025088944146901306,3,-5.902425000000002
KEY,XLF,Improving,2025-07-28,2025-07-29 11:45:00-04:00,2025-07-29 12:00:00-04:00,17.47,17.22,VAL,18.37,52w_high,18.78,3.42,1.38,vwap_reclaim,79.9,0.81,3,2025-07-30 14:45:00-04:00,stop,"[('2025-07-30 14:45:00-04:00', 1.0, 17.22, 'stop')]",1,-1.06938,-0.015303091013165427,4,-1.06938
CINF,XLF,Improving,2025-07-30,2025-07-31 11:45:00-04:00,2025-07-31 12:00:00-04:00,145.49,142.78,AVWAP,154.55,52w_high,157.18,3.38,1.06,vwap_reclaim,46.7,0.04,2,2025-08-01 09:30:00-04:00,stop,"[('2025-08-01 09:30:00-04:00', 1.0, 142.76, 'stop')]",1,-1.0605627306273098,-0.01975479414392754,150,-431.1187500000027
KHC,XLP,Improving,2025-07-31,2025-08-01 11:00:00-04:00,2025-08-01 11:15:00-04:00,25.28,24.47,swing_low,27.04,LRC_upper,28.19,2.17,2.99,vwap_reclaim,55.5,0.42,3,2025-09-02 11:15:00-04:00,stop,"[('2025-09-02 11:15:00-04:00', 1.0, 24.47, 'stop')]",21,-1.0307098765432097,-0.033025118670886165,858,-716.3227500000019
GRMN,XLY,Improving,2025-07-31,2025-08-01 11:45:00-04:00,2025-08-01 12:00:00-04:00,212.18,209.48,POC,225.01,swing_high,234.63,5.02,1.43,vwap_reclaim,73.2,0.75,3,2025-09-26 15:45:00-04:00,time,"[('2025-09-26 15:45:00-04:00', 1.0, 236.58, 'time')]",40,8.953933333333278,0.11393920256386089,102,2465.9132400000008
FANG,XLE,Improving,2025-07-31,2025-08-01 11:45:00-04:00,2025-08-01 12:00:00-04:00,142.13,139.72,VAH,150.49,LRC_upper,155.72,3.53,1.27,vwap_reclaim,50.8,0.14,3,2025-08-05 09:30:00-04:00,stop,"[('2025-08-05 09:30:00-04:00', 1.0, 139.72, 'stop')]",2,-1.05847510373444,-0.017947829451910202,149,-380.08782499999944
L,XLF,Improving,2025-07-31,2025-08-01 13:30:00-04:00,2025-08-01 13:45:00-04:00,89.77,89.0,swing_low,92.54,swing_high,93.81,3.54,1.9,vwap_reclaim,56.9,0.62,2,2025-09-26 15:45:00-04:00,time,"[('2025-09-26 15:45:00-04:00', 1.0, 100.09, 'time')]",40,13.279311688311767,0.11390297426757277,1,10.225070000000006
AMT,XLRE,Improving,2025-08-04,2025-08-05 12:15:00-04:00,2025-08-05 12:30:00-04:00,202.86,197.87,swing_low,215.79,swing_high,221.47,2.59,1.19,vwap_reclaim,43.9,0.29,2,2025-08-05 15:45:00-04:00,lrc_break,"[('2025-08-05 15:45:00-04:00', 1.0, 202.25, 'lrc_break')]",1,-0.16283667334669583,-0.004005496401459202,102,-82.8806100000014
CCI,XLRE,Improving,2025-08-04,2025-08-05 12:30:00-04:00,2025-08-05 12:45:00-04:00,99.53,97.14,AVWAP,105.64,LRC_upper,108.87,2.48,1.08,vwap_reclaim,65.5,0.75,3,2025-08-11 13:30:00-04:00,stop,"[('2025-08-11 13:30:00-04:00', 1.0, 97.14, 'stop')]",4,-1.0411443514644352,-0.025000854013865172,1,-2.488335
MDT,XLV,Improving,2025-08-05,2025-08-06 11:00:00-04:00,2025-08-06 11:15:00-04:00,86.67,85.66,swing_low,89.59,swing_high,91.75,2.89,1.34,vwap_reclaim,72.2,0.77,3,2025-08-19 09:30:00-04:00,trail,"[('2025-08-19 09:30:00-04:00', 1.0, 85.06, 'trail')]",9,-1.6790742574257336,-0.01956692050305757,237,-401.9200049999999
HAS,XLY,Improving,2025-08-08,2025-08-11 11:15:00-04:00,2025-08-11 11:30:00-04:00,74.61,72.2,VAL,80.37,LRC_upper,82.58,2.39,1.04,vwap_reclaim,71.9,0.75,2,2025-09-15 15:15:00-04:00,trail,"[('2025-09-15 15:15:00-04:00', 1.0, 74.42, 'trail')]",24,-0.1097572614107876,-0.0035453022383058266,1,-0.2645149999999977
HSY,XLP,Improving,2025-08-14,2025-08-15 12:30:00-04:00,2025-08-15 12:45:00-04:00,172.34,166.4,swing_low,185.18,swing_high,190.12,2.2,1.41,vwap_reclaim,57.8,0.54,2,2025-10-10 15:45:00-04:00,time,"[('2025-10-10 15:45:00-04:00', 1.0, 186.51, 'time')]",40,2.3553156565656552,0.08118008007427172,127,1776.8030249999983
KEY,XLF,Improving,2025-08-19,2025-08-20 11:00:00-04:00,2025-08-20 11:15:00-04:00,17.17,16.94,AVWAP,17.88,swing_high,18.37,2.92,1.31,vwap_reclaim,56.6,0.43,2,2025-10-08 15:00:00-04:00,trail,"[('2025-10-08 15:00:00-04:00', 1.0, 17.39, 'trail')]",34,0.8813913043478195,0.011806639487478093,1274,258.26527999999854
IQV,XLV,Improving,2025-08-19,2025-08-20 13:15:00-04:00,2025-08-20 13:30:00-04:00,191.74,185.17,VAL,206.78,swing_high,252.88,2.31,1.45,vwap_reclaim,76.6,0.67,3,2025-08-21 15:45:00-04:00,stop,"[('2025-08-21 15:45:00-04:00', 1.0, 185.17, 'stop')]",1,-1.0286841704718417,-0.03524801814957767,5,-33.7922750000001
IVZ,XLF,Improving,2025-08-22,2025-08-25 14:00:00-04:00,2025-08-25 14:15:00-04:00,21.0,20.01,POC,23.94,LRC_upper,24.82,2.97,1.35,vwap_reclaim,80.6,0.84,2,2025-10-10 15:30:00-04:00,trail,"[('2025-10-10 15:30:00-04:00', 1.0, 21.86, 'trail')]",33,0.8470404040404048,0.03993190476190474,51,42.767069999999975
DD,XLI,Improving,2025-08-29,2025-09-02 13:00:00-04:00,2025-09-02 13:15:00-04:00,92.8,90.57,VAH,99.34,LRC_upper,108.76,2.95,1.42,vwap_reclaim,55.6,0.27,3,2025-10-10 11:15:00-04:00,trail,"[('2025-10-10 11:15:00-04:00', 1.0, 94.05, 'trail')]",28,0.5186434977578529,0.012463092672413946,226,261.38595
GD,XLI,Improving,2025-09-02,2025-09-05 10:00:00-04:00,2025-09-05 10:15:00-04:00,316.99,313.57,VAH,329.04,LRC_upper,334.24,3.38,1.3,vwap_reclaim,78.7,0.88,3,2025-09-09 11:30:00-04:00,stop,"[('2025-09-09 11:30:00-04:00', 1.0, 313.57, 'stop')]",2,-1.0921871345029235,-0.011783589387677894,59,-220.38152000000093
INCY,XLV,Improving,2025-09-08,2025-09-09 13:45:00-04:00,2025-09-09 14:00:00-04:00,85.98,84.04,VAL,93.83,LRC_upper,96.35,4.05,1.06,vwap_reclaim,85.0,0.89,3,2025-09-12 11:30:00-04:00,stop,"[('2025-09-12 11:30:00-04:00', 1.0, 84.04, 'stop')]",3,-1.043819587628866,-0.023552105140730376,217,-439.4271699999995
HUM,XLV,Improving,2025-09-12,2025-09-15 13:00:00-04:00,2025-09-15 13:15:00-04:00,268.72,260.46,AVWAP,292.62,swing_high,310.81,2.71,1.06,vwap_reclaim,74.2,0.78,3,2025-09-15 15:45:00-04:00,lrc_break,"[('2025-09-15 15:45:00-04:00', 1.0, 271.37, 'lrc_break')]",1,0.28813014527844594,0.008856635159273507,67,159.4569849999985
HST,XLRE,Improving,2025-09-12,2025-09-16 12:45:00-04:00,2025-09-16 13:00:00-04:00,16.16,15.97,POC,16.82,LRC_upper,17.12,3.47,1.44,vwap_reclaim,52.8,0.32,2,2025-09-22 09:30:00-04:00,stop,"[('2025-09-22 09:30:00-04:00', 1.0, 15.97, 'stop')]",4,-1.0845526315789475,-0.01275154702970294,1143,-235.53229499999944
FE,XLU,Improving,2025-09-24,2025-09-25 14:30:00-04:00,2025-09-25 14:45:00-04:00,42.43,41.81,VAH,44.03,LRC_upper,44.6,2.58,1.51,vwap_reclaim,64.3,0.59,2,2025-10-27 11:00:00-04:00,trail,"[('2025-10-27 11:00:00-04:00', 1.0, 44.34, 'trail')]",22,3.010669354838728,0.04399281168984218,429,800.7778350000016
EIX,XLU,Improving,2025-09-29,2025-09-30 13:15:00-04:00,2025-09-30 13:30:00-04:00,52.25,51.31,AVWAP,54.62,swing_high,80.57,2.48,1.59,vwap_reclaim,53.7,0.34,2,2025-10-02 09:30:00-04:00,stop,"[('2025-10-02 09:30:00-04:00', 1.0, 51.31, 'stop')]",2,-1.055085106382979,-0.018981435406698523,426,-422.49827999999906
CFG,XLF,Improving,2025-09-29,2025-09-30 14:45:00-04:00,2025-09-30 15:00:00-04:00,51.08,50.0,POC,53.94,LRC_upper,56.02,2.61,1.13,vwap_reclaim,72.3,0.76,3,2025-10-08 15:45:00-04:00,lrc_break,"[('2025-10-08 15:45:00-04:00', 1.0, 50.49, 'lrc_break')]",7,-0.593319444444442,-0.012544733750978785,38,-24.34982999999986
HCA,XLV,Improving,2025-10-01,2025-10-02 11:15:00-04:00,2025-10-02 11:30:00-04:00,423.04,413.99,VAH,449.49,LRC_upper,458.68,2.96,1.37,vwap_reclaim,76.7,0.76,3,2025-10-10 09:30:00-04:00,stop,"[('2025-10-10 09:30:00-04:00', 1.0, 413.99, 'stop')]",6,-1.0462447513812154,-0.022382079708774608,51,-482.8942650000006
GE,XLI,Improving,2025-10-01,2025-10-02 11:45:00-04:00,2025-10-02 12:00:00-04:00,297.74,293.81,VAH,307.22,LRC_upper,313.13,2.25,1.49,vwap_reclaim,72.5,0.7,3,2025-10-06 10:00:00-04:00,stop,"[('2025-10-06 10:00:00-04:00', 1.0, 293.81, 'stop')]",2,-1.0752608142493638,-0.014192836031436847,1,-4.225775000000007
APA,XLE,Improving,2025-10-07,2025-10-08 15:30:00-04:00,2025-10-08 15:45:00-04:00,23.77,23.27,POC,25.25,52w_high,26.21,2.96,1.48,vwap_reclaim,71.4,0.89,2,2025-10-09 10:30:00-04:00,stop,"[('2025-10-09 10:30:00-04:00', 1.0, 23.27, 'stop')]",1,-1.04704,-0.022024400504838032,949,-496.82048
ETN,XLI,Improving,2025-10-08,2025-10-09 10:45:00-04:00,2025-10-09 11:00:00-04:00,373.6,366.01,POC,388.59,LRC_upper,396.18,2.09,1.55,vwap_reclaim,50.2,0.07,3,2025-10-14 09:30:00-04:00,stop,"[('2025-10-14 09:30:00-04:00', 1.0, 365.69, 'stop')]",3,-1.0908623188405784,-0.022161790685224905,59,-488.4990550000015
DLR,XLRE,Improving,2025-10-07,2025-10-09 11:45:00-04:00,2025-10-09 12:00:00-04:00,169.63,167.08,POC,175.0,swing_high,187.0,2.06,1.16,vwap_reclaim,47.9,0.08,3,2025-10-10 11:30:00-04:00,stop,"[('2025-10-10 11:30:00-04:00', 1.0, 167.08, 'stop')]",1,-1.0660215686274515,-0.016025201910039397,10,-27.18354999999983
CF,XLB,Improving,2025-10-09,2025-10-10 11:00:00-04:00,2025-10-10 11:15:00-04:00,86.52,84.05,VAL,91.83,swing_high,96.8,2.15,1.33,vwap_reclaim,38.1,0.08,2,2025-10-14 10:00:00-04:00,stop,"[('2025-10-14 10:00:00-04:00', 1.0, 84.05, 'stop')]",2,-1.0345283400809715,-0.02953403837263059,255,-651.5976749999996
LDOS,XLI,Improving,2025-10-09,2025-10-10 12:15:00-04:00,2025-10-10 12:30:00-04:00,190.17,187.89,VAH,198.48,52w_high,202.42,3.69,1.22,vwap_reclaim,74.8,0.76,3,2025-10-10 14:30:00-04:00,stop,"[('2025-10-10 14:30:00-04:00', 1.0, 187.89, 'stop')]",0,-1.082907894736842,-0.012983278119577226,115,-283.93845000000016
LDOS,XLI,Improving,2025-10-14,2025-10-15 15:30:00-04:00,2025-10-15 15:45:00-04:00,184.62,180.31,VAL,196.64,LRC_upper,201.46,2.83,1.03,vwap_reclaim,76.0,0.73,3,2025-10-16 15:45:00-04:00,lrc_break,"[('2025-10-16 15:45:00-04:00', 1.0, 182.25, 'lrc_break')]",2,-0.5924443155452445,-0.013830760480988,118,-301.30533000000054
LUV,XLI,Improving,2025-10-15,2025-10-16 10:30:00-04:00,2025-10-16 10:45:00-04:00,33.11,31.65,POC,37.01,swing_high,38.33,2.67,1.3,vwap_reclaim,60.4,0.41,3,2025-10-23 09:30:00-04:00,stop,"[('2025-10-23 09:30:00-04:00', 1.0, 31.65, 'stop')]",5,-1.022178082191781,-0.045073391724554546,659,-983.4784200000006
CASY,XLP,Improving,2025-10-15,2025-10-16 15:30:00-04:00,2025-10-16 15:45:00-04:00,558.45,543.4,VAL,593.7,LRC_upper,612.51,2.39,1.85,vwap_reclaim,69.0,0.67,3,2025-10-22 12:00:00-04:00,stop,"[('2025-10-22 12:00:00-04:00', 1.0, 543.4, 'stop')]",4,-1.0366063122923586,-0.027936117826126004,39,-608.4360750000027
IRM,XLRE,Improving,2025-10-16,2025-10-17 15:00:00-04:00,2025-10-17 15:15:00-04:00,100.93,97.96,VAL,107.37,LRC_upper,122.1,2.21,1.01,vwap_reclaim,65.1,0.85,2,2025-10-29 15:45:00-04:00,stop,"[('2025-10-29 15:45:00-04:00', 1.0, 97.96, 'stop')]",8,-1.0334831649831648,-0.030411621916179656,214,-656.8612300000028
CRH,XLB,Improving,2025-10-15,2025-10-20 10:00:00-04:00,2025-10-20 10:15:00-04:00,116.02,113.91,swing_low,120.56,52w_high,123.94,2.06,1.12,vwap_reclaim,64.3,0.61,2,2025-11-05 15:45:00-05:00,lrc_break,"[('2025-11-05 15:45:00-05:00', 1.0, 114.35, 'lrc_break')]",13,-0.8460592417061622,-0.015386872952939164,187,-333.8295950000003
HSY,XLP,Improving,2025-10-17,2025-10-20 11:15:00-04:00,2025-10-20 11:30:00-04:00,180.63,177.11,swing_low,190.9,swing_high,197.04,2.93,1.13,vwap_reclaim,68.9,0.69,3,2025-10-20 15:45:00-04:00,lrc_break,"[('2025-10-20 15:45:00-04:00', 1.0, 180.75, 'lrc_break')]",1,-0.017241477272726066,-0.0003359906992193735,12,-0.7282799999999454
ETN,XLI,Improving,2025-10-20,2025-10-21 15:30:00-04:00,2025-10-21 15:45:00-04:00,371.71,363.7,VAL,390.01,LRC_upper,400.89,2.31,1.6,vwap_reclaim,58.0,0.66,2,2025-10-22 10:00:00-04:00,stop,"[('2025-10-22 10:00:00-04:00', 1.0, 363.7, 'stop')]",1,-1.0459057428214733,-0.02253828253208144,6,-50.26622999999994
LMT,XLI,Improving,2025-10-24,2025-10-27 11:00:00-04:00,2025-10-27 11:15:00-04:00,470.76,461.07,AVWAP,492.89,POC,503.0,2.23,1.26,vwap_reclaim,68.8,0.82,2,2025-10-27 15:45:00-04:00,lrc_break,"[('2025-10-27 15:45:00-04:00', 1.0, 474.54, 'lrc_break')]",1,0.34131578947368735,0.007025554422635801,45,148.83075000000133
DLR,XLRE,Improving,2025-10-24,2025-10-27 15:15:00-04:00,2025-10-27 15:30:00-04:00,173.78,170.01,VAH,187.0,52w_high,191.28,3.51,1.6,vwap_reclaim,67.8,0.55,3,2025-10-28 09:30:00-04:00,stop,"[('2025-10-28 09:30:00-04:00', 1.0, 170.01, 'stop')]",1,-1.0455954907161802,-0.022683248935435666,123,-484.85308500000133
HUBB,XLI,Improving,2025-11-10,2025-11-11 12:45:00-05:00,2025-11-11 13:00:00-05:00,450.04,439.81,AVWAP,472.69,LRC_upper,489.59,2.21,1.27,vwap_reclaim,51.1,0.19,3,2025-11-13 09:45:00-05:00,stop,"[('2025-11-13 09:45:00-05:00', 1.0, 439.81, 'stop')]",2,-1.0434921798631476,-0.023719947115811966,46,-491.0465500000008
JBHT,XLI,Improving,2025-11-10,2025-11-11 15:00:00-05:00,2025-11-11 15:15:00-05:00,167.07,162.07,VAL,186.03,LRC_upper,197.0,3.87,1.38,vwap_reclaim,70.3,0.62,2,2025-11-14 15:45:00-05:00,stop,"[('2025-11-14 15:45:00-05:00', 1.0, 162.07, 'stop')]",3,-1.032914,-0.030912611480217875,126,-650.73582
GD,XLI,Improving,2025-11-12,2025-11-13 13:45:00-05:00,2025-11-13 14:00:00-05:00,341.67,335.53,POC,355.53,LRC_upper,364.9,2.27,1.28,vwap_reclaim,69.7,0.74,3,2025-11-14 09:30:00-05:00,stop,"[('2025-11-14 09:30:00-05:00', 1.0, 335.53, 'stop')]",1,-1.0551465798045598,-0.018961571106623474,61,-395.1946000000026
CAT,XLI,Improving,2025-11-10,2025-11-13 15:30:00-05:00,2025-11-13 15:45:00-05:00,552.01,537.59,swing_low,592.59,52w_high,622.38,2.83,2.58,vwap_reclaim,80.4,0.94,3,2025-11-13 15:45:00-05:00,lrc_break,"[('2025-11-13 15:45:00-05:00', 1.0, 550.21, 'lrc_break')]",1,-0.16304507628293766,-0.0042591800873171765,38,-89.34217999999828
GM,XLY,Improving,2025-11-13,2025-11-14 11:15:00-05:00,2025-11-14 11:30:00-05:00,70.65,68.95,VAH,75.51,LRC_upper,77.84,2.9,1.67,vwap_reclaim,74.4,0.62,3,2025-11-17 10:30:00-05:00,stop,"[('2025-11-17 10:30:00-05:00', 1.0, 68.95, 'stop')]",1,-1.0410588235294118,-0.02505024769992927,294,-520.3212000000009
LDOS,XLI,Improving,2025-11-14,2025-11-17 11:30:00-05:00,2025-11-17 11:45:00-05:00,188.69,184.52,VAL,197.58,swing_high,203.41,2.09,1.07,vwap_reclaim,62.7,0.45,3,2025-11-20 11:30:00-05:00,stop,"[('2025-11-20 11:30:00-05:00', 1.0, 184.52, 'stop')]",3,-1.0447494004796165,-0.02308869044464459,109,-474.8699449999986
AMZN,XLY,Improving,2025-11-13,2025-11-17 15:30:00-05:00,2025-11-17 15:45:00-05:00,232.05,224.99,VAL,251.75,swing_high,264.34,2.79,1.13,vwap_reclaim,42.3,0.13,2,2025-11-18 10:00:00-05:00,stop,"[('2025-11-18 10:00:00-05:00', 1.0, 224.99, 'stop')]",1,-1.032368271954674,-0.03140926524455937,88,-641.3897600000001
JCI,XLI,Improving,2025-11-17,2025-11-19 12:15:00-05:00,2025-11-19 12:30:00-05:00,113.95,111.66,VAL,122.67,52w_high,126.35,3.87,1.02,vwap_reclaim,65.3,0.68,2,2025-11-21 09:30:00-05:00,stop,"[('2025-11-21 09:30:00-05:00', 1.0, 111.66, 'stop')]",2,-1.0492598253275107,-0.021086485300570477,179,-430.1020950000011
GD,XLI,Improving,2025-11-18,2025-11-19 12:15:00-05:00,2025-11-19 12:30:00-05:00,336.43,331.06,AVWAP,349.14,swing_high,355.81,2.36,1.49,vwap_reclaim,63.5,0.64,2,2025-11-24 09:30:00-05:00,stop,"[('2025-11-24 09:30:00-05:00', 1.0, 331.06, 'stop')]",3,-1.0621499068901303,-0.016953734803673882,60,-342.22470000000027
FERG,XLI,Improving,2025-11-26,2025-12-01 12:15:00-05:00,2025-12-01 12:30:00-05:00,247.52,242.62,POC,257.76,LRC_upper,263.81,2.17,1.14,vwap_reclaim,63.0,0.49,3,2025-12-08 12:30:00-05:00,stop,"[('2025-12-08 12:30:00-05:00', 1.0, 242.62, 'stop')]",5,-1.0500142857142858,-0.02078648190045251,81,-416.7506700000004
CEG,XLU,Improving,2025-11-28,2025-12-02 10:00:00-05:00,2025-12-02 10:15:00-05:00,363.96,345.85,POC,400.47,LRC_upper,417.37,2.01,1.07,vwap_reclaim,47.5,0.0,2,2025-12-10 10:15:00-05:00,stop,"[('2025-12-10 10:15:00-05:00', 1.0, 345.85, 'stop')]",6,-1.0195971838763114,-0.05073333608088789,55,-1015.5697749999978
EIX,XLU,Improving,2025-11-28,2025-12-02 11:15:00-05:00,2025-12-02 11:30:00-05:00,56.06,54.67,AVWAP,58.87,LRC_upper,80.57,2.02,1.24,vwap_reclaim,65.6,0.66,3,2025-12-03 13:00:00-05:00,stop,"[('2025-12-03 13:00:00-05:00', 1.0, 54.67, 'stop')]",1,-1.0398309352517987,-0.025782465215840183,361,-521.7767650000002
FOX,XLC,Improving,2025-12-01,2025-12-02 11:45:00-05:00,2025-12-02 12:00:00-05:00,58.24,57.32,POC,60.11,52w_high,62.61,2.07,1.35,vwap_reclaim,50.1,0.38,2,2026-01-27 15:45:00-05:00,lrc_break,"[('2026-01-27 15:45:00-05:00', 1.0, 64.24, 'lrc_break')]",38,6.455173913043459,0.10197046703296692,347,2060.7497199999975
CME,XLF,Improving,2025-12-01,2025-12-02 13:30:00-05:00,2025-12-02 13:45:00-05:00,266.55,262.89,AVWAP,276.18,LRC_upper,281.88,2.63,1.73,vwap_reclaim,61.8,0.52,3,2025-12-04 12:45:00-05:00,stop,"[('2025-12-04 12:45:00-05:00', 1.0, 262.89, 'stop')]",2,-1.0723278688524585,-0.014724141812042861,75,-294.3540000000019
ACGL,XLF,Improving,2025-12-01,2025-12-02 14:45:00-05:00,2025-12-02 15:00:00-05:00,92.68,91.36,POC,96.01,LRC_upper,101.66,2.56,1.63,vwap_reclaim,47.6,0.06,3,2025-12-05 11:30:00-05:00,stop,"[('2025-12-05 11:30:00-05:00', 1.0, 91.36, 'stop')]",3,-1.0697121212121208,-0.01523543375053957,7,-9.884140000000052
CINF,XLF,Improving,2025-12-02,2025-12-03 13:15:00-05:00,2025-12-03 13:30:00-05:00,159.25,157.41,AVWAP,164.61,swing_high,169.33,2.71,1.59,vwap_reclaim,49.9,0.29,2,2025-12-08 10:00:00-05:00,stop,"[('2025-12-08 10:00:00-05:00', 1.0, 157.41, 'stop')]",3,-1.086048913043478,-0.012548383045525925,124,-247.79292000000044
CBOE,XLF,Improving,2025-12-03,2025-12-04 14:45:00-05:00,2025-12-04 15:00:00-05:00,251.59,247.85,swing_low,259.43,swing_high,266.62,2.33,2.18,vwap_reclaim,65.4,0.54,3,2025-12-10 10:00:00-05:00,stop,"[('2025-12-10 10:00:00-05:00', 1.0, 247.85, 'stop')]",4,-1.0667700534759357,-0.01585802297388612,78,-311.1981600000007
AIZ,XLF,Improving,2025-12-04,2025-12-05 13:45:00-05:00,2025-12-05 14:00:00-05:00,219.96,217.49,AVWAP,227.51,swing_high,232.53,2.71,1.17,vwap_reclaim,50.6,0.36,2,2025-12-09 09:30:00-05:00,stop,"[('2025-12-09 09:30:00-05:00', 1.0, 217.49, 'stop')]",2,-1.0885526315789473,-0.012223699763593375,3,-8.066174999999996
FICO,XLK,Improving,2025-12-05,2025-12-08 12:00:00-05:00,2025-12-08 12:15:00-05:00,1770.62,1725.02,VAL,1905.33,swing_high,1998.01,3.0,2.56,vwap_reclaim,51.9,0.26,2,2025-12-10 11:00:00-05:00,stop,"[('2025-12-10 11:00:00-05:00', 1.0, 1725.02, 'stop')]",2,-1.0383293859649123,-0.026740813952174893,11,-520.8260199999991
GM,XLY,Improving,2025-12-05,2025-12-08 13:45:00-05:00,2025-12-08 14:00:00-05:00,75.38,72.78,VAH,80.75,LRC_upper,83.52,2.05,1.61,vwap_reclaim,78.9,0.76,3,2026-01-14 15:45:00-05:00,lrc_break,"[('2026-01-14 15:45:00-05:00', 1.0, 80.69, 'lrc_break')]",26,2.012294230769236,0.06940786680817196,261,1365.5428650000006
MMM,XLI,Improving,2025-12-09,2025-12-10 12:30:00-05:00,2025-12-10 12:45:00-05:00,162.83,160.17,swing_low,169.71,swing_high,178.35,2.59,1.03,vwap_reclaim,70.8,0.61,3,2025-12-17 09:30:00-05:00,stop,"[('2025-12-17 09:30:00-05:00', 1.0, 159.93, 'stop')]",5,-1.1508947368420965,-0.0188010808819014,122,-373.48836000000074
MAR,XLY,Improving,2025-12-08,2025-12-10 14:00:00-05:00,2025-12-10 14:15:00-05:00,281.81,277.0,swing_low,302.67,POC,313.26,4.49,1.5,vwap_reclaim,65.2,0.74,2,2026-02-06 15:45:00-05:00,time,"[('2026-02-06 15:45:00-05:00', 1.0, 331.26, 'time')]",40,10.216936590436584,0.1743850998899968,70,3440.042549999999
DD,XLI,Improving,2025-12-11,2025-12-15 14:45:00-05:00,2025-12-15 15:00:00-05:00,120.84,118.03,VAH,131.68,LRC_upper,136.59,3.84,1.03,vwap_reclaim,73.3,0.81,2,2026-02-11 15:45:00-05:00,time,"[('2026-02-11 15:45:00-05:00', 1.0, 152.63, 'time')]",40,11.26450711743771,0.2619436031115524,152,4811.29628
FLEX,XLK,Improving,2025-12-16,2025-12-19 12:15:00-05:00,2025-12-19 12:30:00-05:00,64.64,62.21,AVWAP,71.08,LRC_upper,73.88,2.59,1.3,vwap_reclaim,55.5,0.05,3,2025-12-30 09:30:00-05:00,stop,"[('2025-12-30 09:30:00-05:00', 1.0, 62.21, 'stop')]",6,-1.0261008230452675,-0.038574025371287124,301,-750.520925
KDP,XLP,Improving,2025-12-26,2025-12-31 12:00:00-05:00,2025-12-31 12:15:00-05:00,27.46,27.04,VAL,29.24,swing_high,33.13,4.24,1.09,vwap_reclaim,65.4,0.23,3,2026-01-05 09:30:00-05:00,stop,"[('2026-01-05 09:30:00-05:00', 1.0, 27.04, 'stop')]",2,-1.0648809523809522,-0.016287327021121692,683,-305.4717500000011
HST,XLRE,Improving,2026-01-02,2026-01-05 11:00:00-05:00,2026-01-05 11:15:00-05:00,17.26,16.83,VAL,18.26,LRC_upper,18.74,2.25,1.8,vwap_reclaim,71.2,0.67,3,2026-03-02 09:30:00-05:00,trail,"[('2026-03-02 09:30:00-05:00', 1.0, 18.39, 'trail')]",38,2.586453488372071,0.06443655851680179,1069,1188.9150749999988
KEYS,XLK,Improving,2026-01-15,2026-01-16 13:15:00-05:00,2026-01-16 13:30:00-05:00,213.95,205.41,POC,232.38,LRC_upper,241.47,2.16,3.19,vwap_reclaim,68.9,0.64,2,2026-03-03 10:15:00-05:00,trail,"[('2026-03-03 10:15:00-05:00', 1.0, 298.72, 'trail')]",30,9.896213700234204,0.39501596167328834,97,8197.825505000004
CPT,XLRE,Improving,2026-01-15,2026-01-20 13:00:00-05:00,2026-01-20 13:15:00-05:00,105.65,104.53,VAL,109.4,swing_high,119.44,3.59,1.48,vwap_reclaim,72.4,0.75,3,2026-01-22 15:00:00-05:00,stop,"[('2026-01-22 15:00:00-05:00', 1.0, 104.53, 'stop')]",2,-1.0938303571428567,-0.011595740653099899,2,-2.450180000000009
FLEX,XLK,Improving,2026-01-21,2026-01-22 12:45:00-05:00,2026-01-22 13:00:00-05:00,64.545,62.78,POC,71.87,LRC_upper,75.69,4.11,1.31,vwap_reclaim,46.2,0.16,2,2026-01-27 09:30:00-05:00,stop,"[('2026-01-27 09:30:00-05:00', 1.0, 62.78, 'stop')]",3,-1.0360694050991501,-0.028331590363312426,1,-1.8286625000000005
ARE,XLRE,Improving,2026-01-28,2026-01-29 14:00:00-05:00,2026-01-29 14:15:00-05:00,52.55,51.14,VAL,58.07,swing_high,60.24,3.88,1.42,vwap_reclaim,54.9,0.37,3,2026-02-12 10:30:00-05:00,stop,"[('2026-02-12 10:30:00-05:00', 1.0, 51.14, 'stop')]",10,-1.0367695035460993,-0.02781817316841097,398,-581.8143099999987
FRT,XLRE,Improving,2026-01-29,2026-01-30 12:30:00-05:00,2026-01-30 12:45:00-05:00,98.14,97.13,AVWAP,101.52,swing_high,103.4,3.1,1.92,vwap_reclaim,66.0,0.76,2,2026-03-09 09:30:00-04:00,trail,"[('2026-03-09 09:30:00-04:00', 1.0, 103.7, 'trail')]",25,5.405029702970271,0.055625433054819665,16,87.34528000000003
FLEX,XLK,Improving,2026-02-02,2026-02-03 14:00:00-05:00,2026-02-03 14:15:00-05:00,64.75,61.8,swing_low,72.22,52w_high,75.1,2.51,2.25,vwap_reclaim,49.8,0.19,2,2026-02-04 09:30:00-05:00,stop,"[('2026-02-04 09:30:00-05:00', 1.0, 61.8, 'stop')]",1,-1.0214491525423728,-0.04653706563706568,1,-3.013275000000003
ES,XLU,Improving,2026-02-05,2026-02-09 12:30:00-05:00,2026-02-09 12:45:00-05:00,65.09,63.36,swing_low,69.1,swing_high,71.52,2.34,1.05,vwap_reclaim,57.3,0.63,2,2026-03-19 12:00:00-04:00,trail,"[('2026-03-19 12:00:00-04:00', 1.0, 69.32, 'trail')]",27,2.40623988439306,0.06395444768781693,337,1402.8619149999968
GL,XLF,Improving,2026-02-09,2026-02-10 11:45:00-05:00,2026-02-10 12:00:00-05:00,140.84,138.3,AVWAP,146.65,swing_high,152.08,2.33,1.29,vwap_reclaim,58.3,0.45,2,2026-03-06 09:45:00-05:00,stop,"[('2026-03-06 09:45:00-05:00', 1.0, 138.3, 'stop')]",17,-1.054948818897638,-0.019025631922749163,9,-24.11612999999993
COO,XLV,Improving,2026-02-11,2026-02-17 13:30:00-05:00,2026-02-17 13:45:00-05:00,82.08,80.95,AVWAP,85.97,LRC_upper,89.83,3.24,5.39,vwap_reclaim,48.8,0.1,2,2026-03-05 09:30:00-05:00,stop,"[('2026-03-05 09:30:00-05:00', 1.0, 80.77, 'stop')]",12,-1.231349557522131,-0.016952058966861628,276,-384.0333000000006
LRCX,XLK,Improving,2026-02-20,2026-02-23 15:30:00-05:00,2026-02-23 15:45:00-05:00,241.79,234.58,POC,271.58,LRC_upper,281.2,4.13,1.02,vwap_reclaim,85.2,0.85,3,2026-02-26 10:00:00-05:00,stop,"[('2026-02-26 10:00:00-05:00', 1.0, 234.58, 'stop')]",3,-1.0330353675450763,-0.030804355018817897,86,-640.5439099999983
MCHP,XLK,Improving,2026-02-23,2026-02-25 13:00:00-05:00,2026-02-25 13:15:00-05:00,75.1,73.07,VAL,80.07,swing_high,84.59,2.45,1.71,vwap_reclaim,71.1,0.76,2,2026-02-26 10:15:00-05:00,stop,"[('2026-02-26 10:15:00-05:00', 1.0, 73.07, 'stop')]",1,-1.0364950738916257,-0.02801711051930761,1,-2.1040850000000013
KLAC,XLK,Improving,2026-02-27,2026-03-02 11:30:00-05:00,2026-03-02 11:45:00-05:00,151.46,143.06,swing_low,168.71,swing_high,177.74,2.05,1.28,vwap_reclaim,63.6,0.48,2,2026-03-03 10:15:00-05:00,stop,"[('2026-03-03 10:15:00-05:00', 1.0, 143.06, 'stop')]",1,-1.0175309523809524,-0.056432457414498906,143,-1222.2581800000007
AMAT,XLK,Improving,2026-02-26,2026-03-02 14:00:00-05:00,2026-03-02 14:15:00-05:00,370.32,361.61,VAH,395.04,52w_high,408.28,2.85,1.0,vwap_reclaim,81.4,0.89,3,2026-03-03 09:30:00-05:00,stop,"[('2026-03-03 09:30:00-05:00', 1.0, 350.09, 'stop')]",1,-2.3639730195178035,-0.05560111525167428,49,-1008.920045000001
GRMN,XLY,Improving,2026-03-09,2026-03-10 11:15:00-04:00,2026-03-10 11:30:00-04:00,237.96,231.27,VAL,252.11,swing_high,264.15,2.1,1.37,vwap_reclaim,71.6,0.57,3,2026-03-11 14:00:00-04:00,stop,"[('2026-03-11 14:00:00-04:00', 1.0, 231.27, 'stop')]",1,-1.0350695067264575,-0.029099911749873916,97,-671.6876549999998
HAS,XLY,Improving,2026-03-10,2026-03-11 12:45:00-04:00,2026-03-11 13:00:00-04:00,92.79,91.29,AVWAP,98.58,POC,104.6,3.7,1.6,vwap_reclaim,72.0,0.73,2,2026-03-11 15:45:00-04:00,lrc_break,"[('2026-03-11 15:45:00-04:00', 1.0, 92.82, 'lrc_break')]",1,-0.04187000000000873,-0.0006768509537667107,250,-15.701250000003268
AMAT,XLK,Improving,2026-03-11,2026-03-12 11:30:00-04:00,2026-03-12 11:45:00-04:00,339.3,326.11,AVWAP,374.98,swing_high,395.04,2.67,1.4,vwap_reclaim,73.5,0.69,3,2026-03-30 09:45:00-04:00,stop,"[('2026-03-30 09:45:00-04:00', 1.0, 326.11, 'stop')]",12,-1.0252240333586051,-0.03985471559092248,68,-919.5439399999999
JBL,XLK,Improving,2026-03-11,2026-03-12 11:30:00-04:00,2026-03-12 11:45:00-04:00,251.75,245.08,swing_low,268.97,swing_high,281.25,2.41,1.99,vwap_reclaim,61.3,0.54,2,2026-03-18 09:30:00-04:00,stop,"[('2026-03-18 09:30:00-04:00', 1.0, 245.08, 'stop')]",4,-1.037243628185907,-0.02748129096325715,91,-629.5757649999989
AIG,XLF,Improving,2026-03-11,2026-03-12 13:30:00-04:00,2026-03-12 13:45:00-04:00,76.33,74.76,swing_low,80.03,swing_high,82.65,2.29,1.62,vwap_reclaim,43.8,0.0,2,2026-03-18 11:00:00-04:00,stop,"[('2026-03-18 11:00:00-04:00', 1.0, 74.76, 'stop')]",4,-1.0481178343949047,-0.02155829948906057,302,-496.95458999999795
COHR,XLK,Improving,2026-03-12,2026-03-13 12:30:00-04:00,2026-03-13 12:45:00-04:00,246.105,224.81,swing_low,292.85,LRC_upper,309.31,2.19,1.58,vwap_reclaim,84.7,0.8,3,2026-03-30 09:45:00-04:00,stop,"[('2026-03-30 09:45:00-04:00', 1.0, 224.81, 'stop')]",11,-1.0110569382484151,-0.08748484386745489,53,-1141.1142474999992
FLEX,XLK,Improving,2026-03-17,2026-03-18 10:45:00-04:00,2026-03-18 11:00:00-04:00,64.61,62.45,AVWAP,72.22,52w_high,75.16,3.45,1.16,vwap_reclaim,42.1,0.0,2,2026-03-19 09:30:00-04:00,stop,"[('2026-03-19 09:30:00-04:00', 1.0, 62.04, 'stop')]",1,-1.2191319444444464,-0.04075723572202446,354,-932.1970500000001
CME,XLF,Improving,2026-03-19,2026-03-20 13:00:00-04:00,2026-03-20 13:15:00-04:00,303.99,300.14,VAL,318.35,52w_high,329.22,3.73,1.12,vwap_reclaim,81.2,0.9,3,2026-03-20 15:45:00-04:00,lrc_break,"[('2026-03-20 15:45:00-04:00', 1.0, 304.3, 'lrc_break')]",1,0.0015207792207798027,1.926050199020453e-05,75,0.4391250000001694
MGM,XLY,Improving,2026-04-13,2026-04-14 10:45:00-04:00,2026-04-14 11:00:00-04:00,36.415,35.64,swing_low,39.23,LRC_upper,40.34,3.54,1.47,vwap_reclaim,52.4,0.21,2,2026-05-11 15:45:00-04:00,lrc_break,"[('2026-05-11 15:45:00-04:00', 1.0, 37.3, 'lrc_break')]",20,1.0943774193548381,0.023291020183990062,606,513.9743549999988
CB,XLF,Improving,2026-04-13,2026-04-14 14:30:00-04:00,2026-04-14 14:45:00-04:00,324.67,320.74,POC,339.42,LRC_upper,346.64,3.71,1.23,vwap_reclaim,44.7,0.02,2,2026-04-22 09:30:00-04:00,stop,"[('2026-04-22 09:30:00-04:00', 1.0, 319.69, 'stop')]",6,-1.3491552162849896,-0.0163309822281086,67,-355.2460600000012
HAL,XLE,Improving,2026-05-05,2026-05-06 15:30:00-04:00,2026-05-06 15:45:00-04:00,40.02,39.37,VAH,42.95,LRC_upper,44.93,4.59,1.07,vwap_reclaim,73.0,0.73,3,2026-05-07 09:30:00-04:00,stop,"[('2026-05-07 09:30:00-04:00', 1.0, 39.37, 'stop')]",1,-1.0610692307692302,-0.017233758120939673,554,-382.0910300000031
MPC,XLE,Improving,2026-05-06,2026-05-07 11:45:00-04:00,2026-05-07 12:00:00-04:00,236.66,229.42,swing_low,254.1,swing_high,264.74,2.43,1.93,vwap_reclaim,58.4,0.26,3,2026-06-17 15:45:00-04:00,lrc_break,"[('2026-06-17 15:45:00-04:00', 1.0, 244.16, 'lrc_break')]",29,1.0027058011049712,0.030675188033465733,93,675.14187
MDLZ,XLP,Improving,2026-05-19,2026-05-20 10:45:00-04:00,2026-05-20 11:00:00-04:00,60.75,59.67,VAL,63.33,LRC_upper,68.76,2.36,1.11,vwap_reclaim,70.5,0.73,3,2026-06-01 10:45:00-04:00,stop,"[('2026-06-01 10:45:00-04:00', 1.0, 59.67, 'stop')]",7,-1.0557500000000002,-0.018768888888888863,370,-421.8776999999993
BIIB,XLV,Improving,2026-05-19,2026-05-20 15:30:00-04:00,2026-05-20 15:45:00-04:00,189.1,184.9,VAL,198.33,swing_high,205.97,2.06,1.1,vwap_reclaim,50.4,0.23,3,2026-06-02 09:45:00-04:00,stop,"[('2026-06-02 09:45:00-04:00', 1.0, 184.9, 'stop')]",8,-1.0445238095238096,-0.023199365415124216,118,-517.6659999999987
INCY,XLV,Improving,2026-05-20,2026-05-21 12:00:00-04:00,2026-05-21 12:15:00-04:00,96.8175,94.85,POC,102.08,LRC_upper,109.03,2.6,1.26,vwap_reclaim,55.8,0.57,2,2026-06-01 10:15:00-04:00,stop,"[('2026-06-01 10:15:00-04:00', 1.0, 94.85, 'stop')]",6,-1.0487083862770012,-0.02131157848529451,231,-476.6300962500003
FANG,XLE,Improving,2026-05-21,2026-05-22 12:30:00-04:00,2026-05-22 12:45:00-04:00,199.28,192.96,AVWAP,212.17,swing_high,219.08,2.02,1.08,vwap_reclaim,61.0,0.34,3,2026-05-27 09:30:00-04:00,stop,"[('2026-05-27 09:30:00-04:00', 1.0, 190.91, 'stop')]",2,-1.3552365506329136,-0.04298020373344041,104,-890.7698800000005
HAL,XLE,Improving,2026-05-22,2026-05-26 11:00:00-04:00,2026-05-26 11:15:00-04:00,40.99,40.02,VAL,43.2,52w_high,44.28,2.28,1.36,vwap_reclaim,72.7,0.7,3,2026-05-27 09:30:00-04:00,stop,"[('2026-05-27 09:30:00-04:00', 1.0, 40.02, 'stop')]",1,-1.041757731958763,-0.024652476213710632,4,-4.0420199999999955
BAC,XLF,Improving,2026-05-26,2026-05-27 10:45:00-04:00,2026-05-27 11:00:00-04:00,51.44,50.65,swing_low,53.9,swing_high,55.41,3.11,3.28,vwap_reclaim,50.5,0.31,2,2026-05-27 11:15:00-04:00,stop,"[('2026-05-27 11:15:00-04:00', 1.0, 50.65, 'stop')]",0,-1.064613924050633,-0.016350019440124403,389,-327.1665049999997
BNY,XLF,Improving,2026-05-27,2026-05-28 12:00:00-04:00,2026-05-28 12:15:00-04:00,138.65,135.47,VAH,148.09,LRC_upper,151.81,2.97,1.01,vwap_reclaim,77.5,0.81,3,2026-07-24 15:45:00-04:00,time,"[('2026-07-24 15:45:00-04:00', 1.0, 158.32, 'time')]",40,6.138841194968536,0.14079707897583835,142,2772.0551299999984
DVA,XLV,Improving,2026-05-29,2026-06-01 13:00:00-04:00,2026-06-01 13:15:00-04:00,190.525,187.61,VAL,202.42,swing_high,222.25,3.91,1.02,vwap_reclaim,70.8,0.67,3,2026-06-02 15:00:00-04:00,stop,"[('2026-06-02 15:00:00-04:00', 1.0, 187.61, 'stop')]",1,-1.064860205831904,-0.01629217950400206,115,-356.96776249999914
CL,XLP,Improving,2026-05-29,2026-06-01 13:15:00-04:00,2026-06-01 13:30:00-04:00,87.69,86.46,AVWAP,92.14,LRC_upper,94.52,3.62,1.26,vwap_reclaim,50.8,0.65,2,2026-06-03 09:30:00-04:00,stop,"[('2026-06-03 09:30:00-04:00', 1.0, 86.46, 'stop')]",2,-1.070792682926829,-0.015019671570304528,250,-329.26875000000103
BAX,XLV,Improving,2026-05-29,2026-06-01 13:15:00-04:00,2026-06-01 13:30:00-04:00,18.4,17.72,swing_low,19.79,swing_high,21.22,2.09,2.24,vwap_reclaim,47.2,0.5,2,2026-07-22 15:45:00-04:00,lrc_break,"[('2026-07-22 15:45:00-04:00', 1.0, 21.74, 'lrc_break')]",36,4.882250000000002,0.18043097826086957,6,19.91958
BAC,XLF,Improving,2026-05-29,2026-06-03 11:45:00-04:00,2026-06-03 12:00:00-04:00,51.16,50.23,AVWAP,53.87,swing_high,55.41,2.87,1.06,vwap_reclaim,50.6,0.18,2,2026-07-29 15:45:00-04:00,lrc_break,"[('2026-07-29 15:45:00-04:00', 1.0, 60.76, 'lrc_break')]",39,10.262408602150542,0.18655277560594216,427,4075.3050800000005
EBAY,XLY,Improving,2026-06-03,2026-06-04 11:15:00-04:00,2026-06-04 11:30:00-04:00,109.27,104.72,VAL,118.62,swing_high,123.12,2.05,1.21,vwap_reclaim,79.9,0.83,3,2026-06-04 15:45:00-04:00,lrc_break,"[('2026-06-04 15:45:00-04:00', 1.0, 108.83, 'lrc_break')]",1,-0.12067032967032924,-0.005024709435343624,201,-110.35904999999954
MAS,XLI,Improving,2026-06-04,2026-06-05 12:45:00-04:00,2026-06-05 13:00:00-04:00,69.05,67.59,AVWAP,73.67,swing_high,78.13,3.16,1.48,vwap_reclaim,52.8,0.39,2,2026-07-08 09:30:00-04:00,trail,"[('2026-07-08 09:30:00-04:00', 1.0, 76.12, 'trail')]",21,4.792750000000026,0.10133837798696607,321,2246.170215000003
GL,XLF,Improving,2026-06-05,2026-06-08 11:45:00-04:00,2026-06-08 12:00:00-04:00,157.5,155.26,VAH,164.29,LRC_upper,167.92,2.98,1.56,vwap_reclaim,60.4,0.64,2,2026-07-23 09:30:00-04:00,trail,"[('2026-07-23 09:30:00-04:00', 1.0, 170.18, 'trail')]",31,5.587571428571409,0.07946768253968257,132,1652.1331200000009
INVH,XLRE,Improving,2026-06-10,2026-06-12 10:00:00-04:00,2026-06-12 10:15:00-04:00,29.02,28.64,POC,30.55,LRC_upper,32.15,3.9,1.13,vwap_reclaim,77.8,0.88,2,2026-06-15 14:15:00-04:00,stop,"[('2026-06-15 14:15:00-04:00', 1.0, 28.64, 'stop')]",1,-1.075868421052632,-0.014087870434183289,1,-0.408829999999999
FRT,XLRE,Improving,2026-06-18,2026-06-22 10:00:00-04:00,2026-06-22 10:15:00-04:00,119.85,117.25,VAL,125.25,swing_high,127.29,2.14,1.07,vwap_reclaim,72.7,0.89,2,2026-07-01 15:45:00-04:00,lrc_break,"[('2026-07-01 15:45:00-04:00', 1.0, 120.48, 'lrc_break')]",8,0.19609038461538877,0.004253942428035125,189,96.35881500000183
D,XLU,Improving,2026-06-25,2026-06-29 15:15:00-04:00,2026-06-29 15:30:00-04:00,68.46,67.31,VAH,70.92,LRC_upper,72.43,2.14,1.03,vwap_reclaim,64.7,0.78,2,2026-07-01 09:45:00-04:00,stop,"[('2026-07-01 09:45:00-04:00', 1.0, 67.31, 'stop')]",2,-1.0590304347826092,-0.017789731229915156,1,-1.2178849999999914
BXP,XLRE,Improving,2026-07-07,2026-07-08 13:30:00-04:00,2026-07-08 13:45:00-04:00,67.0903,66.09,VAH,75.95,52w_high,78.45,8.76,2.17,vwap_reclaim,84.5,0.85,3,2026-08-10 10:00:00-04:00,trail,"[('2026-08-10 10:00:00-04:00', 1.0, 67.93, 'trail')]",23,0.7719582625212545,0.011509709302239036,351,271.0386373500027
DOC,XLRE,Improving,2026-07-07,2026-07-08 14:00:00-04:00,2026-07-08 14:15:00-04:00,21.4,20.94,VAH,23.24,LRC_upper,23.92,4.0,1.06,vwap_reclaim,79.2,0.74,3,2026-07-31 15:45:00-04:00,lrc_break,"[('2026-07-31 15:45:00-04:00', 1.0, 21.61, 'lrc_break')]",18,0.40977173913043907,0.008808177570093499,1100,207.34450000000092
INVH,XLRE,Improving,2026-07-08,2026-07-10 11:15:00-04:00,2026-07-10 11:30:00-04:00,29.15,28.62,VAL,30.63,LRC_upper,31.31,2.79,1.45,vwap_reclaim,61.0,0.59,2,2026-08-31 10:15:00-04:00,stop,"[('2026-08-31 10:15:00-04:00', 1.0, 28.62, 'stop')]",36,-1.0545000000000004,-0.019172727272727192,4,-2.2355399999999905
KVUE,XLP,Improving,2026-07-16,2026-07-21 12:15:00-04:00,2026-07-21 12:30:00-04:00,18.53,18.16,VAL,19.54,swing_high,21.36,2.73,1.27,vwap_reclaim,67.9,0.78,2,2026-09-08 15:45:00-04:00,stop,"[('2026-09-08 15:45:00-04:00', 1.0, 18.16, 'stop')]",34,-1.049581081081081,-0.020957636265515434,1,-0.388345000000001
CTVA,XLB,Improving,2026-07-24,2026-07-27 14:15:00-04:00,2026-07-27 14:30:00-04:00,87.76,86.64,VAH,92.17,LRC_upper,94.59,3.89,1.66,vwap_reclaim,64.1,0.5,3,2026-07-31 09:30:00-04:00,stop,"[('2026-07-31 09:30:00-04:00', 1.0, 83.81, 'stop')]",4,-3.6033794642857018,-0.04598661121239747,273,-1101.7693050000007
LYV,XLC,Improving,2026-07-29,2026-07-30 13:45:00-04:00,2026-07-30 14:00:00-04:00,182.555,177.63,VAL,193.18,LRC_upper,199.98,2.15,3.1,vwap_reclaim,65.5,0.66,2,2026-07-31 09:30:00-04:00,stop,"[('2026-07-31 09:30:00-04:00', 1.0, 177.63, 'stop')]",1,-1.036567005076142,-0.027964681876694753,133,-678.9773025000015
BALL,XLB,Improving,2026-08-06,2026-08-10 12:00:00-04:00,2026-08-10 12:15:00-04:00,62.24,60.96,swing_low,64.91,swing_high,67.19,2.02,1.44,vwap_reclaim,63.8,0.81,2,2026-08-10 15:45:00-04:00,lrc_break,"[('2026-08-10 15:45:00-04:00', 1.0, 62.39, 'lrc_break')]",1,0.06850390624999882,0.0014088206940873805,375,32.88187499999947
CDW,XLK,Improving,2026-08-13,2026-08-14 14:30:00-04:00,2026-08-14 14:45:00-04:00,139.22,134.28,POC,151.94,LRC_upper,168.13,2.58,3.73,vwap_reclaim,62.1,0.25,3,2026-08-17 11:15:00-04:00,stop,"[('2026-08-17 11:15:00-04:00', 1.0, 134.28, 'stop')]",1,-1.0276821862348178,-0.03646566585260737,168,-852.8939999999997
GEN,XLK,Improving,2026-08-14,2026-08-18 11:00:00-04:00,2026-08-18 11:15:00-04:00,27.765,26.9,VAL,29.73,swing_high,31.34,2.27,1.19,vwap_reclaim,72.2,0.67,3,2026-09-18 15:45:00-04:00,lrc_break,"[('2026-09-18 15:45:00-04:00', 1.0, 29.0, 'lrc_break')]",23,1.394933526011557,0.043458220781559496,836,1008.7322299999996
FTNT,XLK,Improving,2026-08-14,2026-08-18 12:00:00-04:00,2026-08-18 12:15:00-04:00,157.49,152.39,AVWAP,170.57,swing_high,178.19,2.6,1.05,vwap_reclaim,64.6,0.57,2,2026-08-19 10:00:00-04:00,stop,"[('2026-08-19 10:00:00-04:00', 1.0, 152.39, 'stop')]",1,-1.0303803921568626,-0.033366816940758284,147,-772.4761800000033
GM,XLY,Improving,2026-08-14,2026-08-18 12:45:00-04:00,2026-08-18 13:00:00-04:00,83.8,81.87,AVWAP,89.55,swing_high,93.74,2.98,1.02,vwap_reclaim,49.0,0.3,2,2026-09-18 11:15:00-04:00,stop,"[('2026-09-18 11:15:00-04:00', 1.0, 81.87, 'stop')]",22,-1.0429196891191712,-0.02401951073985672,277,-557.555294999998
DPZ,XLY,Improving,2026-08-14,2026-08-19 10:45:00-04:00,2026-08-19 11:00:00-04:00,341.69,329.34,VAL,371.06,swing_high,409.42,2.43,1.2,vwap_reclaim,63.8,0.61,2,2026-08-20 09:30:00-04:00,stop,"[('2026-08-20 09:30:00-04:00', 1.0, 329.34, 'stop')]",1,-1.0271672064777329,-0.03712580116479857,67,-849.9295050000014
HAS,XLY,Improving,2026-08-14,2026-08-19 10:45:00-04:00,2026-08-19 11:00:00-04:00,94.48,92.8,POC,100.92,LRC_upper,104.6,3.81,1.12,vwap_reclaim,60.4,0.46,3,2026-08-20 09:30:00-04:00,stop,"[('2026-08-20 09:30:00-04:00', 1.0, 92.31, 'stop')]",1,-1.3472589285714243,-0.023956339966130415,243,-550.0049850000004
AAPL,XLK,Improving,2026-08-20,2026-08-21 15:15:00-04:00,2026-08-21 15:30:00-04:00,309.75,303.58,POC,334.7,swing_high,344.27,4.05,1.01,vwap_reclaim,53.1,0.23,2,2026-09-25 15:45:00-04:00,open_at_end,"[('2026-09-25 15:45:00-04:00', 1.0, 341.04, 'open_at_end')]",25,5.018574554294966,0.09996644067796617,74,2291.380770000001
ECL,XLB,Improving,2026-08-20,2026-08-21 15:30:00-04:00,2026-08-21 15:45:00-04:00,280.02,275.37,VAL,293.21,LRC_upper,306.79,2.84,1.3,vwap_reclaim,61.8,0.26,3,2026-09-04 09:30:00-04:00,stop,"[('2026-09-04 09:30:00-04:00', 1.0, 275.14, 'stop')]",10,-1.1091569892473163,-0.018418612956217398,82,-422.9215599999996
GIS,XLP,Improving,2026-08-21,2026-08-24 11:15:00-04:00,2026-08-24 11:30:00-04:00,40.795,38.08,VAH,48.3,52w_high,50.19,2.76,1.05,vwap_reclaim,83.8,0.69,3,2026-09-08 09:30:00-04:00,trail,"[('2026-09-08 09:30:00-04:00', 1.0, 38.215, 'trail')]",10,-0.96482688766114,-0.064211422968501,427,-1118.5286349999992
HPE,XLK,Improving,2026-08-21,2026-08-24 14:15:00-04:00,2026-08-24 14:30:00-04:00,52.39,48.94,AVWAP,60.29,LRC_upper,63.59,2.29,1.31,vwap_reclaim,68.8,0.46,3,2026-09-03 09:30:00-04:00,stop,"[('2026-09-03 09:30:00-04:00', 1.0, 47.48, 'stop')]",8,-1.4376623188405795,-0.09467331551822873,76,-376.9550600000003
GPC,XLY,Improving,2026-08-28,2026-08-31 10:45:00-04:00,2026-08-31 11:00:00-04:00,135.68,131.09,POC,146.37,LRC_upper,151.73,2.31,1.78,vwap_reclaim,78.7,0.76,3,2026-09-15 11:30:00-04:00,stop,"[('2026-09-15 11:30:00-04:00', 1.0, 131.09, 'stop')]",10,-1.0290599128540303,-0.03481268425707549,1,-4.723385000000004
MKC,XLP,Improving,2026-09-02,2026-09-03 12:45:00-04:00,2026-09-03 13:00:00-04:00,52.54,51.6,AVWAP,56.87,swing_high,71.11,4.58,1.01,vwap_reclaim,69.6,0.57,3,2026-09-04 09:30:00-04:00,stop,"[('2026-09-04 09:30:00-04:00', 1.0, 51.6, 'stop')]",1,-1.0553936170212768,-0.01888218500190327,68,-67.46075999999985
IT,XLK,Improving,2026-09-03,2026-09-04 15:30:00-04:00,2026-09-04 15:45:00-04:00,187.19,181.78,VAL,223.82,LRC_upper,265.85,6.62,1.07,vwap_reclaim,81.0,0.86,3,2026-09-08 09:30:00-04:00,stop,"[('2026-09-08 09:30:00-04:00', 1.0, 181.78, 'stop')]",1,-1.0341007393715342,-0.02988666595437789,125,-699.3106249999996
CTSH,XLK,Improving,2026-09-04,2026-09-08 15:30:00-04:00,2026-09-08 15:45:00-04:00,59.99,57.85,POC,65.38,swing_high,71.05,2.53,1.2,vwap_reclaim,77.0,0.94,3,2026-09-08 15:45:00-04:00,lrc_break,"[('2026-09-08 15:45:00-04:00', 1.0, 59.93, 'lrc_break')]",1,-0.056056074766356184,-0.001999666611101888,385,-46.18460000000087
