symbol,entry_date,exit_date,entry_price,exit_price,shares,pnl,pct_return,days_held
CBS,2018-10-22,2018-10-24,56.14,55.28,358,-347.76835999999975,-0.015318845742785882,2
TWTR,2018-10-22,2018-10-24,29.05,28.85,392,-101.09679999999972,-0.006884681583476739,2
ZTS,2018-10-22,2018-10-25,85.18,82.62,244,-665.5832000000006,-0.030054003287156635,3
JWN,2018-10-23,2018-10-25,48.8,48.41,339,-165.1641900000002,-0.007991803278688536,2
MRK,2018-10-22,2018-10-26,57.17,54.5,445,-1237.8431500000008,-0.04670281616232293,4
JWN,2018-10-29,2018-10-31,50.43,54.55,282,1132.2356399999992,0.081697402339877,2
CPB,2018-10-29,2018-11-05,27.76,27.69,571,-71.63195000000016,-0.002521613832853036,7
KSS,2018-10-31,2018-11-20,51.56,41.22,291,-3035.938980000001,-0.20054305663304894,20
XRX,2018-10-26,2018-11-21,17.72,16.56,876,-1046.18928,-0.06546275395033861,26
LB,2018-10-26,2018-11-21,27.6,26.13,462,-703.9632600000011,-0.05326086956521748,26
TWTR,2018-10-26,2018-11-26,31.2,31.5973,267,89.31222090000036,0.012733974358974401,31
COG,2018-10-30,2018-11-28,21.88,23.15,587,719.0573899999998,0.05804387568555757,29
WRB,2018-11-21,2018-11-28,19.57,19.52,1414,-125.973260000001,-0.002554931016862581,7
FI,2018-11-23,2018-12-06,8.02,6.95,1253,-1359.4674099999993,-0.13341645885286776,13
WBA,2018-10-24,2018-12-10,56.68,60.15,310,1039.4826999999996,0.06122088920254056,47
SEE,2018-11-28,2018-12-10,32.36,30.12,581,-1337.7408799999992,-0.06922126081582196,12
TRIP,2018-11-05,2018-12-11,47.82,55.37,314,2338.298339999999,0.15788373065662897,36
UA,2018-12-10,2018-12-13,22.05,18.91,491,-1561.8513600000003,-0.14240362811791385,3
POOL,2018-11-28,2018-12-14,140.76,135.95,162,-824.0470200000003,-0.034171639670360916,16
LITE,2018-12-13,2018-12-18,45.65,43.34,192,-460.60607999999905,-0.05060240963855411,5
RE,2018-12-11,2018-12-19,209.09,198.92,103,-1089.5350300000016,-0.04863934191018229,8
REGN,2018-12-18,2018-12-20,374.02,357.58,30,-515.1479999999999,-0.04395486872359766,2
RMD,2018-12-14,2018-12-21,106.3,99.72,202,-1370.7760399999997,-0.06190028222013169,7
TWTR,2018-12-19,2018-12-21,33.71,29.31,227,-1013.1055400000005,-0.13052506674577283,2
ETSY,2018-12-07,2018-12-24,56.2,42.29,159,-2227.3499100000004,-0.24750889679715307,17
WDAY,2018-12-06,2018-12-26,160.21,143.84,59,-983.7689500000002,-0.10217839086199365,20
AVGO,2018-12-19,2018-12-26,20.55,19.63,534,-512.7361200000009,-0.044768856447688646,7
CIEN,2018-12-20,2018-12-26,32.88,30.98,274,-538.0976400000006,-0.05778588807785894,6
MKTX,2018-12-10,2018-12-27,206.1,187.35,91,-1742.05395,-0.09097525473071325,17
CIEN,2018-12-27,2018-12-31,32.18,33.35,260,287.16220000000044,0.03635798632691118,4
LLY,2018-12-28,2019-01-03,102.67,103.73,144,122.91840000000032,0.010324340118827333,6
AVGO,2018-12-27,2019-01-04,20.22,19.34,467,-429.4345199999995,-0.04352126607319481,8
NOW,2019-01-08,2019-01-15,37.95,37.89,225,-30.56400000000051,-0.0015810276679842496,7
CELG,2019-01-08,2019-01-31,87.9,88.19,94,10.707539999999252,0.0032992036405004783,23
FL,2019-01-04,2019-02-08,45.15,47.23,246,488.9545199999996,0.04606866002214836,35
XRAY,2019-01-04,2019-02-28,33.48,36.35,367,1027.6623900000018,0.08572281959378748,55
MTCH,2019-02-08,2019-03-07,52.37,52.55,190,14.265199999999947,0.0034370822990261547,27
INCY,2019-01-15,2019-03-12,75.0,84.05,130,1155.8234999999995,0.12066666666666663,56
CIEN,2019-03-06,2019-03-14,40.75,39.35,343,-507.67429999999956,-0.034355828220858864,8
ERIE,2018-12-31,2019-03-18,113.45,149.45,133,4753.034299999998,0.31732040546496243,77
ENPH,2019-01-31,2019-03-26,7.16,9.09,1167,2233.3462499999996,0.2695530726256983,54
PANW,2019-03-15,2019-04-04,40.54,40.31,373,-115.94704999999882,-0.005673408978786307,20
BHGE,2019-03-12,2019-04-15,26.24,25.85,731,-323.1677899999978,-0.014862804878048667,34
LLY,2019-01-09,2019-04-16,105.36,113.73,145,1181.8819500000006,0.07944191343963558,97
FSLR,2019-01-07,2019-05-16,46.46,59.86,195,2592.2675999999997,0.28842014636246227,129
DELL,2019-04-15,2019-05-20,29.29,31.58,655,1460.0801499999993,0.0781836804370092,35
PAYC,2019-03-18,2019-05-31,177.21,201.11,101,2375.6896800000004,0.13486823542689466,74
MTCH,2019-05-16,2019-06-03,68.04,65.56,165,-431.24400000000065,-0.03644914756025873,18
ENPH,2019-04-04,2019-06-10,9.6,16.78,1086,7768.831320000001,0.7479166666666669,67
GPN,2019-05-31,2019-07-02,142.75,153.51,138,1443.9961199999987,0.07537653239929941,32
MRVL,2019-06-05,2019-07-02,22.74,23.37,698,407.5552200000018,0.027704485488126762,27
ERIE,2019-05-08,2019-07-29,169.74,203.28,108,3582.033839999999,0.1975963237893248,82
VEEV,2019-04-04,2019-08-01,131.48,165.65,125,4234.108750000002,0.25988743535138437,119
FICO,2019-05-20,2019-08-08,288.64,355.89,57,3796.51179,0.23298919068736143,80
ENPH,2019-06-25,2019-09-04,17.42,27.65,667,6793.348309999998,0.5872560275545348,71
WRB,2019-07-02,2019-09-05,25.42,27.68,1670,3685.5229999999965,0.088906372934697,65
BLL,2019-08-08,2019-09-13,73.67,71.67,419,-898.89746,-0.027148092846477536,36
MKTX,2019-09-05,2019-09-16,381.39,304.03,69,-5385.133980000001,-0.20283699100658123,11
GPN,2019-08-01,2019-09-23,154.9,151.76,183,-630.7387800000027,-0.020271142672692154,53
CINF,2019-09-23,2019-09-24,95.36,96.7,425,487.8745000000015,0.014052013422818827,1
BX,2019-09-13,2019-09-25,40.97,40.86,633,-121.42838999999964,-0.002684891383939454,12
WDC,2019-09-16,2019-09-30,41.93,39.71,473,-1088.6757199999995,-0.052945385165752416,14
TDY,2019-09-05,2019-10-02,319.0,315.0,109,-505.106,-0.012539184952978056,27
ACGL,2019-10-02,2019-10-04,39.29,39.22,959,-142.42109000000028,-0.0017816238228556957,2
LRCX,2019-09-24,2019-10-07,22.03,21.59,1223,-591.4672600000016,-0.019972764412165285,13
SEDG,2019-09-24,2019-10-08,90.11,84.69,117,-654.5916000000002,-0.060148707135723026,14
KLAC,2019-10-07,2019-10-09,14.83,14.5,1598,-574.2093400000001,-0.022252191503708704,2
CINF,2019-10-04,2019-10-21,96.52,97.47,374,282.7477400000011,0.0098425196850394,17
ZTS,2019-10-09,2019-10-28,117.75,116.49,291,-434.8238400000015,-0.010700636942675203,19
ENPH,2019-10-21,2019-10-30,24.9,21.685,422,-1376.38887,-0.12911646586345382,9
BLL,2019-10-21,2019-11-06,72.9,63.44,340,-3262.7556000000027,-0.12976680384087802,16
LRCX,2019-10-30,2019-11-13,25.59,24.89,759,-569.6143199999995,-0.027354435326299307,14
BX,2019-11-06,2019-11-22,41.43,40.8,644,-458.6761200000016,-0.015206372194062335,16
KLAC,2019-10-28,2019-11-26,15.78,15.19,1373,-852.5918099999998,-0.03738910012674271,29
ANSS,2019-11-22,2019-12-17,246.72,258.41,105,1174.4113500000028,0.04738164721141386,25
PODD,2019-09-30,2019-12-26,164.42,172.29,131,986.8609900000007,0.047865223208855404,87
TER,2019-09-25,2020-01-21,56.1,68.61,416,5152.280639999999,0.22299465240641708,118
AMD,2019-11-19,2020-01-21,40.14,50.96,485,5203.5165,0.26955655206776286,63
APO,2019-12-17,2020-02-19,38.98,39.51,653,294.83603000000073,0.013596716264751185,64
TYL,2020-01-21,2020-02-27,308.46,319.33,124,1270.0340400000005,0.03523957725474942,37
LRCX,2019-12-26,2020-02-28,27.42,25.64,1084,-1987.0370400000013,-0.06491611962071485,64
MSCI,2020-02-27,2020-03-03,277.65,295.31,69,1179.0057600000018,0.06360525841887278,5
AMD,2020-02-10,2020-03-04,49.47,48.25,317,-417.71723999999966,-0.02466141095613501,23
STE,2020-02-28,2020-03-04,151.8,155.06,173,510.89321999999845,0.02147562582345185,5
SEDG,2020-02-27,2020-03-05,126.78,131.19,79,328.01036999999974,0.03478466635115946,7
NVDA,2020-02-19,2020-03-09,7.486,5.96,3211,-4943.161105999999,-0.20384718140528985,19
EPAM,2020-03-04,2020-03-09,229.31,211.14,79,-1470.2255500000012,-0.07923771313941833,5
VRTX,2020-03-04,2020-03-12,232.29,206.59,80,-2091.110399999999,-0.11063756511257475,8
ETSY,2020-03-09,2020-03-12,55.65,45.27,171,-1792.237319999999,-0.18652291105121285,3
DXCM,2020-02-27,2020-03-13,68.39,64.08,151,-670.8129700000004,-0.06302090948969151,15
ENPH,2019-11-29,2020-03-19,23.04,24.0,443,404.44128000000035,0.041666666666666706,111
COG,2020-03-18,2020-03-19,18.19,18.31,342,28.556999999999125,0.006597031335898704,1
GILD,2020-03-09,2020-03-23,60.71,59.21,185,-299.6852,-0.02470762642068852,14
MKTX,2020-03-05,2020-03-24,341.63,273.18,48,-3315.1108799999993,-0.2003629657816936,19
CPB,2020-03-16,2020-03-24,36.5,34.46,258,-544.6276799999998,-0.05589041095890409,8
REGN,2020-03-03,2020-03-26,450.47,422.52,36,-1037.6276400000017,-0.06204630719026804,23
MRVL,2020-03-27,2020-03-30,21.81,22.02,299,49.684830000000254,0.009628610729023424,3
CRWD,2020-03-26,2020-03-31,13.96,14.26,382,103.8199599999996,0.021489971346704793,5
SPGI,2020-04-01,2020-04-02,209.57,209.01,31,-30.33598000000007,-0.0026721381877177187,1
TDY,2020-04-01,2020-04-02,285.02,273.54,20,-240.77119999999923,-0.040277875236825356,1
TER,2020-04-01,2020-04-02,51.09,49.94,117,-146.37051000000068,-0.022509297318457733,1
POOL,2020-04-01,2020-04-06,174.59,166.54,34,-285.29842000000036,-0.04610802451457707,5
WST,2020-04-02,2020-04-08,146.52,155.19,52,435.15107999999935,0.059172809172809086,6
CPB,2020-04-03,2020-04-13,36.86,37.54,203,122.93679999999993,0.018448182311448718,10
DVA,2020-03-31,2020-04-14,76.57,75.18,93,-143.38274999999874,-0.01815332375604005,14
PODD,2020-04-08,2020-04-17,168.3,195.35,43,1147.513049999999,0.16072489601901355,9
GEN,2020-04-02,2020-04-22,16.15,17.11,502,465.2234800000004,0.05944272445820439,20
NLOK,2020-04-02,2020-04-22,17.57,18.62,462,468.3802200000003,0.05976095617529884,20
AKAM,2020-03-27,2020-04-30,93.03,96.84,73,264.2694900000002,0.04095453079651728,34
BIIB,2020-04-14,2020-05-01,329.0,295.07,34,-1174.8383800000004,-0.10313069908814591,17
FTNT,2020-03-31,2020-05-05,20.02,21.14,337,363.5690800000003,0.05594405594405599,35
ENPH,2020-04-13,2020-05-06,38.24,47.0,136,1179.7673599999996,0.22907949790794974,23
AMD,2020-03-27,2020-05-07,46.32,52.93,144,937.5479999999999,0.14270293609671847,41
INCY,2020-04-22,2020-05-14,100.29,95.85,181,-839.1413400000022,-0.04427161232425977,22
GEN,2020-05-05,2020-05-22,18.46,17.65,993,-840.1872300000022,-0.043878656554713014,17
REGN,2020-04-02,2020-05-28,489.67,542.38,14,723.4912999999997,0.10764392345865578,56
PODD,2020-04-30,2020-05-28,195.54,178.27,69,-1217.4228899999987,-0.08831952541679443,28
ENPH,2020-05-14,2020-06-02,55.15,59.8,140,634.9069999999998,0.08431550317316408,19
DXCM,2020-04-06,2020-06-08,68.09,90.56,107,2387.31445,0.33000440593332353,63
VRTX,2020-03-30,2020-06-09,221.34,267.28,29,1318.0900199999992,0.2075539893376704,71
TYL,2020-05-28,2020-06-22,365.66,333.56,53,-1738.358660000001,-0.08778646830388892,25
CRWD,2020-06-02,2020-06-25,24.15,25.95,546,955.4454000000004,0.07453416149068326,23
REGN,2020-06-09,2020-06-26,597.85,605.31,26,162.67783999999799,0.012478046332692018,17
SEDG,2020-05-07,2020-06-29,109.25,129.97,68,1392.69304,0.18965675057208237,53
SMCI,2020-04-03,2020-07-06,2.062,2.802,3160,2323.0297600000004,0.35887487875848706,94
MRNA,2020-02-28,2020-07-07,23.38,58.8,215,7597.6313,1.5149700598802396,130
CTLT,2020-03-31,2020-07-13,50.2,78.66,103,2918.1074199999994,0.5669322709163345,104
WST,2020-06-26,2020-07-15,221.28,233.46,98,1149.0754800000009,0.05504338394793929,19
DDOG,2020-05-14,2020-07-16,66.38,87.65,169,3568.598930000002,0.32042783971075645,63
ENPH,2020-07-16,2020-07-17,57.21,58.0,227,153.1773299999998,0.013808774689739541,1
REGN,2020-07-15,2020-07-20,635.99,640.59,34,112.99628000000078,0.007232818126071201,5
ETSY,2020-06-25,2020-07-22,98.3,105.22,141,947.0236800000002,0.07039674465920653,27
CTXS,2020-03-13,2020-07-28,106.48,139.29,92,2995.9091599999992,0.3081329827197595,137
MRNA,2020-07-15,2020-08-12,87.52,75.67,116,-1393.5300399999994,-0.13539762340036557,28
BIO,2020-07-20,2020-08-12,520.0,497.34,54,-1278.5763600000012,-0.043576923076923124,23
ATVI,2020-07-07,2020-08-24,77.32,81.57,353,1444.16183,0.0549663735126746,48
DXCM,2020-06-22,2020-08-25,103.76,102.85,142,-158.55862000000155,-0.008770239013107275,64
AMD,2020-07-28,2020-08-27,68.1,86.35,197,3564.82335,0.2679882525697504,30
ETSY,2020-08-12,2020-08-28,128.53,123.0,106,-612.8421800000001,-0.04302497471407454,16
SEDG,2020-07-22,2020-09-08,171.62,190.0159,82,1478.8096561999987,0.10718972147768316,48
XYZ,2020-07-20,2020-09-10,121.26,147.02,86,2192.2879200000007,0.21243608774534062,52
CRWD,2020-09-08,2020-09-10,29.72,32.57,310,864.1901000000005,0.09589502018842536,2
PYPL,2020-08-12,2020-09-14,187.9,183.95,119,-514.300150000002,-0.021021820117083645,33
ADBE,2020-08-27,2020-09-15,519.01,493.74,50,-1314.1374999999991,-0.04868884992582028,19
NVDA,2020-05-22,2020-09-18,8.771,12.53,2030,7587.528969999997,0.4285714285714284,119
EPAM,2020-09-15,2020-09-21,329.3,311.44,73,-1350.5540200000012,-0.05423625873064079,6
CRM,2020-08-28,2020-09-22,266.2,241.88,75,-1862.1059999999995,-0.09135987978963184,25
TMO,2020-09-18,2020-09-25,419.82,409.03,64,-743.6064000000013,-0.025701491115239915,7
MRVL,2020-09-10,2020-09-30,39.0,38.2,426,-373.6871999999988,-0.02051282051282044,20
PENN,2020-09-14,2020-10-22,60.22,63.48,168,526.8983999999996,0.0541348389239455,38
CRWD,2020-09-25,2020-10-26,33.95,33.5,437,-226.12565000000123,-0.013254786450662822,31
WHR,2020-09-21,2020-10-27,130.45,148.52,174,3095.639220000004,0.13852050594097373,36
CZR,2020-09-10,2020-10-28,50.6199,46.34,259,-1133.6067140999994,-0.0845497521725645,48
SEDG,2020-10-26,2020-10-30,276.02,266.5,38,-382.37575999999933,-0.034490254329396355,4
MRNA,2020-09-18,2020-11-03,68.28,66.75,167,-278.0600100000002,-0.022407732864674883,46
ETSY,2020-09-25,2020-11-04,113.7,135.5,120,2586.0959999999995,0.19173262972735267,40
FSLR,2020-10-26,2020-11-09,82.65,95.72,173,2230.251989999999,0.15813672111312754,14
ALGN,2020-09-22,2020-11-19,326.76,443.54,49,5684.475300000001,0.3573876851511814,58
MPWR,2020-10-27,2020-11-20,306.46,300.58,91,-590.3206399999996,-0.01918684330744631,24
TMO,2020-11-04,2020-11-23,491.89,447.13,63,-2879.0382599999994,-0.0909959543800443,19
QCOM,2020-08-24,2020-11-30,100.14,127.31,254,6843.407700000001,0.2713201517874975,98
GPS,2020-10-30,2020-12-04,16.91,18.28,921,1229.3600100000008,0.08101714961561213,35
ENPH,2020-09-30,2020-12-09,81.37,136.36,160,8763.563200000002,0.6758018925894065,70
SIVB,2020-11-20,2020-12-09,350.13,356.17,61,325.35570000000126,0.017250735441121927,19
SEDG,2020-11-30,2020-12-14,293.98,293.23,60,-80.23259999999999,-0.0025511939587727055,14
XYZ,2020-11-20,2020-12-15,193.69,218.415,77,1872.0929149999995,0.1276524343022355,25
LB,2020-12-09,2020-12-15,40.4,38.18,467,-1073.4368599999996,-0.05495049504950492,6
MRNA,2020-11-19,2020-12-22,90.0,139.0,154,7510.734,0.5444444444444444,33
AMD,2020-12-15,2020-12-24,95.93,91.8,278,-1200.3289400000026,-0.04305222558115302,9
DDOG,2020-12-18,2020-12-28,109.24,107.27,188,-411.0638799999998,-0.01803368729403148,10
CTRA,2020-12-14,2021-01-04,10.34,8.72,1078,-1766.9066799999991,-0.15667311411992255,21
XYZ,2020-12-28,2021-01-04,232.38,222.495,98,-1013.3077499999991,-0.04253808417247608,7
IDXX,2020-11-09,2021-01-20,485.0,486.41,42,18.420780000001045,0.0029072164948454123,72
CRWD,2020-11-23,2021-01-20,36.63,56.75,453,9072.05886,0.5492765492765491,58
MTCH,2020-12-04,2021-01-20,134.15,141.39,179,1246.6383399999966,0.0539694371971672,47
LRCX,2021-01-20,2021-02-02,55.16,48.44,468,-3193.4447999999998,-0.12182741116751268,13
ENPH,2020-12-22,2021-02-03,174.99,196.1766,98,2039.9124731999998,0.12107320418309617,43
SEDG,2020-12-24,2021-02-03,321.69,310.0,59,-726.9797099999998,-0.03633933289813174,41
ETSY,2020-11-30,2021-02-05,161.94,222.0,104,6206.31024,0.3708781030011115,67
AMAT,2021-02-03,2021-02-10,99.55,102.05,212,487.2608,0.025113008538422903,7
PENN,2020-12-09,2021-02-11,78.28,115.52,213,7890.840599999999,0.4757281553398058,64
PLTR,2021-01-27,2021-02-19,32.97,27.02,268,-1610.67732,-0.18046709129511676,23
FFIV,2021-01-20,2021-02-22,198.75,196.61,199,-504.5366399999973,-0.010767295597484208,33
ETSY,2021-02-22,2021-02-26,222.86,224.0,93,64.46201999999873,0.005115319034371292,4
MRNA,2021-02-02,2021-03-01,158.52,154.4631,83,-362.70029730000107,-0.025592354277062912,27
TECH,2021-02-03,2021-03-02,92.41,91.8,259,-205.70038999999983,-0.006601017205930088,27
SIVB,2021-01-04,2021-03-04,385.66,511.29,98,12223.8389,0.3257532541616968,59
PYPL,2021-02-11,2021-03-04,284.16,248.98,92,-3285.608880000003,-0.12380349099099111,21
CRWD,2021-02-22,2021-03-04,58.91,51.2,412,-3221.885319999997,-0.13087760991342717,10
SCHW,2021-03-04,2021-03-12,60.32,62.35,493,940.3136900000005,0.03365384615384617,8
CZR,2021-03-12,2021-03-22,99.69,89.0,188,-2045.1937199999995,-0.10723242050356102,10
MAT,2021-03-04,2021-03-24,20.282,20.17,1271,-193.76649199999787,-0.005522137856227114,20
M,2021-03-22,2021-03-29,15.42,13.2,1006,-2262.111720000001,-0.14396887159533078,7
CPRI,2021-02-10,2021-03-30,44.81,47.57,486,1296.463319999999,0.06159339433162236,48
UAA,2021-02-26,2021-03-31,21.6,21.74,1135,109.70909999999662,0.0064814814814813425,33
XEC,2021-03-04,2021-04-01,61.97,59.36,287,-783.8917099999999,-0.04211715346135226,28
KSS,2021-03-25,2021-04-01,38.55,43.03,426,1873.7269200000017,0.11621271076524006,7
JEF,2021-03-04,2021-04-05,25.91,26.0,1253,47.72676999999982,0.00347356233114627,32
LB,2021-03-30,2021-04-06,59.58,60.9,362,434.2262400000001,0.022155085599194366,7
TRIP,2021-03-29,2021-04-08,55.7,52.63,209,-664.2709700000001,-0.055116696588868946,10
PENN,2021-03-12,2021-04-14,127.78,102.12,105,-2718.4394999999995,-0.20081389888871495,33
AMAT,2021-03-02,2021-04-22,116.49,128.85,171,2071.60686,0.10610352819984548,51
ON,2021-03-31,2021-04-23,40.6,41.36,503,341.054119999999,0.018719211822660047,23
LRCX,2021-04-06,2021-04-23,62.53,58.81,401,-1540.3773399999995,-0.0594914441068287,17
ETSY,2021-03-24,2021-05-05,220.85,190.99,61,-1846.582239999999,-0.13520489019696622,42
LB,2021-04-14,2021-05-06,64.81,64.8,404,-56.40244000000207,-0.0001542971763617515,22
CZR,2021-04-22,2021-05-18,93.9,100.72,219,1450.9582199999986,0.07263045793397223,26
STX,2021-02-05,2021-05-20,57.34,87.43,379,11349.242170000001,0.5247645622602023,104
XEC,2021-05-19,2021-05-20,69.89,70.55,297,154.309319999999,0.009443411074545665,1
AMG,2021-04-05,2021-05-21,153.49,156.79,245,732.4813999999958,0.021499771972115334,46
GPS,2021-05-05,2021-05-21,30.73,28.69,893,-1874.7820599999993,-0.06638464041653105,16
IVZ,2021-04-01,2021-05-24,20.23,21.72,1451,2101.1205499999974,0.07365299060800783,53
CPRI,2021-04-23,2021-05-24,53.15,52.75,513,-259.52669999999927,-0.00752587017873939,31
SIVB,2021-05-06,2021-05-24,581.0,574.27,51,-402.1487700000009,-0.011583476764199687,18
FITB,2021-05-24,2021-05-26,34.7,34.1,1203,-804.5664000000016,-0.01729106628242079,2
COF,2021-05-20,2021-06-15,143.29,144.87,289,373.34176000000366,0.011026589434015023,26
MS,2021-05-26,2021-06-23,75.06,72.84,529,-1252.6190999999994,-0.0295763389288569,28
IVZ,2021-06-15,2021-06-24,23.26,21.64,1374,-2287.5726000000013,-0.06964746345657785,9
CINF,2021-05-21,2021-06-28,106.39,105.07,421,-644.744660000003,-0.01240718112604575,38
DXC,2021-05-21,2021-06-28,36.99,39.4,879,2051.243189999997,0.06515274398486068,38
MRNA,2021-06-24,2021-06-28,214.38,223.0,77,630.0617400000003,0.04020897471779086,4
IPG,2021-05-24,2021-06-30,28.0,26.78,1628,-2075.3418399999982,-0.04357142857142853,37
IQV,2021-06-28,2021-07-07,245.93,251.67,232,1216.2367999999956,0.02333997478957419,9
KKR,2021-06-23,2021-07-21,56.2,56.41,838,81.61281999999477,0.003736654804270351,28
LB,2021-06-30,2021-07-21,70.27,74.25,429,1645.4209200000016,0.056638679379536136,21
DFS,2021-07-21,2021-07-29,113.56,114.95,257,298.5029300000001,0.012240225431489966,8
MRNA,2021-07-21,2021-08-02,298.51,360.0,55,3345.731950000001,0.2059897490871328,12
JEF,2021-07-30,2021-09-02,28.36,31.57,1136,3578.479520000001,0.11318758815232725,34
FTNT,2021-07-21,2021-09-16,52.84,60.18,845,6106.798099999996,0.13890991672975012,57
MPWR,2021-09-02,2021-09-23,482.04,489.78,109,737.7316199999949,0.016056758775205276,21
IT,2021-07-07,2021-09-24,255.12,321.89,223,14761.036769999995,0.261719974913766,79
EPAM,2021-06-28,2021-09-29,525.62,574.91,104,5011.704879999997,0.09377497051101549,93
MRNA,2021-09-16,2021-09-30,431.21,381.82,53,-2660.760589999999,-0.11453816006122304,14
CRL,2021-09-24,2021-11-05,453.23,375.93,129,-10078.66164,-0.17055358206650048,42
SIVB,2021-09-29,2021-11-30,658.37,719.49,54,3226.0755600000007,0.09283533575345171,62
M,2021-09-29,2021-12-02,20.76,22.71,1383,2636.730989999999,0.09393063583815024,64
BX,2021-11-05,2021-12-02,122.26,116.12,339,-2162.27082,-0.05022084083101587,27
ENPH,2021-11-30,2021-12-03,252.9881,242.26,80,-897.867848000001,-0.042405551881689346,3
TECH,2021-09-23,2021-12-06,131.26,111.63,384,-7631.189759999998,-0.1495505104373,74
FDS,2021-12-02,2021-12-06,441.28,445.29,128,399.79904000000613,0.009087200870195903,4
MRO,2021-09-30,2021-12-15,13.04,14.52,1843,2676.846920000001,0.11349693251533746,76
INTU,2021-11-30,2021-12-20,645.79,588.01,44,-2596.607199999999,-0.08947180972142643,20
KEYS,2021-12-03,2021-12-20,200.0,196.06,193,-836.8595799999996,-0.01969999999999999,17
PFE,2021-12-15,2022-01-10,43.44,43.13,578,-229.21745999999723,-0.007136279926335064,26
MRVL,2021-12-06,2022-01-14,82.05,76.51,285,-1624.0895999999977,-0.06751980499695298,39
FDS,2021-12-20,2022-01-18,447.39,401.62,102,-4755.139019999998,-0.10230447707816442,29
STX,2022-01-10,2022-01-19,96.64,93.17,420,-1537.1201999999996,-0.03590645695364237,9
BRO,2021-12-06,2022-01-21,63.59,62.14,790,-1244.8267000000023,-0.022802327409970166,46
ON,2021-12-06,2022-01-24,64.05,53.145,397,-4375.811414999998,-0.17025761124121772,49
SBNY,2022-01-18,2022-01-26,368.67,312.74,80,-4528.912800000001,-0.15170748908237722,8
SCHW,2022-01-21,2022-01-26,85.37,84.36,387,-456.555510000002,-0.011830853929952033,5
GT,2022-01-21,2022-01-28,21.32,19.51,873,-1615.774589999999,-0.08489681050656654,7
MRO,2022-01-18,2022-02-01,18.93,18.49,1582,-755.278440000002,-0.023243528790280046,14
CMA,2022-01-26,2022-02-02,76.76,77.98,350,372.8409999999996,0.01589369463262114,7
HES,2022-01-28,2022-02-23,85.93,90.64,242,1097.0900599999986,0.05481205632491555,26
BX,2022-02-03,2022-02-23,114.21,105.49,214,-1913.0957999999996,-0.07635058226074774,20
AFL,2022-01-26,2022-02-25,56.02,54.4,822,-1422.4052400000037,-0.028918243484469912,30
MCK,2022-02-23,2022-02-25,264.57,262.8,153,-351.4976099999972,-0.0066901009184714135,2
MET,2022-02-01,2022-03-02,57.82,56.78,587,-677.7501999999995,-0.017986855759252837,29
PXD,2022-01-19,2022-03-24,182.53,217.34,226,7776.689380000001,0.19070837670519916,64
HP,2022-03-02,2022-03-25,31.25,34.96,773,2816.6496700000007,0.11872000000000003,23
MRO,2022-02-25,2022-03-28,20.73,24.22,999,3441.6049499999986,0.16835504100337667,31
CTRA,2022-03-25,2022-04-18,22.49,24.88,980,2295.777400000001,0.10626945309026237,24
ANET,2022-03-28,2022-04-20,34.5,31.38,819,-2609.2357200000006,-0.09043478260869568,23
ABBV,2022-02-25,2022-04-25,124.38,132.92,410,3395.906999999997,0.06866055635954327,59
MOH,2022-03-02,2022-05-02,315.0,316.69,76,80.43155999999982,0.005365079365079358,61
MCK,2022-03-24,2022-05-02,292.96,304.98,179,2044.5487400000068,0.04102949208083028,39
HES,2022-04-20,2022-05-03,111.04,98.77,343,-4280.574830000003,-0.11050072046109519,13
HP,2022-05-02,2022-05-03,38.72,37.98,486,-396.91620000000097,-0.019111570247933935,1
HRB,2022-04-25,2022-05-05,24.22,22.34,2049,-3947.521439999998,-0.07762180016515273,10
MPWR,2022-05-05,2022-05-12,456.28,370.3,40,-3472.2631999999985,-0.1884369246953624,7
HPQ,2022-05-03,2022-05-23,31.03,29.2,1156,-2185.1058800000023,-0.05897518530454405,20
MAT,2022-05-02,2022-05-24,24.25,23.02,1115,-1424.1560500000005,-0.0507216494845361,22
CPB,2022-05-02,2022-06-01,40.06,40.29,1193,178.5324499999963,0.005741387918122737,30
SMCI,2022-05-04,2022-06-01,4.832,5.058,3460,747.7406,0.04677152317880794,28
MCK,2022-05-23,2022-06-09,319.19,308.16,95,-1107.4482499999974,-0.03455622043297087,17
PXD,2022-05-12,2022-06-10,211.54,240.32,98,2776.15772,0.1360499196369481,29
CTRA,2022-05-24,2022-06-17,27.05,24.1,795,-2385.9142499999994,-0.10905730129390015,24
HP,2022-06-01,2022-06-21,43.17,33.71,528,-5035.47264,-0.21913365763261525,20
HES,2022-06-09,2022-06-21,123.63,102.28,269,-5803.919789999999,-0.17269271212488874,12
FLR,2022-06-10,2022-06-21,28.91,24.58,829,-3633.9132100000015,-0.1497751643030094,11
MRO,2022-05-05,2022-06-22,26.66,22.24,802,-3584.0578000000014,-0.16579144786196556,48
WRB,2022-06-01,2022-07-15,42.8,38.39,1076,-4832.520439999997,-0.10303738317757002,44
BMY,2022-06-24,2022-07-15,65.61,62.87,762,-2185.7817600000017,-0.04176192653558912,21
DRE,2022-06-23,2022-07-21,54.17,58.31,495,1993.6224000000002,0.07642606608824073,28
MCK,2022-07-15,2022-07-21,323.54,318.82,106,-568.4101600000029,-0.014588613463559458,6
VRTX,2022-07-21,2022-08-01,285.79,279.79,123,-807.56634,-0.0209944364743343,11
LLY,2022-07-15,2022-08-05,320.68,292.19,120,-3492.344400000001,-0.08884245977298244,21
CTRA,2022-08-01,2022-08-11,25.43,24.44,887,-922.3646899999986,-0.038930397168698325,10
ON,2022-07-21,2022-09-06,60.0,67.75,326,2484.8535,0.12916666666666668,47
HRB,2022-07-15,2022-09-12,32.23,39.65,965,7090.935800000002,0.23022029165373883,59
MCK,2022-08-05,2022-09-14,329.77,341.54,103,1143.165070000004,0.03569154259029032,40
PXD,2022-09-06,2022-09-14,219.35,221.33,129,198.57228000000234,0.009026669705949479,8
HP,2022-09-14,2022-09-20,38.51,36.26,447,-1039.17219,-0.05842638275772527,6
MRO,2022-08-01,2022-09-21,23.26,25.41,843,1771.421189999999,0.09243336199484087,51
ERIE,2022-09-14,2022-09-21,207.29,209.57,237,441.56418000000025,0.010999083409715863,7
MOH,2022-09-12,2022-09-23,348.23,327.72,93,-1970.2933499999992,-0.05889785486603678,11
ENPH,2022-06-21,2022-09-27,187.91,285.1,61,5899.736390000002,0.5172156883614498,98
FTI,2022-09-21,2022-10-03,9.187,8.59,2255,-1386.322134999999,-0.0649831283335147,12
CI,2022-09-21,2022-10-05,270.04,270.94,170,61.03339999999612,0.0033328395793214977,14
TWTR,2022-10-05,2022-10-07,50.26,49.02,509,-681.6935199999973,-0.024671707122960504,2
FSLR,2022-08-11,2022-10-18,117.35,121.64,142,575.2434200000008,0.036557307200681774,68
REGN,2022-09-21,2022-10-25,694.36,729.66,30,1016.2793999999986,0.05083818192292176,34
BIIB,2022-09-30,2022-10-26,265.51,280.0,69,962.1698100000007,0.05457421566042714,26
VRTX,2022-09-23,2022-11-08,283.29,303.09,116,2228.7799199999945,0.06989304246531806,46
NOV,2022-10-07,2022-11-29,17.4,20.25,1235,3473.252250000002,0.16379310344827597,53
MRO,2022-10-18,2022-11-29,26.54,29.27,706,1887.9781400000004,0.10286360211002263,42
HES,2022-10-25,2022-11-29,131.52,136.13,205,890.181749999997,0.035051703163016916,35
SMCI,2022-11-03,2022-12-06,7.87,8.335,2284,1025.0477800000017,0.0590851334180433,33
HUM,2022-10-05,2022-12-14,481.23,504.5,75,1671.3202499999986,0.048355256322340626,70
FICO,2022-11-29,2022-12-28,583.78,615.33,31,940.8775900000021,0.05404433176881714,29
ERIE,2022-11-08,2023-01-03,246.99,233.03,150,-2166.0030000000015,-0.05652050690311352,56
MRNA,2022-12-22,2023-01-06,209.82,174.96,68,-2396.645039999999,-0.16614240777809544,15
CAH,2022-12-14,2023-01-12,73.65,72.05,601,-1049.165700000005,-0.021724372029871125,29
MRK,2022-11-29,2023-02-03,95.93,92.3,539,-2058.025970000005,-0.03784009173355581,66
LW,2023-01-03,2023-02-03,82.36,89.98,660,4915.455600000003,0.09252064108790681,31
HES,2023-01-12,2023-02-06,142.4,133.26,194,-1826.6380400000028,-0.06418539325842706,25
BEN,2023-02-03,2023-02-22,27.65,24.88,1142,-3223.3292599999995,-0.10018083182640143,19
JBL,2023-02-03,2023-03-07,79.82,84.01,499,2009.0588300000059,0.05249310949636698,32
FTI,2023-01-12,2023-03-13,12.28,13.85,2279,3518.4797300000005,0.12785016286644954,60
FLR,2023-02-06,2023-03-13,36.2,32.52,863,-3235.1453599999995,-0.10165745856353589,35
FICO,2023-02-03,2023-03-14,671.73,691.04,38,681.9947399999979,0.028746669048575983,39
SMCI,2023-03-13,2023-03-21,9.1,9.999,1778,1564.4639780000016,0.0987912087912089,8
BWA,2023-02-22,2023-03-23,41.48,39.48,831,-1729.27776,-0.048216007714561235,29
ARNC,2023-03-13,2023-03-27,25.575,27.0,681,934.6214250000005,0.05571847507331381,14
MPWR,2023-03-14,2023-03-29,484.96,472.93,53,-688.3581699999986,-0.024806169580996316,15
FSLR,2023-03-07,2023-03-30,212.5,218.63,124,706.6598799999995,0.02884705882352939,23
ANET,2023-03-13,2023-04-11,36.29,40.5,911,3765.354310000001,0.11600992008817859,29
AMD,2023-03-29,2023-04-13,96.07,92.79,212,-735.3983199999972,-0.034141771624856744,15
MKTX,2023-03-23,2023-04-21,359.35,315.2,87,-3899.7358500000028,-0.1228607207457911,29
SMCI,2023-03-27,2023-04-21,11.2,10.7,1634,-852.7846,-0.044642857142857144,25
COTY,2023-04-21,2023-05-10,12.54,11.91,3738,-2446.3340999999964,-0.05023923444976069,19
WST,2023-04-28,2023-05-16,353.57,351.98,104,-238.73719999999742,-0.004496987866617572,18
FICO,2023-05-16,2023-05-18,753.31,749.0,47,-273.1785699999974,-0.005721416150057673,2
ACGL,2023-05-10,2023-05-30,72.91,67.68,593,-3184.759869999994,-0.07173227266492922,20
LW,2023-04-11,2023-05-31,99.3,101.75,520,1169.4540000000013,0.024672708962739202,50
PLTR,2023-05-23,2023-06-26,11.95,13.87,1212,2295.74616,0.1606694560669456,34
AVGO,2023-05-30,2023-06-26,80.13,79.58,386,-273.9480599999989,-0.006863846249843968,27
SMCI,2023-05-18,2023-06-28,15.54,22.33,1119,7555.63347,0.4369369369369369,41
NVDA,2023-03-21,2023-07-07,26.1,42.19,1014,16246.013939999997,0.6164750957854405,108
ORCL,2023-05-31,2023-07-12,100.48,111.64,504,5517.731519999998,0.11106687898089168,42
CAH,2023-06-26,2023-07-20,87.11,88.7,694,981.4478600000023,0.018252783836528567,24
FTI,2023-07-12,2023-07-25,17.82,17.46,2036,-804.7900799999989,-0.02020202020202017,13
COTY,2023-07-12,2023-07-25,13.31,12.18,2799,-3234.216510000002,-0.08489857250187834,13
FLEX,2023-07-07,2023-07-31,19.84,19.72,2652,-423.1531200000026,-0.006048387096774244,24
NVDA,2023-07-31,2023-08-02,46.61,45.69,665,-673.1795000000011,-0.019738253593649467,2
ORCL,2023-07-25,2023-08-08,113.87,111.03,483,-1480.3467000000016,-0.024940721875823336,14
PLTR,2023-07-25,2023-08-08,16.35,17.49,1176,1300.8441599999965,0.06972477064220164,14
FICO,2023-08-02,2023-08-10,821.21,864.05,49,2016.5822599999963,0.05216692441640983,8
JPM,2023-08-08,2023-08-15,144.47,143.09,455,-758.7397999999979,-0.009552156156987578,7
ADBE,2023-08-15,2023-08-21,518.35,510.29,78,-708.9139200000002,-0.015549339249541818,6
HES,2023-08-15,2023-08-28,152.03,147.81,303,-1369.5115199999996,-0.02775767940538051,13
DELL,2023-08-21,2023-08-28,52.5,53.72,720,801.9215999999992,0.023238095238095217,7
LLY,2023-08-10,2023-09-29,511.7,534.37,80,1729.9144000000013,0.04430330271643544,50
ORCL,2023-08-28,2023-10-04,112.32,101.3,323,-3628.4592599999987,-0.09811253561253558,37
FTI,2023-08-29,2023-10-06,18.28,18.73,2129,879.2557099999984,0.02461706783369799,38
NVDA,2023-10-06,2023-10-26,44.06,41.73,828,-2000.2741200000046,-0.052882433045846694,20
SMCI,2023-10-04,2023-10-27,27.4,24.8,764,-2026.2807999999982,-0.09489051094890504,23
ACGL,2023-07-20,2023-10-31,76.93,81.03,718,2830.384719999996,0.05329520343169107,103
LLY,2023-10-26,2023-11-01,568.17,543.68,57,-1459.3054500000005,-0.04310329654856823,6
JBL,2023-09-29,2023-11-07,126.23,125.52,309,-297.1807500000025,-0.005624653410441321,39
FTI,2023-10-31,2023-11-07,20.97,21.32,1502,462.1804200000021,0.01669051025274208,7
SMCI,2023-11-21,2023-12-05,29.9,26.35,668,-2408.974999999998,-0.11872909698996646,14
PLTR,2023-10-05,2023-12-12,15.59,17.69,1439,2974.010080000002,0.13470173187940998,68
CBOE,2023-11-07,2023-12-26,168.28,170.5,331,622.6838199999996,0.013192298550035649,49
PANW,2023-12-12,2024-01-09,149.79,143.81,280,-1756.6079999999972,-0.0399225582482141,28
GPS,2023-10-27,2024-01-10,12.88,20.95,1865,14987.457049999997,0.6265527950310558,75
AMD,2024-01-09,2024-02-15,145.95,179.14,242,7953.30822,0.2274066461116821,37
ANET,2023-11-06,2024-02-20,53.5,64.52,497,5418.284059999998,0.20598130841121487,106
PANW,2024-02-20,2024-02-22,181.43,137.06,261,-11663.69589,-0.2445571294714215,2
NOW,2023-10-31,2024-02-23,114.17,155.07,252,10238.951519999997,0.35823771568713314,115
CRWD,2024-02-15,2024-03-06,84.38,90.01,531,2896.928910000005,0.06672197203128716,20
AVGO,2024-02-22,2024-03-20,124.87,121.23,398,-1546.6678000000002,-0.029150316328982146,27
AMD,2024-03-08,2024-03-22,213.41,177.21,169,-6183.814779999999,-0.1696265404620214,14
SMCI,2024-01-10,2024-03-27,34.7,104.21,717,49739.071529999994,2.0031700288184435,77
DELL,2024-03-06,2024-04-01,115.0,110.0,255,-1332.375,-0.043478260869565216,26
COIN,2024-02-27,2024-04-02,205.18,238.1,97,3150.241839999999,0.1604444877668388,35
CRWD,2024-03-22,2024-04-04,81.93,81.08,383,-387.9828300000032,-0.010374710118393854,13
GPS,2024-03-20,2024-04-10,25.0,22.68,1398,-3310.0166400000007,-0.09280000000000001,21
NVDA,2023-12-26,2024-04-17,48.83,88.09,893,34936.91044000001,0.8040139258652469,113
APO,2024-03-27,2024-04-17,110.33,104.39,751,-4622.194719999999,-0.0538384845463609,21
AVGO,2024-04-10,2024-04-17,129.45,131.41,330,560.7162000000027,0.015140981073773721,7
DELL,2024-04-04,2024-04-18,125.02,115.16,323,-3262.35814,-0.07886738121900495,14
MU,2024-04-02,2024-04-19,121.84,108.88,286,-3772.5459200000023,-0.1063690085357847,17
GDDY,2024-04-17,2024-05-01,123.83,122.56,554,-840.0800599999977,-0.010255996123717968,14
NKTR,2024-05-01,2024-05-07,21.75,24.6,700,1962.555000000001,0.13103448275862076,6
DDOG,2024-04-17,2024-05-09,127.228,118.11,340,-3183.5349199999982,-0.07166661426729962,22
PGR,2024-04-17,2024-05-13,192.31,199.14,424,2729.9451999999933,0.03551557381311416,26
ALK,2024-04-18,2024-05-16,44.12,43.6,1001,-608.327719999996,-0.011786038077969085,28
SMCI,2024-05-13,2024-05-23,81.08,93.45,248,3024.476560000001,0.1525653675382339,10
NKTR,2024-05-21,2024-05-28,26.1,25.65,699,-350.723250000002,-0.017241379310344935,7
APH,2024-05-01,2024-06-04,29.45,32.04,2165,5474.224149999999,0.08794567062818336,34
DELL,2024-05-09,2024-06-07,126.78,127.1,309,20.43107999999789,0.0025240574223063038,29
IBKR,2024-06-04,2024-06-07,31.28,30.52,2590,-2128.462000000004,-0.024296675191815907,3
GDDY,2024-05-13,2024-06-24,134.16,137.02,504,1304.765280000007,0.021317829457364445,42
COIN,2024-05-29,2024-06-25,239.02,217.0,110,-2472.3622000000014,-0.09212618190946369,27
NVDA,2024-05-07,2024-06-26,90.84,125.78,355,12326.799899999998,0.38463232056362834,50
CRWD,2024-06-24,2024-06-26,93.78,96.4,425,1032.673500000002,0.027937726594156585,2
HOOD,2024-05-22,2024-06-27,20.9,22.44,1228,1837.8984800000032,0.07368421052631592,36
SMCI,2024-06-27,2024-07-02,83.1,79.94,265,-880.6055999999991,-0.03802647412755712,5
MU,2024-06-24,2024-07-03,141.43,131.72,256,-2555.686400000002,-0.0686558721629075,9
MCK,2024-06-26,2024-07-03,597.18,575.35,185,-4255.468049999987,-0.03655514250309778,7
AVGO,2024-07-03,2024-07-10,163.92,171.38,212,1510.4364000000019,0.04551000488042953,7
ANET,2024-07-03,2024-07-24,89.5,85.21,597,-2665.4318700000035,-0.04793296089385482,21
STX,2024-07-25,2024-07-31,104.99,98.75,485,-3125.2138999999975,-0.059434231831602964,6
BSX,2024-06-07,2024-08-02,76.6,75.12,1511,-2465.5289199999847,-0.01932114882506514,56
HOOD,2024-07-16,2024-08-02,24.06,19.2,1656,-8119.798559999999,-0.20199501246882792,17
FICO,2024-07-03,2024-08-06,1531.0,1599.89,48,3156.4372800000046,0.04499673416067936,34
SLG,2024-08-06,2024-08-07,54.12,57.84,493,1778.763720000003,0.06873614190687373,1
MCK,2024-08-02,2024-08-26,624.79,546.71,151,-11966.97649999999,-0.12496998991661187,24
NVDA,2024-08-22,2024-09-09,129.66,104.59,223,-5642.847749999999,-0.19335184328243094,18
KKR,2024-08-01,2024-09-11,122.03,115.87,391,-2501.5788999999986,-0.05047939031385722,41
GDDY,2024-08-06,2024-09-16,147.68,152.17,359,1504.263849999993,0.03040357529794136,41
UHS,2024-08-02,2024-10-04,212.32,214.93,213,464.9257500000029,0.012292765636774745,63
LUMN,2024-09-16,2024-10-04,6.09,6.77,2745,1831.2992999999992,0.11165845648604265,18
KKR,2024-09-18,2024-10-14,126.86,134.52,407,3011.2383400000044,0.06038152293867264,26
FICO,2024-09-11,2024-10-21,1792.0,1964.62,31,5234.764779999997,0.09632812499999995,40
PGR,2024-08-26,2024-10-23,223.04,228.3,363,1745.5435800000068,0.02358321377331429,58
FICO,2024-10-23,2024-10-25,2020.19,2015.08,29,-265.2128300000037,-0.0025294650503171123,2
COHR,2024-10-04,2024-11-01,97.55,93.15,349,-1602.154299999997,-0.04510507432086101,28
PLTR,2024-10-23,2024-11-04,42.85,41.08,939,-1740.8402700000029,-0.04130688448074686,12
KKR,2024-10-25,2024-11-06,142.79,145.81,447,1220.9358000000045,0.021149940472021924,12
NVDA,2024-10-21,2024-11-29,137.76,136.41,316,-513.2377199999981,-0.00979965156794421,39
BLK,2024-10-14,2024-12-05,958.53,993.0,87,2829.1068900000023,0.03596131576476483,52
LITE,2024-12-03,2024-12-09,86.96,93.38,422,2633.136520000001,0.0738270469181233,6
IBKR,2024-11-04,2024-12-13,38.13,44.88,1751,11673.89949,0.17702596380802516,39
JEF,2024-11-06,2024-12-20,66.05,70.99,979,4702.097839999998,0.07479182437547309,44
FICO,2024-12-05,2024-12-20,2391.645,2030.0,29,-10615.932705,-0.15121182282487575,15
HOOD,2024-12-13,2025-01-02,39.41,38.54,632,-599.1043999999983,-0.02207561532605931,20
NOW,2024-12-20,2025-01-07,212.0,214.82,240,574.3631999999984,0.013301886792452798,18
AVGO,2025-01-02,2025-02-26,233.18,204.3,102,-2990.3829599999995,-0.12385281756582896,55
IBKR,2025-01-07,2025-02-26,47.53,50.5,1154,3314.2533799999987,0.06248685041026717,50
CIEN,2024-12-13,2025-02-28,87.16,77.27,462,-4645.14666,-0.11346948141349243,77
FFIV,2024-12-20,2025-02-28,249.26,291.23,313,12967.436630000007,0.1683784000641901,70
FTNT,2024-12-09,2025-03-05,99.71,105.38,643,3513.937130000001,0.05686490823387827,86
FISV,2025-02-28,2025-03-11,232.5,215.29,385,-6798.249150000003,-0.07402150537634412,11
SATS,2025-03-04,2025-03-11,30.42,25.24,1240,-6492.218400000004,-0.1702827087442473,7
JKHY,2025-03-11,2025-03-13,185.72,169.53,282,-4665.760499999999,-0.08717424079259098,2
BNY,2025-02-26,2025-03-14,79.68,73.8,1095,-6606.66060000001,-0.07379518072289168,16
UNM,2025-03-05,2025-03-21,76.37,77.7,684,804.3361199999989,0.017415215398716752,16
CME,2025-03-11,2025-03-26,250.47,250.47,317,-158.79798,0.0,15
BRO,2025-03-14,2025-03-26,116.87,120.42,665,2202.9521499999983,0.03037563104303925,12
PODD,2025-03-26,2025-03-28,272.47,259.87,138,-1812.262920000003,-0.04624362315117268,2
HOOD,2025-03-28,2025-04-08,42.69,37.135,438,-2468.0533499999997,-0.13012415085500117,11
BMY,2025-03-14,2025-04-09,55.73,48.2,918,-7007.947739999994,-0.13511573658711634,26
PLTR,2025-03-21,2025-04-09,85.85,78.19,217,-1697.8166799999995,-0.08922539312754801,19
UNM,2025-03-26,2025-04-14,80.69,74.19,715,-4758.2392,-0.0805552113025158,19
UNH,2025-04-14,2025-04-21,571.87,432.28,70,-9841.590500000002,-0.2440939374333328,7
HRB,2025-04-21,2025-05-14,59.46,53.45,616,-3771.712559999999,-0.10107635385132858,23
FICO,2025-04-14,2025-05-22,1904.0,1720.205,14,-2623.868870000001,-0.09653098739495802,38
VRSN,2025-03-26,2025-05-27,241.89,277.73,374,13209.822120000013,0.1481665219727977,62
WRB,2025-04-08,2025-05-27,63.77,70.75,577,3949.8419599999984,0.10945585698604354,49
CME,2025-05-27,2025-06-18,270.64,258.52,285,-3605.010600000001,-0.04478273721548923,22
MCK,2025-04-09,2025-06-27,642.46,720.0,68,5180.072719999997,0.12069233882265037,79
CAH,2025-05-27,2025-07-17,151.49,159.04,466,3373.593019999992,0.04983827315334334,51
JBL,2025-06-18,2025-07-23,199.46,221.65,257,5594.604729999999,0.11125037601524114,35
COIN,2025-06-27,2025-08-01,369.54,335.14,72,-2527.5369600000026,-0.09308870487633282,35
PLTR,2025-05-14,2025-08-04,129.01,158.53,192,5612.6323200000015,0.22881947135880948,82
SEDG,2025-07-23,2025-08-11,31.32,25.17,619,-3841.817309999999,-0.19636015325670494,19
HOOD,2025-05-22,2025-08-14,64.89,107.88,417,17854.78491,0.6625057790106333,84
IBKR,2025-08-04,2025-08-20,63.98,61.8,720,-1660.1616,-0.03407314785870584,16
AMD,2025-08-14,2025-08-21,179.83,165.86,177,-2533.8771299999994,-0.07768447978646498,7
APH,2025-07-23,2025-08-25,53.25,54.42,1169,1241.863770000002,0.021971830985915524,33
PLTR,2025-08-14,2025-08-25,182.41,156.1,227,-6049.211770000001,-0.14423551340387042,11
HOOD,2025-08-20,2025-09-08,106.665,110.63,217,813.2519849999977,0.03717245581962208,19
LITE,2025-08-21,2025-10-02,115.89,176.75,275,16656.024,0.5251531624816637,42
STX,2025-08-25,2025-10-10,157.7,219.28,317,19401.357340000006,0.39048826886493354,46
BNY,2025-07-17,2025-10-20,89.97,102.62,944,11759.795040000006,0.14060242302989892,95
IBKR,2025-10-10,2025-10-20,72.18,67.1,757,-3950.9949600000095,-0.0703796065392077,10
HOOD,2025-09-09,2025-10-24,116.53,137.99,276,5852.712480000002,0.1841585857719043,45
FLEX,2025-10-20,2025-10-27,63.02,65.52,778,1844.9958799999945,0.03966994604887326,7
WDC,2025-08-25,2025-10-29,76.74,131.19,766,41549.42562,0.7095387021110243,65
JBL,2025-10-02,2025-11-04,216.88,214.04,246,-804.6463200000007,-0.013094798967170801,33
GLW,2025-10-29,2025-11-17,86.59,81.18,653,-3642.2838099999976,-0.0624783462293567,19
LRCX,2025-10-20,2025-11-19,142.98,146.25,289,861.442530000003,0.02287033151489726,30
AMD,2025-10-24,2025-11-19,243.36,230.26,146,-1981.7485200000033,-0.053829717291255845,26
PLTR,2025-10-27,2025-11-19,188.97,167.8,253,-5446.272809999997,-0.11202836429062808,23
CIEN,2025-11-04,2025-11-20,182.53,198.11,223,3389.457280000003,0.08535583191804094,16
APH,2025-10-20,2025-11-21,62.94,64.83,1159,2042.4245700000006,0.030028598665395624,32
MU,2025-11-17,2025-11-21,246.68,204.33,126,-5392.9272599999995,-0.1716799091940976,4
STX,2025-11-04,2025-11-26,253.77,263.32,111,1002.6530099999982,0.03763250187177358,22
INCY,2025-11-20,2025-12-03,102.5,101.8,484,-437.68120000000135,-0.006829268292682955,13
SNDK,2025-11-26,2025-12-04,226.0,192.325,66,-2250.1594500000006,-0.1490044247787611,8
HCA,2025-11-21,2025-12-15,476.55,472.41,145,-737.899199999998,-0.008687440982058517,24
NKTR,2025-11-24,2025-12-17,55.08,50.08,506,-2583.21096,-0.09077705156136529,23
JNJ,2025-11-19,2025-12-19,195.59,204.27,644,5332.410160000005,0.04437854696047858,30
HOOD,2025-11-26,2025-12-19,121.33,119.47,219,-460.0751999999999,-0.015330091486029832,23
INTC,2025-12-03,2025-12-29,43.385,36.01,1003,-7476.758185,-0.16998962775152704,26
LITE,2025-10-30,2026-01-13,206.57,336.935,159,20641.617705,0.6310935760274968,75
CIEN,2025-12-19,2026-01-26,212.74,230.0,143,2404.8681799999986,0.08113189809156712,38
BNY,2025-12-19,2026-01-30,111.49,118.56,1005,6874.149750000008,0.06341375908153205,42
SATS,2025-12-15,2026-02-05,109.635,109.11,347,-258.07951500000195,-0.004788616773840522,52
STX,2025-12-17,2026-02-25,289.64,408.26,128,15094.0288,0.4095428808175667,70
MU,2026-01-13,2026-02-25,346.07,426.26,141,11197.891469999999,0.23171612679515705,43
WDC,2025-12-15,2026-03-06,178.1,249.83,206,14688.226420000005,0.40275126333520506,81
LRCX,2026-01-26,2026-03-06,218.56,205.31,202,-2762.12174,-0.060624084919472916,39
SNDK,2025-12-29,2026-03-09,241.555,517.0,103,28292.703835,1.140299310715986,70
AMAT,2026-02-25,2026-03-16,384.11,346.9,158,-5994.679580000005,-0.0968732915050377,19
GLW,2026-03-10,2026-03-18,131.57,131.56,235,-64.18554999999787,-7.600516835137878e-05,8
FTI,2026-03-09,2026-03-19,62.37,64.72,974,2165.1143400000014,0.03767837101170437,10
JNJ,2026-01-30,2026-03-20,224.65,234.32,568,5231.865039999993,0.043044736256398784,49
MRNA,2026-03-03,2026-03-23,50.445,51.2335,669,459.4835834999994,0.015630885122410527,20
COHR,2026-03-06,2026-03-23,239.45,254.19,101,1438.882360000001,0.06155773647943207,17
MU,2026-03-19,2026-03-27,424.73,359.65,94,-6191.251720000004,-0.15322675582134543,8
STX,2026-03-27,2026-03-31,378.26,370.82,92,-753.3953599999998,-0.019669010733358003,4
SEDG,2026-03-24,2026-04-15,46.26,40.51,715,-4173.29055,-0.12429744920017294,22
CTRA,2026-03-20,2026-04-17,33.82,30.33,2516,-8942.241400000006,-0.10319337670017746,28
DELL,2026-03-16,2026-04-20,152.34,195.64,291,12499.037819999996,0.28423263752133376,35
LITE,2026-02-05,2026-04-30,436.22,895.17,54,24711.404939999997,1.052106735133648,84
SATS,2026-03-16,2026-04-30,110.18,120.66,377,3863.933319999996,0.09511708113995271,45
GLW,2026-04-20,2026-05-04,165.51,162.6,308,-997.3378799999989,-0.017582019213340565,14
KLAC,2026-03-23,2026-05-07,152.98,181.29,354,9903.408420000002,0.1850568701791084,45
JBL,2026-05-07,2026-05-21,367.57,347.92,213,-4337.849369999995,-0.05345920504937829,14
FTI,2026-04-30,2026-05-22,74.53,71.42,1260,-4102.496999999999,-0.04172816315577619,22
LITE,2026-05-04,2026-05-26,986.88,963.01,43,-1110.2552700000003,-0.024187337872892352,22
COHR,2026-04-17,2026-06-02,333.49,381.86,121,5766.21265,0.14504183033974033,46
SATS,2026-05-21,2026-06-02,139.69,126.9,430,-5614.3336999999965,-0.09155988259717941,12
GLW,2026-05-22,2026-06-05,193.69,189.02,208,-1050.9636799999973,-0.02411069234343532,14
CIEN,2026-02-25,2026-06-08,345.99,489.775,119,17010.958964999998,0.4155755946703661,103
TER,2026-06-02,2026-06-17,370.63,429.07,168,9683.5704,0.1576774680948655,15
SEDG,2026-05-27,2026-06-18,70.225,56.3,489,-6871.195724999999,-0.19829120683517262,22
MU,2026-04-17,2026-06-25,466.78,1232.81,102,77961.70182,1.6410943056686234,69
BWA,2026-06-18,2026-06-26,71.75,67.99,1194,-4656.289560000006,-0.05240418118466906,8
SNDK,2026-03-19,2026-07-07,707.15,1619.28,49,44580.374930000005,1.2898677791133424,110
GLW,2026-06-26,2026-07-07,224.0,186.68,228,-8602.595039999998,-0.16660714285714281,11
WDC,2026-03-20,2026-07-08,309.34,525.83,119,25662.92477000001,0.6998448309303682,110
KLAC,2026-06-08,2026-07-10,202.77,224.58,305,6521.7082500000015,0.10756028998372541,32
STX,2026-04-15,2026-07-15,520.46,889.02,87,31942.095239999995,0.7081427967567151,91
LRCX,2026-05-22,2026-07-15,305.51,357.25,204,10419.756960000002,0.16935615855454816,54
INTC,2026-06-25,2026-07-15,139.73,109.3,354,-10860.376619999997,-0.21777714163028694,20
AMAT,2026-06-05,2026-07-16,479.2,561.94,132,10784.249520000008,0.17266277128547594,41
TER,2026-06-25,2026-07-17,453.83,305.77,117,-17411.8932,-0.3262455104334222,22
MRVL,2026-06-26,2026-07-17,268.3,182.225,123,-10642.639575000003,-0.32081625046589646,21
AMD,2026-06-25,2026-07-20,543.93,516.995,105,-2939.5721249999942,-0.0495192396080377,25
CRWD,2026-07-08,2026-07-27,193.51,187.905,369,-2208.987134999996,-0.028964911374089145,19
MRNA,2026-07-07,2026-07-28,82.1,54.831,528,-14470.331567999996,-0.33214372716199747,21
DDOG,2026-07-10,2026-07-29,270.41,252.88,263,-4748.015270000007,-0.06482748419067352,19
BNY,2026-07-16,2026-07-29,162.1,156.16,826,-5169.322759999998,-0.0366440468846391,13
CNC,2026-07-17,2026-07-29,64.13,64.4,1241,175.56427000001264,0.004210198035241077,12
DELL,2026-07-07,2026-07-30,397.09,384.89,102,-1324.1619599999988,-0.030723513561157392,23
HPE,2026-07-27,2026-08-03,47.88,47.39,1135,-664.2814500000022,-0.010233918128655012,7
AAPL,2026-07-29,2026-08-06,339.44,314.07,387,-10071.098370000002,-0.07474074946971483,8
CVS,2026-07-29,2026-08-07,110.0,95.2,1145,-17180.953999999998,-0.13454545454545452,9
AIZ,2026-08-07,2026-08-12,295.47,279.23,454,-7633.873800000005,-0.05496327884387588,5
DGX,2026-08-03,2026-08-18,232.84,238.01,406,1907.854899999995,0.022204088644562737,15
FTNT,2026-08-12,2026-08-26,161.48,151.5,434,-4467.153319999995,-0.061803319296507245,14
DELL,2026-08-18,2026-08-26,466.98,449.58,94,-1721.756640000003,-0.037260696389567076,8
HPE,2026-08-06,2026-08-31,51.25,52.96,1037,1665.204230000001,0.0333658536585366,25
NTAP,2026-07-29,2026-09-01,173.545,184.99,380,4212.8567000000085,0.06594831311763533,34
INTC,2026-08-18,2026-09-01,99.22,86.84,470,-5906.048199999997,-0.12477323120338638,14
STX,2026-08-06,2026-09-08,784.005,880.65,39,3704.233454999999,0.12327089750703119,33
MU,2026-08-26,2026-09-09,925.74,998.805,59,4197.286844999996,0.07892604835050872,14
STT,2026-07-15,2026-09-17,184.565,185.31,702,263.33775000000315,0.004036518299786008,64
