date,equity,n_positions
2018-09-20,100000.0,0
2018-09-21,100000.0,0
2018-09-24,100000.0,0
2018-09-25,100000.0,0
2018-09-26,100000.0,0
2018-09-27,100000.0,0
2018-09-28,100000.0,0
2018-10-01,100000.0,0
2018-10-02,100000.0,0
2018-10-03,100000.0,0
2018-10-04,100000.0,0
2018-10-05,100000.0,0
2018-10-08,100000.0,0
2018-10-09,100000.0,0
2018-10-10,100000.0,0
2018-10-11,100000.0,0
2018-10-12,100000.0,0
2018-10-15,100000.0,0
2018-10-16,100000.0,0
2018-10-17,100000.0,0
2018-10-18,100000.0,0
2018-10-19,100000.0,0
2018-10-22,98578.19711999998,4
2018-10-23,98401.84711999999,4
2018-10-24,97137.02853999998,4
2018-10-25,97540.39854,4
2018-10-26,95847.14790999997,4
2018-10-29,96605.63230999999,5
2018-10-30,98287.61196999998,5
2018-10-31,97991.85196999997,5
2018-11-01,97729.69197,5
2018-11-02,97794.96152999999,5
2018-11-05,97892.82152999999,5
2018-11-06,98714.38153,5
2018-11-07,99238.46152999999,5
2018-11-08,99014.39153,5
2018-11-09,99129.66152999998,5
2018-11-12,97894.47153,5
2018-11-13,98827.23152999998,5
2018-11-14,99148.61153,5
2018-11-15,99504.41152999997,5
2018-11-16,100711.21153,5
2018-11-19,99951.16153,5
2018-11-20,99285.31152999998,5
2018-11-21,98816.17152999998,5
2018-11-23,98187.94152999998,5
2018-11-26,98900.44153,5
2018-11-27,97922.54854009999,4
2018-11-28,96718.8685401,4
2018-11-29,96449.09854009999,4
2018-11-30,97120.14617009998,4
2018-12-03,97450.50617009998,4
2018-12-04,95705.75617009998,4
2018-12-06,95127.80617009998,4
2018-12-07,93935.75378009997,5
2018-12-10,94071.03378009998,5
2018-12-11,94278.09702009997,5
2018-12-12,93715.26702009999,5
2018-12-13,93621.24702009998,5
2018-12-14,92199.35702009997,5
2018-12-17,89667.92919009998,5
2018-12-18,89604.8791901,5
2018-12-19,87934.24605009999,6
2018-12-20,86590.5360501,6
2018-12-21,84926.7560501,6
2018-12-24,82519.71215009998,7
2018-12-26,84605.94791209999,6
2018-12-27,82162.70020809998,1
2018-12-28,82955.15806809996,3
2018-12-31,83389.12806809996,3
2019-01-02,82789.30243809997,3
2019-01-03,81734.73243809998,3
2019-01-04,82360.85975809998,2
2019-01-07,83470.45391809999,3
2019-01-08,82786.41375809998,5
2019-01-09,83149.94101809998,7
2019-01-10,83506.57101809997,7
2019-01-11,84031.19101809997,7
2019-01-14,83437.4710181,7
2019-01-15,83995.39101809997,7
2019-01-16,84293.21385809997,7
2019-01-17,84977.94385809998,7
2019-01-18,86005.59385809998,7
2019-01-22,85008.08385809998,7
2019-01-23,85120.73385809998,7
2019-01-24,86088.77385809997,7
2019-01-25,87206.74385809997,7
2019-01-28,86759.62385809996,7
2019-01-29,86837.25385809997,7
2019-01-30,86934.02385809997,7
2019-01-31,87117.09385809998,7
2019-02-01,86996.10460809997,7
2019-02-04,87689.46460809998,7
2019-02-05,88311.12460809996,7
2019-02-06,88598.92460809996,7
2019-02-07,88230.90460809997,7
2019-02-08,88826.03460809997,7
2019-02-11,90244.09956809998,7
2019-02-12,90477.04349809997,7
2019-02-13,91311.46349809997,7
2019-02-14,91612.72441609997,7
2019-02-15,91795.68441609998,7
2019-02-19,92456.63241609998,7
2019-02-20,91391.74241609997,7
2019-02-21,91480.42241609999,7
2019-02-22,94080.29841609996,7
2019-02-25,93944.20041609998,7
2019-02-26,94252.18041609999,7
2019-02-27,95126.34041609998,7
2019-02-28,94913.38641609997,7
2019-03-01,94794.92988609996,7
2019-03-04,93712.83988609997,7
2019-03-05,93164.28588609998,7
2019-03-06,92145.47188609997,7
2019-03-07,91066.70788609998,7
2019-03-08,90875.19824609996,6
2019-03-11,92860.84824609997,6
2019-03-12,92395.56624609997,6
2019-03-13,93221.61755409997,5
2019-03-14,93441.53755409997,5
2019-03-15,92564.36755409998,5
2019-03-18,93621.20755409998,5
2019-03-19,93430.05906409997,5
2019-03-20,93488.32906409996,5
2019-03-21,94837.32906409996,5
2019-03-22,91597.10906409998,5
2019-03-25,91755.00239409997,5
2019-03-26,91909.81239409996,5
2019-03-27,91096.27239409996,4
2019-03-28,91990.60239409996,4
2019-03-29,93018.99239409996,4
2019-04-01,94035.57239409996,4
2019-04-02,93796.84239409996,4
2019-04-03,94960.78239409997,4
2019-04-04,93202.85239409996,4
2019-04-05,93562.35228409996,5
2019-04-08,94236.24228409996,5
2019-04-09,93928.31228409996,5
2019-04-10,95597.40228409995,5
2019-04-11,95494.32228409997,5
2019-04-12,95895.67228409997,5
2019-04-15,95490.41228409996,5
2019-04-16,95613.32228409997,5
2019-04-17,94644.11228409997,5
2019-04-18,94289.90228409997,5
2019-04-22,94783.87228409995,5
2019-04-23,97697.68228409997,5
2019-04-24,98022.67228409997,5
2019-04-25,98143.78228409997,5
2019-04-26,99406.74228409996,5
2019-04-29,99161.60228409996,5
2019-04-30,100079.98228409997,5
2019-05-01,102480.70228409997,5
2019-05-02,102221.23228409997,5
2019-05-03,104641.59228409997,5
2019-05-06,104111.20228409996,5
2019-05-07,102923.50228409996,5
2019-05-08,102729.81228409997,5
2019-05-09,102077.32228409997,5
2019-05-10,103312.10228409996,5
2019-05-13,99712.72228409997,5
2019-05-14,101838.50228409997,5
2019-05-15,102719.30095409995,5
2019-05-16,104364.18095409995,5
2019-05-17,103874.34779409996,5
2019-05-20,101417.94779409998,5
2019-05-21,102575.03779409996,5
2019-05-22,102542.89779409996,5
2019-05-23,100800.73779409997,5
2019-05-24,101500.88779409997,5
2019-05-28,101542.21779409997,5
2019-05-29,101733.99779409998,5
2019-05-30,102155.59320409998,5
2019-05-31,103090.05320409997,5
2019-06-03,100772.87174409996,6
2019-06-04,103614.59214409997,5
2019-06-05,105371.51214409998,5
2019-06-06,106239.12214409997,5
2019-06-07,108050.77214409996,5
2019-06-10,108481.97214409997,5
2019-06-11,108332.07263409995,5
2019-06-12,109351.80263409996,5
2019-06-13,108830.79263409995,5
2019-06-14,108730.96263409997,5
2019-06-17,108580.63263409998,5
2019-06-18,108847.04263409995,5
2019-06-19,110014.04263409995,5
2019-06-20,110494.68263409997,5
2019-06-21,109472.25263409995,5
2019-06-24,108936.40263409997,5
2019-06-25,107656.53263409997,5
2019-06-26,107244.84263409997,5
2019-06-27,108322.99263409997,5
2019-06-28,110236.95263409996,5
2019-07-01,111218.98263409996,5
2019-07-02,112543.03263409997,5
2019-07-03,114360.95182409996,5
2019-07-05,114797.07182409996,5
2019-07-08,114382.60182409995,5
2019-07-09,115564.71182409997,5
2019-07-10,115523.47182409995,5
2019-07-11,115944.98182409996,5
2019-07-12,116626.66182409995,5
2019-07-15,116415.10182409995,5
2019-07-16,115738.95182409996,5
2019-07-17,115862.48182409996,5
2019-07-18,117179.41182409995,5
2019-07-19,115926.31182409998,5
2019-07-22,116312.41182409995,5
2019-07-23,114401.55182409997,5
2019-07-24,114910.12182409997,5
2019-07-25,115122.65182409997,5
2019-07-26,113655.20182409996,5
2019-07-29,112446.36231409997,5
2019-07-30,113139.20507409997,5
2019-07-31,116701.47507409997,5
2019-08-01,117533.15507409998,5
2019-08-02,116322.58497409995,4
2019-08-05,110859.32497409996,4
2019-08-06,113768.99497409996,4
2019-08-07,115972.15997409997,4
2019-08-08,119774.97947409995,5
2019-08-09,119836.77837409996,5
2019-08-12,117728.94837409996,5
2019-08-13,120166.03837409997,5
2019-08-14,115916.77837409994,5
2019-08-15,116041.94837409997,5
2019-08-16,119960.14139409998,5
2019-08-19,122081.74139409997,5
2019-08-20,121684.49139409997,5
2019-08-21,122994.33139409995,5
2019-08-22,122387.25139409995,5
2019-08-23,120113.32139409996,5
2019-08-26,121141.54139409996,5
2019-08-27,120145.06139409996,5
2019-08-28,120801.10139409995,5
2019-08-29,121221.91139409995,5
2019-08-30,120043.70139409996,5
2019-09-03,119147.59139409996,5
2019-09-04,119888.18139409997,5
2019-09-05,120612.59159409997,5
2019-09-06,120763.39159409996,5
2019-09-09,115474.41159409995,5
2019-09-10,111212.03159409996,5
2019-09-11,112402.99159409995,5
2019-09-12,113594.63659409998,5
2019-09-13,112421.59659409997,5
2019-09-16,111403.46905409996,4
2019-09-17,111810.81376409996,4
2019-09-18,111540.73376409996,4
2019-09-19,109503.47376409997,4
2019-09-20,108607.63376409996,4
2019-09-23,109016.25376409997,4
2019-09-24,106579.75376409997,4
2019-09-25,108832.83972409996,5
2019-09-26,109193.49026409996,4
2019-09-27,107716.87026409997,4
2019-09-30,107550.82305409996,5
2019-10-01,106722.15129409995,4
2019-10-02,104227.25027409996,5
2019-10-03,104900.17527409997,5
2019-10-04,106723.54527409995,5
2019-10-07,106661.99663409995,5
2019-10-08,104324.02663409995,5
2019-10-09,105350.29058409994,5
2019-10-10,105936.17173409996,5
2019-10-11,106196.64173409996,5
2019-10-14,105863.37173409994,5
2019-10-15,106925.30173409995,5
2019-10-16,106458.77743409996,4
2019-10-17,106830.38743409995,4
2019-10-18,106502.99743409996,4
2019-10-21,106534.99743409996,4
2019-10-22,103566.26426409994,5
2019-10-23,102624.55426409996,5
2019-10-24,103449.15426409994,5
2019-10-25,104062.81426409994,5
2019-10-28,104719.09426409994,5
2019-10-29,105197.97975409996,6
2019-10-30,103464.20975409995,6
2019-10-31,101981.16903909996,5
2019-11-01,102659.36903909994,5
2019-11-04,102783.34903909995,5
2019-11-05,102121.10903909995,5
2019-11-06,104425.35903909995,5
2019-11-07,105337.14637909996,5
2019-11-08,106050.34637909994,5
2019-11-11,106146.84637909997,5
2019-11-12,105523.92637909995,5
2019-11-13,105783.42637909995,5
2019-11-14,105010.04141909996,5
2019-11-15,106180.48141909996,5
2019-11-18,106439.34141909995,5
2019-11-19,106197.03141909995,5
2019-11-20,105486.93141909994,5
2019-11-21,103444.66141909995,5
2019-11-22,103231.77141909994,5
2019-11-25,105145.81141909995,5
2019-11-26,105401.04141909996,5
2019-11-27,105775.45566909995,4
2019-11-29,105014.67566909995,4
2019-12-02,104200.20430909994,4
2019-12-03,104147.45430909995,4
2019-12-04,104503.15430909995,4
2019-12-05,104604.38430909994,4
2019-12-06,105078.53430909994,4
2019-12-09,104199.52430909994,4
2019-12-10,103234.37279909996,4
2019-12-11,103267.79279909996,4
2019-12-12,102364.90279909995,4
2019-12-13,103713.94279909995,4
2019-12-16,105017.31279909995,4
2019-12-17,105221.39279909995,4
2019-12-18,105265.10934909995,5
2019-12-19,106142.27934909996,5
2019-12-20,106879.04934909995,5
2019-12-23,106322.66934909995,5
2019-12-24,106966.39934909996,5
2019-12-26,107324.63934909995,5
2019-12-27,106749.37838909996,5
2019-12-30,105463.29338909996,5
2019-12-31,106052.00338909996,5
2020-01-02,109065.31338909996,5
2020-01-03,108011.66338909995,5
2020-01-06,108419.96338909997,5
2020-01-07,108533.39338909996,5
2020-01-08,109512.84338909997,5
2020-01-09,110697.65856909995,5
2020-01-10,110250.63856909995,5
2020-01-13,110337.31856909994,5
2020-01-14,109420.98856909995,5
2020-01-15,109678.97856909994,5
2020-01-16,110480.14856909994,5
2020-01-17,111802.66856909996,5
2020-01-21,112608.20856909994,5
2020-01-22,114019.01625909997,5
2020-01-23,115248.61625909996,5
2020-01-24,114975.96625909995,5
2020-01-27,110830.91625909996,5
2020-01-28,114263.70625909996,5
2020-01-29,115006.05625909998,5
2020-01-30,114095.07625909997,5
2020-01-31,112128.89881909995,5
2020-02-03,112887.36881909997,5
2020-02-04,117748.47881909997,5
2020-02-05,117035.22881909997,5
2020-02-06,117493.96881909997,5
2020-02-07,116340.04881909996,5
2020-02-10,117656.92881909997,5
2020-02-11,119128.54881909996,5
2020-02-12,120302.26881909996,5
2020-02-13,119449.97881909995,5
2020-02-14,119758.47881909995,5
2020-02-18,117912.49095909996,5
2020-02-19,127851.19095909997,5
2020-02-20,130082.41584909994,5
2020-02-21,127730.31000309995,5
2020-02-24,123174.16800309996,5
2020-02-25,119772.93000309994,5
2020-02-26,121020.85800309996,5
2020-02-27,116363.12800309995,5
2020-02-28,115894.98327309996,6
2020-03-02,121254.83927309996,6
2020-03-03,119350.84727309995,6
2020-03-04,124693.40268309995,7
2020-03-05,124160.66069309996,7
2020-03-06,120154.30297309997,8
2020-03-09,109931.71697309997,8
2020-03-10,112345.87190709997,9
2020-03-11,105748.13584709997,10
2020-03-12,96566.70584709996,10
2020-03-13,99666.57419709997,8
2020-03-16,96629.43338709997,6
2020-03-17,103025.68688709996,7
2020-03-18,101026.69688709997,7
2020-03-19,100162.17721709995,8
2020-03-20,96623.02946709996,6
2020-03-23,95260.04314709995,8
2020-03-24,97623.52189709996,7
2020-03-25,96203.04637709996,5
2020-03-26,98832.37549709996,7
2020-03-27,97920.93737709997,6
2020-03-30,99971.16845709995,10
2020-03-31,98758.53926709996,8
2020-04-01,96950.03784709994,12
2020-04-02,99026.80578709996,14
2020-04-03,97675.24770709996,14
2020-04-06,101247.43926109995,15
2020-04-07,99709.49594109996,14
2020-04-08,101825.59094109994,14
2020-04-09,101292.14304109995,15
2020-04-13,101617.38604109996,15
2020-04-14,105014.62606109995,15
2020-04-15,105303.63186109994,14
2020-04-16,108197.76886109995,14
2020-04-17,110851.64986109996,14
2020-04-20,111341.40781109995,14
2020-04-21,106935.96481109996,14
2020-04-22,109871.77881109997,14
2020-04-23,107988.67523109994,13
2020-04-24,109426.30923109995,13
2020-04-27,109796.62573109995,13
2020-04-28,108437.98773109997,13
2020-04-29,110334.99773109997,13
2020-04-30,110059.95873109996,13
2020-05-01,108320.66644109997,13
2020-05-04,110513.56644109996,13
2020-05-05,112868.68844109996,13
2020-05-06,113648.30472109996,12
2020-05-07,115484.26440109996,11
2020-05-08,118187.65732109996,11
2020-05-11,122689.11632109995,11
2020-05-12,118739.26532109996,11
2020-05-13,117609.49832109996,11
2020-05-14,118158.80632109995,11
2020-05-15,119290.71832109995,11
2020-05-18,121568.20432109995,11
2020-05-19,118717.68832109995,11
2020-05-20,119999.78132109996,11
2020-05-21,117761.39932109996,11
2020-05-22,118141.11307109997,12
2020-05-26,113353.26876109997,12
2020-05-27,110171.27476109996,12
2020-05-28,112352.27676109996,12
2020-05-29,116807.89678109996,11
2020-06-01,116881.73778109996,11
2020-06-02,116228.94678109996,11
2020-06-03,115893.42008109996,11
2020-06-04,113981.47008109998,11
2020-06-05,114395.81008109995,11
2020-06-08,115737.59408109996,11
2020-06-09,115075.46743109997,11
2020-06-10,117187.87071109997,10
2020-06-11,113085.14535109997,10
2020-06-12,114116.11535109994,10
2020-06-15,118288.76635109994,10
2020-06-16,119327.16587109996,11
2020-06-17,119322.14587109996,11
2020-06-18,120550.47887109994,11
2020-06-19,122505.73253109996,10
2020-06-22,122669.96453109995,10
2020-06-23,121994.41253109998,10
2020-06-24,120727.34253109996,10
2020-06-25,121304.00553109995,10
2020-06-26,117986.11129109997,10
2020-06-29,119019.04086109996,10
2020-06-30,121330.44191109996,10
2020-07-01,122733.28491109995,10
2020-07-02,122442.53491109998,10
2020-07-06,124798.70991109996,10
2020-07-07,125855.40559909993,9
2020-07-08,128575.06195909996,9
2020-07-09,129974.32195909995,9
2020-07-10,128437.43195909995,9
2020-07-13,122182.74195909995,9
2020-07-14,124208.50341909996,8
2020-07-15,124469.13341909995,8
2020-07-16,122323.91625909995,9
2020-07-17,125254.84910909996,8
2020-07-20,127680.04412909996,8
2020-07-21,126018.35507909997,8
2020-07-22,126903.15007909997,8
2020-07-23,121372.90229909995,8
2020-07-24,119766.83229909996,8
2020-07-27,123306.31229909995,8
2020-07-28,120783.58229909997,8
2020-07-29,122924.51939909997,8
2020-07-30,123634.09169909997,8
2020-07-31,126626.38169909996,8
2020-08-03,128067.34454909997,8
2020-08-04,132374.70454909996,8
2020-08-05,136128.06454909997,8
2020-08-06,135273.08454909996,8
2020-08-07,134818.46606909996,9
2020-08-10,131768.59606909996,9
2020-08-11,127390.71606909996,9
2020-08-12,131295.13606909997,9
2020-08-13,134837.23749909995,8
2020-08-14,133577.87749909997,8
2020-08-17,137210.65749909994,8
2020-08-18,137080.27749909996,8
2020-08-19,136771.52677909998,8
2020-08-20,137567.55163909998,9
2020-08-21,139031.27163909998,9
2020-08-24,138469.32163909997,9
2020-08-25,139824.80163909998,9
2020-08-26,139292.13383909996,8
2020-08-27,137588.65317909996,9
2020-08-28,139216.79495909996,8
2020-08-31,139629.42322909995,8
2020-09-01,143680.2532290999,8
2020-09-02,143394.88322909994,8
2020-09-03,133156.40822909994,8
2020-09-04,130856.37002909997,9
2020-09-08,124909.08502909994,9
2020-09-09,130237.25405919997,9
2020-09-10,128604.25229919997,9
2020-09-11,126455.44566919994,8
2020-09-14,130672.84566919996,8
2020-09-15,133927.25118919995,8
2020-09-16,130850.47118919996,8
2020-09-17,130253.16118919996,8
2020-09-18,128607.31118919997,8
2020-09-21,129579.87096919995,8
2020-09-22,131848.20724919994,8
2020-09-23,127581.06130919994,8
2020-09-24,125908.67130919994,8
2020-09-25,129624.07130919994,8
2020-09-28,134106.65558919992,9
2020-09-29,132212.49558919994,9
2020-09-30,134034.56558919992,9
2020-10-01,136982.5410691999,9
2020-10-02,136524.43106919996,9
2020-10-05,140583.11106919992,9
2020-10-06,138870.90106919993,9
2020-10-07,142826.9010691999,9
2020-10-08,141685.71106919993,9
2020-10-09,142650.4991891999,9
2020-10-12,142379.94918919995,9
2020-10-13,145082.43918919994,9
2020-10-14,144300.78918919992,9
2020-10-15,144166.64918919993,9
2020-10-16,143935.4891891999,9
2020-10-19,142785.26918919993,9
2020-10-20,142637.13918919992,9
2020-10-21,135870.9691891999,9
2020-10-22,137535.35918919992,9
2020-10-23,137420.82881919993,9
2020-10-26,134978.71881919994,9
2020-10-27,134253.69926919995,9
2020-10-28,129268.38350919992,9
2020-10-29,131314.59901919993,8
2020-10-30,126503.83651919995,8
2020-11-02,127242.02350919995,8
2020-11-03,128926.77350919993,8
2020-11-04,131451.34820919996,8
2020-11-05,136828.75356919997,7
2020-11-06,138227.49356919996,7
2020-11-09,126421.93356919993,7
2020-11-10,125218.09343419994,7
2020-11-11,129981.13343419995,7
2020-11-12,128070.02343419995,7
2020-11-13,128133.36343419993,7
2020-11-16,128144.38343419995,7
2020-11-17,128317.08343419993,7
2020-11-18,125813.45343419994,7
2020-11-19,129185.77343419993,7
2020-11-20,130258.50343419993,7
2020-11-23,131472.72673419994,8
2020-11-24,131667.44375419995,9
2020-11-25,134437.17375419993,9
2020-11-27,137155.48375419993,9
2020-11-30,140125.67375419996,9
2020-12-01,137871.44375419992,9
2020-12-02,137148.84375419992,9
2020-12-03,140507.38375419992,9
2020-12-04,141069.09375419994,9
2020-12-07,143270.78375419995,9
2020-12-08,146144.84375419994,9
2020-12-09,141141.51375419993,9
2020-12-10,144555.00484419992,9
2020-12-11,145022.03484419995,9
2020-12-14,145791.56484419992,9
2020-12-15,147676.82484419993,9
2020-12-16,147491.77636419993,8
2020-12-17,152339.50051419996,9
2020-12-18,154897.11051419997,9
2020-12-21,155010.03051419999,9
2020-12-22,157902.13051419996,9
2020-12-23,158229.13331419995,9
2020-12-24,158067.93331419994,9
2020-12-28,155142.19831419992,9
2020-12-29,153198.90331419994,9
2020-12-30,155155.02331419993,9
2020-12-31,154664.78331419994,9
2021-01-04,150408.18331419994,9
2021-01-05,154107.38331419995,9
2021-01-06,156140.01331419992,9
2021-01-07,160995.26331419992,9
2021-01-08,162711.28331419994,9
2021-01-11,163995.40331419994,9
2021-01-12,167365.89331419996,9
2021-01-13,165504.43331419994,9
2021-01-14,165492.16477419995,8
2021-01-15,161060.69477419998,8
2021-01-19,164663.69477419998,8
2021-01-20,166023.57477419998,8
2021-01-21,165502.73248419992,8
2021-01-22,167266.75248419994,8
2021-01-25,164812.84248419997,8
2021-01-26,161151.03248419997,8
2021-01-27,154531.04748419992,8
2021-01-28,159532.18248419993,8
2021-01-29,152684.14618419998,9
2021-02-01,154614.48688419996,10
2021-02-02,156973.30688419993,10
2021-02-03,157344.34688419997,10
2021-02-04,163321.25557619997,10
2021-02-05,166214.72642619992,10
2021-02-08,168982.58468619996,9
2021-02-09,167930.28468619997,9
2021-02-10,169042.86468619993,9
2021-02-11,169599.1943761999,9
2021-02-12,173295.36962619994,9
2021-02-16,173131.78462619995,9
2021-02-17,173854.80962619992,9
2021-02-18,171323.19462619995,9
2021-02-19,175046.40962619995,9
2021-02-22,176613.56962619993,9
2021-02-23,170930.82449619996,10
2021-02-24,172590.42464619994,9
2021-02-25,168419.72464619993,9
2021-02-26,171403.85464619996,9
2021-03-01,178950.20746619994,9
2021-03-02,177760.13384919995,9
2021-03-03,177502.63384919998,9
2021-03-04,174371.34384919994,9
2021-03-05,177733.22650919997,9
2021-03-08,182172.57650919998,9
2021-03-09,179096.14235919993,9
2021-03-10,183427.88815919994,9
2021-03-11,189244.08089919994,10
2021-03-12,193653.52270919995,10
2021-03-15,198079.93770919993,10
2021-03-16,195872.55770919996,10
2021-03-17,195251.3777092,10
2021-03-18,192948.59270919993,10
2021-03-19,196464.41770919997,10
2021-03-22,192017.15270919993,10
2021-03-23,182523.18370919998,10
2021-03-24,169264.68370919995,10
2021-03-25,167457.73780919996,10
2021-03-26,155323.76670919993,11
2021-03-29,150456.97670919995,11
2021-03-30,154928.59670919998,11
2021-03-31,154993.54201919996,10
2021-04-01,158322.05201919997,10
2021-04-05,157530.83832919996,10
2021-04-06,156856.53570919996,10
2021-04-07,156718.37044919995,10
2021-04-08,158731.67724919997,9
2021-04-09,159791.91296919997,9
2021-04-12,160393.20296919995,9
2021-04-13,158686.09296919996,9
2021-04-14,157975.89296919998,9
2021-04-15,159914.14541919995,8
2021-04-16,158841.00541919997,8
2021-04-19,156372.19541919994,8
2021-04-20,153337.91541919997,8
2021-04-21,156993.10541919994,8
2021-04-22,155868.48541919995,8
2021-04-23,159467.31097919994,8
2021-04-26,158523.06911919996,8
2021-04-27,161679.19911919997,8
2021-04-28,162272.63911919994,8
2021-04-29,161985.87911919996,8
2021-04-30,159159.96911919996,8
2021-05-03,161654.42911919995,8
2021-05-04,160314.2191192,8
2021-05-05,162589.03911919997,8
2021-05-06,163773.85159919996,7
2021-05-07,167370.27056919993,6
2021-05-10,165954.58056919993,6
2021-05-11,160832.87056919993,6
2021-05-12,151808.14056919992,6
2021-05-13,154857.65056919996,6
2021-05-14,160789.14222919996,7
2021-05-17,160361.91294919996,7
2021-05-18,158340.82163919994,7
2021-05-19,154048.34615919995,7
2021-05-20,151123.2361591999,7
2021-05-21,153203.40622919996,6
2021-05-24,154100.62491919997,5
2021-05-25,151853.76208919997,4
2021-05-26,152860.26208919994,4
2021-05-27,153950.66208919996,4
2021-05-28,154805.56548919997,5
2021-06-01,156332.47548919998,5
2021-06-02,155594.52548919996,5
2021-06-03,155626.53548919997,5
2021-06-04,156092.55548919996,5
2021-06-07,155397.04548919998,5
2021-06-08,155544.63548919998,5
2021-06-09,154227.25548919995,5
2021-06-10,153832.96548919994,5
2021-06-11,155889.78548919997,5
2021-06-14,154377.51548919996,5
2021-06-15,155853.3054892,5
2021-06-16,155412.75038919997,5
2021-06-17,149982.47038919997,5
2021-06-18,146855.29038919997,5
2021-06-21,150952.69038919997,5
2021-06-22,151602.64038919998,5
2021-06-23,151034.7366592,5
2021-06-24,152803.72665919998,5
2021-06-25,153755.50665919998,5
2021-06-28,152570.91665919998,5
2021-06-29,151983.17513919997,4
2021-06-30,150564.67715919996,4
2021-07-01,151297.89068920002,4
2021-07-02,152809.0806892,4
2021-07-06,153450.9906892,4
2021-07-07,153607.0206892,4
2021-07-08,151500.86068920002,4
2021-07-09,154412.8306892,4
2021-07-12,156617.6606892,4
2021-07-13,155500.8506892,4
2021-07-14,155755.1506892,4
2021-07-15,155203.5306892,4
2021-07-16,153866.8906892,4
2021-07-19,152721.3406892,4
2021-07-20,157886.46822920002,5
2021-07-21,159850.89822920001,5
2021-07-22,160694.21833919996,4
2021-07-23,163740.80833919998,4
2021-07-26,162805.17833919998,4
2021-07-27,162567.10833919997,4
2021-07-28,163101.6283392,4
2021-07-29,163757.0283392,4
2021-07-30,164424.65833919996,4
2021-08-02,165875.74833919998,4
2021-08-03,174901.51587920001,3
2021-08-04,173747.4658792,4
2021-08-05,173513.2558792,4
2021-08-06,175818.1658792,4
2021-08-09,175192.6958792,4
2021-08-10,175152.9658792,4
2021-08-11,175796.31587919997,4
2021-08-12,178859.0758792,4
2021-08-13,179791.7758792,4
2021-08-16,180668.1258792,4
2021-08-17,177220.3758792,4
2021-08-18,174701.6858792,4
2021-08-19,174401.54587919998,4
2021-08-20,175583.1658792,4
2021-08-23,177155.6558792,4
2021-08-24,176674.5358792,4
2021-08-25,177743.12237919998,3
2021-08-26,177264.6511092,4
2021-08-27,179344.57110919998,4
2021-08-30,179733.4811092,4
2021-08-31,178948.69110919995,4
2021-09-01,178174.74110919997,4
2021-09-02,179514.14110919996,4
2021-09-03,181482.14110919996,4
2021-09-07,178957.52919919998,3
2021-09-08,178543.3691992,3
2021-09-09,180079.41039919996,4
2021-09-10,179371.88039920002,4
2021-09-13,174594.26039919996,4
2021-09-14,176102.38039919996,4
2021-09-15,177805.7703992,4
2021-09-16,178509.71039919998,4
2021-09-17,175123.13259919998,4
2021-09-20,171545.94259919997,4
2021-09-21,172930.32259919998,4
2021-09-22,174929.2725992,4
2021-09-23,177982.25259919997,4
2021-09-24,176484.4725992,4
2021-09-27,171658.0610992,5
2021-09-28,163575.99883919995,5
2021-09-29,164175.11883919997,5
2021-09-30,160867.4934092,6
2021-10-01,163282.59420919998,6
2021-10-04,160931.63420919998,6
2021-10-05,162247.7442092,6
2021-10-06,162456.00420919998,6
2021-10-07,164109.0942092,6
2021-10-08,164205.8042092,6
2021-10-11,163221.62420919997,6
2021-10-12,163276.9542092,6
2021-10-13,163112.0342092,6
2021-10-14,165929.14420919996,6
2021-10-15,166818.51420919996,6
2021-10-18,171831.3742092,6
2021-10-19,170427.27420919997,6
2021-10-20,171916.4842092,6
2021-10-21,170491.69420919998,6
2021-10-22,174138.0842092,6
2021-10-25,174884.5642092,6
2021-10-26,175535.0742092,6
2021-10-27,171999.79420920002,6
2021-10-28,174118.99420919997,6
2021-10-29,175806.4942092,6
2021-11-01,178044.47420919998,6
2021-11-02,176579.0542092,6
2021-11-03,174238.61420919996,6
2021-11-04,172998.1042092,6
2021-11-05,173702.9442092,6
2021-11-08,173539.19778919994,6
2021-11-09,174122.73778919998,6
2021-11-10,170950.73778919998,6
2021-11-11,172537.04778919998,6
2021-11-12,172435.44778919997,6
2021-11-15,172975.21778919996,6
2021-11-16,174761.38778919997,6
2021-11-17,171948.90778919996,6
2021-11-18,177693.17778919998,6
2021-11-19,174050.9677892,6
2021-11-22,173046.6245892,7
2021-11-23,172966.80458919998,7
2021-11-24,173557.2045892,7
2021-11-26,167940.80458919998,7
2021-11-29,170340.50458919996,7
2021-11-30,164934.05914919998,6
2021-12-01,159231.95569919999,7
2021-12-02,162822.09569919994,7
2021-12-03,158947.6769092,6
2021-12-06,159799.61690919998,6
2021-12-07,164703.44959919996,7
2021-12-08,164593.96959919995,7
2021-12-09,162806.68959919998,7
2021-12-10,163346.69959919996,7
2021-12-13,160861.0495992,7
2021-12-14,159508.8895992,7
2021-12-15,161672.99959919997,7
2021-12-16,158877.84519919998,7
2021-12-17,158348.49519919994,7
2021-12-20,157095.39519919993,7
2021-12-21,158149.08467919996,6
2021-12-22,159446.60467919998,6
2021-12-23,159430.40467919997,6
2021-12-27,162446.73458919994,6
2021-12-28,160794.55458919992,6
2021-12-29,161539.04458919994,6
2021-12-30,160577.57458919994,6
2021-12-31,160760.00458919993,6
2022-01-03,158442.34458919993,6
2022-01-04,155839.98458919994,6
2022-01-05,151282.64458919995,6
2022-01-06,151310.42458919992,6
2022-01-07,148635.58458919995,6
2022-01-10,149136.91458919994,6
2022-01-11,151330.45310919997,6
2022-01-12,151479.39310919994,6
2022-01-13,148620.97310919996,6
2022-01-14,150778.96310919995,6
2022-01-18,148217.82686919993,5
2022-01-19,143492.43172919995,6
2022-01-20,140950.12172919995,6
2022-01-21,138284.01172919996,6
2022-01-24,138694.31172919995,6
2022-01-25,139502.04908919995,6
2022-01-26,139250.23908919995,6
2022-01-27,140521.30392919996,6
2022-01-28,141503.50392919994,6
2022-01-31,141162.95600919996,6
2022-02-01,143764.4060091999,6
2022-02-02,142860.53004919994,6
2022-02-03,143719.85786919994,6
2022-02-04,145342.71786919996,6
2022-02-07,145730.39334919993,6
2022-02-08,145972.80334919994,6
2022-02-09,147168.98334919993,6
2022-02-10,146122.87334919994,6
2022-02-11,145456.24334919997,6
2022-02-14,143904.76334919993,6
2022-02-15,144410.39334919993,6
2022-02-16,145580.22334919995,6
2022-02-17,143794.62334919994,6
2022-02-18,143523.79334919993,6
2022-02-22,141623.83334919994,6
2022-02-23,140912.25334919995,6
2022-02-24,140567.73580919998,5
2022-02-25,143185.11164919994,5
2022-02-28,143912.84066919994,6
2022-03-01,142256.08066919996,6
2022-03-02,144402.73066919993,6
2022-03-03,143881.82516919996,6
2022-03-04,145024.79516919993,6
2022-03-07,145284.89516919994,6
2022-03-08,144620.54516919996,6
2022-03-09,144348.81516919995,6
2022-03-10,146719.93684919996,7
2022-03-11,144377.11684919996,7
2022-03-14,141421.31684919997,7
2022-03-15,140936.30684919996,7
2022-03-16,140651.43684919996,7
2022-03-17,145377.30684919996,7
2022-03-18,145327.62684919997,7
2022-03-21,149156.51684919995,7
2022-03-22,148599.21684919993,7
2022-03-23,149880.71684919996,7
2022-03-24,150316.36684919999,7
2022-03-25,154292.96202919993,7
2022-03-28,151877.98491919995,6
2022-03-29,151351.16727919996,5
2022-03-30,151740.73727919997,5
2022-03-31,150857.46727919995,5
2022-04-01,151546.62727919995,5
2022-04-04,151028.96727919995,5
2022-04-05,151071.78727919998,5
2022-04-06,152947.89727919997,5
2022-04-07,155542.74727919998,5
2022-04-08,158671.3272792,5
2022-04-11,156359.92727919997,5
2022-04-12,156055.29727919996,5
2022-04-13,155472.11727919997,5
2022-04-14,156216.12727919998,5
2022-04-18,156843.75727919996,5
2022-04-19,154460.28263919996,5
2022-04-20,155831.46263919992,5
2022-04-21,154984.62263919992,5
2022-04-22,150383.03263919993,5
2022-04-25,150056.40263919995,5
2022-04-26,148531.53129919994,5
2022-04-27,148955.26129919992,5
2022-04-28,150842.93283919996,6
2022-04-29,149088.31283919996,6
2022-05-02,147348.62283919996,6
2022-05-03,150418.14626919993,6
2022-05-04,151464.54233919992,5
2022-05-05,151885.80062919995,5
2022-05-06,150905.74757919993,6
2022-05-09,145640.88757919992,6
2022-05-10,144577.16640919994,7
2022-05-11,144132.55640919993,7
2022-05-12,143804.74640919993,7
2022-05-13,147971.90559919993,8
2022-05-16,148668.46684919993,7
2022-05-17,150688.30416919995,8
2022-05-18,145966.24416919993,8
2022-05-19,143596.44416919994,8
2022-05-20,143602.72416919997,8
2022-05-23,144920.69416919994,8
2022-05-24,144580.50416919994,8
2022-05-25,147870.18456919995,8
2022-05-26,148554.14838919992,8
2022-05-27,150614.10838919994,8
2022-05-31,149985.60838919994,8
2022-06-01,150030.34838919993,8
2022-06-02,149142.54947919992,7
2022-06-03,149649.72329919992,7
2022-06-06,150270.42329919993,7
2022-06-07,152172.7132991999,7
2022-06-08,150430.73329919993,7
2022-06-09,148393.73329919993,7
2022-06-10,145198.42017919992,7
2022-06-13,140058.34466919993,7
2022-06-14,139352.54466919994,7
2022-06-15,137760.1746691999,7
2022-06-16,132190.53466919993,7
2022-06-17,128630.56466919993,7
2022-06-21,131944.33592919994,7
2022-06-22,129417.82421919992,6
2022-06-23,128600.06055919989,6
2022-06-24,131986.2105591999,6
2022-06-27,132356.5508811999,5
2022-06-28,130794.7708811999,5
2022-06-29,129341.1408811999,5
2022-06-30,130047.6808811999,5
2022-07-01,130854.10088119992,5
2022-07-05,128963.2008811999,5
2022-07-06,129638.72088119992,5
2022-07-07,129849.61088119991,5
2022-07-08,129806.98088119992,5
2022-07-11,129338.05088119992,5
2022-07-12,127446.3308811999,5
2022-07-13,127190.37088119991,5
2022-07-14,124219.9608811999,5
2022-07-15,125297.20088119993,5
2022-07-18,124191.8349311999,6
2022-07-19,126227.20493119991,6
2022-07-20,125329.4149311999,6
2022-07-21,125673.38493119992,6
2022-07-22,125339.5298811999,6
2022-07-25,126819.74988119991,6
2022-07-26,127450.97988119989,6
2022-07-27,129050.0998811999,6
2022-07-28,129667.09988119989,6
2022-07-29,130339.27988119991,6
2022-08-01,128776.8598811999,6
2022-08-02,129148.14393119991,6
2022-08-03,128358.07393119989,6
2022-08-04,127166.4739311999,6
2022-08-05,127530.7039311999,6
2022-08-08,127903.37677119991,6
2022-08-09,128641.2367711999,6
2022-08-10,133256.61677119992,6
2022-08-11,132662.87677119992,6
2022-08-12,135003.8815791999,6
2022-08-15,135722.29757919992,6
2022-08-16,136017.7215791999,6
2022-08-17,135630.86557919992,6
2022-08-18,135887.1135791999,6
2022-08-19,135427.5215791999,6
2022-08-22,134240.0795791999,6
2022-08-23,133849.90757919993,6
2022-08-24,134316.3855791999,6
2022-08-25,135079.28757919988,6
2022-08-26,131521.4695791999,6
2022-08-29,131594.1641811999,6
2022-08-30,130349.70418119991,6
2022-08-31,130406.60418119992,6
2022-09-01,130115.34418119992,6
2022-09-02,129533.7341811999,6
2022-09-06,128775.67271119989,6
2022-09-07,131679.37271119992,6
2022-09-08,132261.6727111999,6
2022-09-09,130575.78511119989,5
2022-09-12,130533.7151111999,5
2022-09-13,127955.0184511999,6
2022-09-14,128509.72845119989,6
2022-09-15,127652.6182911999,6
2022-09-16,127823.3282911999,6
2022-09-19,129012.3282911999,6
2022-09-20,127199.75269119992,6
2022-09-21,126279.23269119991,6
2022-09-22,124864.48623519989,6
2022-09-23,122796.40223519989,6
2022-09-26,121339.65023519991,6
2022-09-27,123507.7142351999,6
2022-09-28,125417.38893519991,6
2022-09-29,124513.7069351999,6
2022-09-30,123875.40893519991,6
2022-10-03,127290.3689351999,6
2022-10-04,128685.48121919992,6
2022-10-05,127742.5312191999,6
2022-10-06,126525.07277919991,6
2022-10-07,125803.37379919991,7
2022-10-10,125399.7437991999,7
2022-10-11,125607.09379919991,7
2022-10-12,124249.60379919989,7
2022-10-13,127107.47379919991,7
2022-10-14,125100.2137991999,7
2022-10-17,125159.09379919991,7
2022-10-18,125551.31379919991,7
2022-10-19,125686.4684191999,7
2022-10-20,125811.31841919993,7
2022-10-21,128983.64841919992,7
2022-10-24,131744.1884191999,7
2022-10-25,132445.30841919992,7
2022-10-26,133034.2530591999,7
2022-10-27,131847.9610591999,6
2022-10-28,133679.98105919993,6
2022-10-31,134142.5210591999,6
2022-11-01,134600.8810591999,6
2022-11-02,131848.4610591999,6
2022-11-03,134731.5110191999,7
2022-11-04,134694.43101919992,7
2022-11-07,134818.39101919992,7
2022-11-08,135315.7310191999,7
2022-11-09,132977.8613891999,7
2022-11-10,135853.2013891999,7
2022-11-11,132954.0513891999,7
2022-11-14,133508.87138919992,7
2022-11-15,134216.6413891999,7
2022-11-16,133610.1113891999,7
2022-11-17,134795.3513891999,7
2022-11-18,135582.9413891999,7
2022-11-21,134136.59138919992,7
2022-11-22,136341.6213891999,7
2022-11-23,136295.18138919992,7
2022-11-25,136195.1613891999,7
2022-11-28,134486.87138919992,7
2022-11-29,134862.21138919992,7
2022-11-30,137914.7890451999,7
2022-12-01,137154.7867251999,6
2022-12-02,135830.23072519992,6
2022-12-05,134601.6567251999,6
2022-12-06,134239.5187251999,6
2022-12-07,133036.6746511999,5
2022-12-08,133214.7746511999,5
2022-12-09,131702.1546511999,5
2022-12-12,131653.1846511999,5
2022-12-13,132093.2298711999,6
2022-12-14,132062.23395119992,5
2022-12-15,131416.91461119993,5
2022-12-16,130928.09461119991,5
2022-12-19,130945.0787111999,5
2022-12-20,131064.22871119989,5
2022-12-21,132722.72871119992,5
2022-12-22,132207.5987111999,5
2022-12-23,132024.45871119993,5
2022-12-27,131914.96831119992,5
2022-12-28,128686.0663111999,5
2022-12-29,128303.43431119989,5
2022-12-30,128162.7863111999,5
2023-01-03,127737.54007119991,5
2023-01-04,128320.97009119992,4
2023-01-05,129252.74577119992,5
2023-01-06,132069.1677711999,5
2023-01-09,129849.12177119992,5
2023-01-10,129422.3717711999,5
2023-01-11,128606.64377119993,5
2023-01-12,130215.75577119991,5
2023-01-13,130488.39314119991,5
2023-01-17,130908.03314119992,5
2023-01-18,127798.94514119992,5
2023-01-19,127016.81714119992,5
2023-01-20,128173.29314119992,5
2023-01-23,128452.9491411999,5
2023-01-24,128315.92383819992,5
2023-01-25,129010.91883819993,5
2023-01-26,129624.4888381999,5
2023-01-27,128956.54883819992,5
2023-01-30,128440.95883819992,5
2023-01-31,130276.21883819991,5
2023-02-01,130291.32883819993,5
2023-02-02,125874.50883819991,5
2023-02-03,126126.46883819991,5
2023-02-06,125081.54113819994,6
2023-02-07,126678.83113819992,6
2023-02-08,126481.89113819992,6
2023-02-09,125962.27113819993,6
2023-02-10,127786.68517319995,6
2023-02-13,130501.16317319995,6
2023-02-14,131236.67317319993,6
2023-02-15,131733.09917319994,6
2023-02-16,131706.2131731999,6
2023-02-17,130229.88317319992,6
2023-02-21,129029.56717319992,6
2023-02-22,127940.79717319994,6
2023-02-23,130883.28517319993,6
2023-02-24,133131.87303319992,5
2023-02-27,134464.0050331999,5
2023-02-28,133507.61103319994,5
2023-03-01,134637.76503319992,5
2023-03-02,134564.75103319992,5
2023-03-03,135003.43903319992,5
2023-03-06,135452.02590319992,6
2023-03-07,134989.25390319992,6
2023-03-08,135448.91874319993,6
2023-03-09,132822.47674319992,6
2023-03-10,129839.20674319993,6
2023-03-13,126932.95274319993,6
2023-03-14,130739.56653319992,6
2023-03-15,127336.27053319992,6
2023-03-16,130725.67453319993,6
2023-03-17,127831.91053319993,6
2023-03-20,130365.91953319992,6
2023-03-21,133525.27353319994,6
2023-03-22,130549.07763119992,6
2023-03-23,132376.94763119993,6
2023-03-24,132097.94820119994,6
2023-03-27,131555.84820119993,6
2023-03-28,130611.81820119992,6
2023-03-29,131843.06820119993,6
2023-03-30,132256.3582011999,6
2023-03-31,134163.27657119994,6
2023-04-03,134986.73657119993,6
2023-04-04,134350.94657119992,6
2023-04-05,129754.46657119993,6
2023-04-06,129091.48657119993,6
2023-04-10,130787.91657119992,6
2023-04-11,130015.61657119992,6
2023-04-12,130200.34137119993,6
2023-04-13,131412.00137119996,6
2023-04-14,130894.57137119994,6
2023-04-17,131488.42137119995,6
2023-04-18,132478.35137119994,6
2023-04-19,131702.84137119993,6
2023-04-20,131187.22137119994,6
2023-04-21,130765.02137119992,6
2023-04-24,130720.51704119993,4
2023-04-25,127954.83535119993,5
2023-04-26,127970.54535119992,5
2023-04-27,129343.21535119992,5
2023-04-28,130282.46535119992,5
2023-05-01,131402.66301119994,5
2023-05-02,130920.36301119992,5
2023-05-03,130894.39301119992,5
2023-05-04,130121.25301119994,5
2023-05-05,132160.82301119991,5
2023-05-08,132430.6630111999,5
2023-05-09,130739.55301119993,5
2023-05-10,130691.46301119993,5
2023-05-11,131524.41814119992,5
2023-05-12,131600.90814119994,5
2023-05-15,130864.86814119993,5
2023-05-16,130697.01814119992,5
2023-05-17,130921.54544119994,5
2023-05-18,132887.9454411999,5
2023-05-19,133334.45544119994,5
2023-05-22,130979.60544119994,5
2023-05-23,129332.96544119992,5
2023-05-24,128657.09544119993,5
2023-05-25,133860.5154411999,5
2023-05-26,134064.93544119992,5
2023-05-30,134948.79544119994,5
2023-05-31,132266.70928119993,6
2023-06-01,134333.76914119994,6
2023-06-02,133626.50914119993,6
2023-06-05,134051.88914119994,6
2023-06-06,135014.5991411999,6
2023-06-07,132817.01914119994,6
2023-06-08,135886.0491411999,6
2023-06-09,137697.66914119996,6
2023-06-12,140546.6091411999,6
2023-06-13,140308.67914119991,6
2023-06-14,144011.67914119991,6
2023-06-15,144810.64914119995,6
2023-06-16,142932.93914119992,6
2023-06-20,142268.67914119991,6
2023-06-21,140811.50914119993,6
2023-06-22,140749.6091411999,6
2023-06-23,139031.58914119995,6
2023-06-26,136974.99489119992,5
2023-06-27,139282.27489119992,5
2023-06-28,138572.36489119992,5
2023-06-29,139454.13599119993,5
2023-06-30,141229.9859911999,5
2023-07-03,140539.8259911999,5
2023-07-05,140349.63599119993,5
2023-07-06,139705.97599119993,5
2023-07-07,139414.55599119992,5
2023-07-10,139282.01224119993,5
2023-07-11,139199.10224119993,5
2023-07-12,137518.48224119993,5
2023-07-13,138178.8812111999,6
2023-07-14,138762.43121119996,6
2023-07-17,140428.39121119992,6
2023-07-18,142317.8812111999,6
2023-07-19,142110.95352119993,6
2023-07-20,140717.74352119994,6
2023-07-21,139652.59352119992,6
2023-07-24,139944.11352119994,6
2023-07-25,141380.62352119992,6
2023-07-26,140096.89064119992,6
2023-07-27,139438.89697119992,6
2023-07-28,141823.39697119995,6
2023-07-31,143859.96697119993,6
2023-08-01,144490.96697119993,6
2023-08-02,140064.11607119994,6
2023-08-03,138781.76659119996,6
2023-08-04,137159.8265911999,6
2023-08-07,137990.74659119995,6
2023-08-08,135557.96659119992,6
2023-08-09,131096.52872119992,6
2023-08-10,130904.42566119996,6
2023-08-11,128454.19925119994,6
2023-08-14,130976.95925119994,6
2023-08-15,129815.49040119995,6
2023-08-16,129057.69040119993,6
2023-08-17,127853.87040119994,6
2023-08-18,128494.90615119993,5
2023-08-21,130064.87723119993,5
2023-08-22,128532.26407119994,5
2023-08-23,128974.31407119994,5
2023-08-24,128330.94407119993,5
2023-08-25,129535.28407119995,5
2023-08-28,129746.52407119995,5
2023-08-29,128832.29407119997,5
2023-08-30,128324.85407119994,5
2023-08-31,128744.78407119993,5
2023-09-01,129711.77407119995,5
2023-09-05,128916.04407119995,5
2023-09-06,129515.51415119995,5
2023-09-07,130541.59415119994,5
2023-09-08,131304.35415119995,5
2023-09-11,131939.70415119993,5
2023-09-12,131523.94415119995,5
2023-09-13,130734.15415119997,5
2023-09-14,130414.68415119995,5
2023-09-15,128547.78415119996,5
2023-09-18,128553.47415119996,5
2023-09-19,129516.04771119995,6
2023-09-20,128495.27771119992,6
2023-09-21,126830.80771119993,6
2023-09-22,127762.19706119996,5
2023-09-25,128628.08706119994,5
2023-09-26,127006.84706119992,5
2023-09-27,127256.69706119996,5
2023-09-28,127312.03706119992,5
2023-09-29,125973.00706119993,5
2023-10-02,125575.91422119996,5
2023-10-03,124382.02422119994,5
2023-10-04,124889.71422119995,5
2023-10-05,124530.14422119997,5
2023-10-06,125457.63422119996,5
2023-10-09,125966.48105119995,5
2023-10-10,127623.24105119995,5
2023-10-11,128270.89105119996,5
2023-10-12,126848.00105119994,5
2023-10-13,125495.28105119994,5
2023-10-16,125947.51714119995,5
2023-10-17,125743.49714119994,5
2023-10-18,122752.88714119996,5
2023-10-19,120809.14714119997,5
2023-10-20,118462.46714119994,5
2023-10-23,118734.28210119993,6
2023-10-24,119852.43210119996,6
2023-10-25,117290.13210119994,6
2023-10-26,114870.23243119995,6
2023-10-27,115658.79913119994,6
2023-10-30,115533.44137119994,6
2023-10-31,115849.40137119993,6
2023-11-01,117313.64137119992,6
2023-11-02,118996.95545119993,6
2023-11-03,120504.13545119992,6
2023-11-06,120566.47545119995,6
2023-11-07,119645.69545119992,6
2023-11-08,120235.46099119991,6
2023-11-09,120413.58099119992,6
2023-11-10,122310.51099119992,6
2023-11-13,122506.34099119992,6
2023-11-14,123649.9509911999,6
2023-11-15,123653.97099119991,6
2023-11-16,122819.89099119994,6
2023-11-17,128221.4609911999,6
2023-11-20,129646.1609911999,6
2023-11-21,129066.22099119991,6
2023-11-22,129593.11099119991,6
2023-11-24,129429.4309911999,6
2023-11-27,129465.4309911999,6
2023-11-28,129827.19099119991,6
2023-11-29,130614.31099119992,6
2023-11-30,131056.6209911999,6
2023-12-01,131669.08385119995,6
2023-12-04,130584.96385119992,6
2023-12-05,130399.71385119992,6
2023-12-06,128073.7738511999,6
2023-12-07,128960.62385119991,6
2023-12-08,130932.45385119993,6
2023-12-11,130885.49195119992,6
2023-12-12,130643.38195119993,6
2023-12-13,131934.67295119993,5
2023-12-14,130258.31295119991,5
2023-12-15,130197.36295119992,5
2023-12-18,130857.46295119994,5
2023-12-19,132753.27295119994,5
2023-12-20,131394.21295119994,5
2023-12-21,133242.59295119994,5
2023-12-22,133877.23295119993,5
2023-12-26,133385.60295119992,5
2023-12-27,135241.22317119993,5
2023-12-28,134994.96317119992,5
2023-12-29,133332.1631711999,5
2024-01-02,130038.68317119993,5
2024-01-03,128394.44317119992,5
2024-01-04,128592.88317119992,5
2024-01-05,129297.5831711999,5
2024-01-08,133201.00317119993,5
2024-01-09,133604.33317119992,5
2024-01-10,134907.4868011999,6
2024-01-11,134167.7949811999,6
2024-01-12,133160.5549811999,6
2024-01-16,135220.45498119993,6
2024-01-17,134611.51597619994,5
2024-01-18,135061.0642161999,6
2024-01-19,144785.98421619993,6
2024-01-22,144537.55421619993,6
2024-01-23,145933.39421619993,6
2024-01-24,149258.48421619993,6
2024-01-25,149060.24421619994,6
2024-01-26,148524.88421619992,6
2024-01-29,150669.64421619993,6
2024-01-30,151349.27421619993,6
2024-01-31,149344.72421619992,6
2024-02-01,154323.11421619993,6
2024-02-02,157215.39421619993,6
2024-02-05,161331.34421619994,6
2024-02-06,159425.41421619995,6
2024-02-07,162511.15421619994,6
2024-02-08,163497.62421619994,6
2024-02-09,167893.91421619995,6
2024-02-12,168714.22421619992,6
2024-02-13,168385.57421619995,6
2024-02-14,175591.0342161999,6
2024-02-15,178100.69421619995,6
2024-02-16,170711.80706619992,5
2024-02-20,167398.82706619994,5
2024-02-21,160153.99590619994,6
2024-02-22,179862.25590619995,6
2024-02-23,176092.87590619994,6
2024-02-26,180515.25590619992,6
2024-02-27,179197.01590619993,6
2024-02-28,178069.77590619994,6
2024-02-29,181775.85590619993,6
2024-03-01,196276.41590619992,6
2024-03-04,204900.25590619995,6
2024-03-05,202164.67590619993,6
2024-03-06,209200.25590619992,6
2024-03-07,215778.73654619994,6
2024-03-08,210879.33654619992,6
2024-03-11,205986.29654619988,6
2024-03-12,212482.89654619992,6
2024-03-13,211357.2350761999,6
2024-03-14,204720.28507619989,6
2024-03-15,202218.3450761999,6
2024-03-18,199778.24507619994,6
2024-03-19,196330.4350761999,6
2024-03-20,199838.67507619993,6
2024-03-21,205073.44507619992,6
2024-03-22,205226.4950761999,6
2024-03-25,210164.9050761999,6
2024-03-26,208375.33507619993,6
2024-03-27,204819.27507619993,6
2024-03-28,206764.84630619996,6
2024-04-01,207763.11630619993,6
2024-04-02,203611.5457461999,6
2024-04-03,202939.6652261999,6
2024-04-04,198459.1952261999,6
2024-04-05,200532.2249161999,5
2024-04-08,199482.8428361999,6
2024-04-09,197279.9528361999,6
2024-04-10,197349.16283619995,6
2024-04-11,200507.08765619993,6
2024-04-12,192236.1576561999,6
2024-04-15,190538.13765619992,6
2024-04-16,190804.80430619992,7
2024-04-17,186160.85430619994,7
2024-04-18,186725.45288619993,7
2024-04-19,185391.07593619995,7
2024-04-22,187546.80971619993,5
2024-04-23,188896.38971619992,5
2024-04-24,189002.0419161999,5
2024-04-25,188055.90191619992,5
2024-04-26,187985.5819161999,5
2024-04-29,188347.96191619989,5
2024-04-30,187166.0819161999,5
2024-05-01,188866.9619161999,5
2024-05-02,188890.56968619992,6
2024-05-03,189843.6596861999,6
2024-05-06,193636.35968619992,6
2024-05-07,192480.10968619992,6
2024-05-08,193920.34008619995,5
2024-05-09,194014.77008619995,5
2024-05-10,194793.26008619997,5
2024-05-13,192996.05212619994,6
2024-05-14,195223.03338619994,6
2024-05-15,200573.75338619994,6
2024-05-16,199201.98338619995,6
2024-05-17,199376.11338619993,6
2024-05-20,200919.69338619994,6
2024-05-21,202044.21338619993,6
2024-05-22,201334.77338619993,6
2024-05-23,202765.1233861999,6
2024-05-24,205834.16426619992,6
2024-05-28,206424.10426619992,6
2024-05-29,208253.48426619996,6
2024-05-30,206021.82426619995,6
2024-05-31,202302.57426619995,6
2024-06-03,202299.04426619993,6
2024-06-04,201603.76426619996,6
2024-06-05,201821.48809619993,6
2024-06-06,201372.04963619992,7
2024-06-07,200258.62963619994,7
2024-06-10,202530.01357619994,7
2024-06-11,200337.16357619996,7
2024-06-12,201905.50357619993,7
2024-06-13,202284.42357619997,7
2024-06-14,201179.86357619998,7
2024-06-17,203073.22357619996,7
2024-06-18,204219.96689619994,7
2024-06-20,201139.7068961999,7
2024-06-21,198232.49689619988,7
2024-06-24,196265.74689619994,7
2024-06-25,198572.83515619993,7
2024-06-26,198248.4796161999,7
2024-06-27,198277.00253619993,6
2024-06-28,197666.04935619992,6
2024-07-01,198778.31935619994,6
2024-07-02,199061.12935619993,6
2024-07-03,199847.9877561999,5
2024-07-05,200604.55567619996,5
2024-07-08,200635.27567619993,5
2024-07-09,202428.09567619994,5
2024-07-10,202052.05954619992,5
2024-07-11,200615.15954619995,5
2024-07-12,202450.08954619995,5
2024-07-15,202714.5412961999,5
2024-07-16,205206.16129619995,5
2024-07-17,198237.97129619995,5
2024-07-18,196451.1612961999,5
2024-07-19,195036.4312961999,5
2024-07-22,199902.46129619994,5
2024-07-23,200969.97129619995,5
2024-07-24,193457.38129619992,5
2024-07-25,196915.46087619994,5
2024-07-26,200082.88087619992,5
2024-07-29,199379.98087619996,5
2024-07-30,199432.7408761999,5
2024-07-31,204341.62087619992,5
2024-08-01,197857.51087619993,5
2024-08-02,189848.82901619995,6
2024-08-05,186493.29885619995,5
2024-08-06,198299.82923619996,6
2024-08-07,201975.0516561999,6
2024-08-08,202710.21165619994,6
2024-08-09,203262.7916561999,6
2024-08-12,200574.3616561999,6
2024-08-13,203918.5316561999,6
2024-08-14,208255.02165619988,6
2024-08-15,209658.00165619992,6
2024-08-16,211265.50165619992,6
2024-08-19,211422.2816561999,6
2024-08-20,211442.70165619993,6
2024-08-21,212246.84165619995,6
2024-08-22,211482.25165619992,6
2024-08-23,215069.2416561999,6
2024-08-26,214496.1716561999,6
2024-08-27,212704.63165619993,6
2024-08-28,212470.26165619993,6
2024-08-29,213018.0916561999,6
2024-08-30,215379.58165619994,6
2024-09-03,207623.20165619993,6
2024-09-04,209509.68165619991,6
2024-09-05,209245.82165619993,6
2024-09-06,206002.94165619992,6
2024-09-09,207252.52165619988,6
2024-09-10,204805.70165619993,6
2024-09-11,206162.06165619992,6
2024-09-12,209197.07850619993,6
2024-09-13,209292.1127261999,5
2024-09-16,210673.25272619992,5
2024-09-17,211344.50495619993,5
2024-09-18,212654.64495619992,5
2024-09-19,213106.03495619993,5
2024-09-20,213425.08495619992,5
2024-09-23,214715.58495619992,5
2024-09-24,213156.46951619996,5
2024-09-25,212603.27951619992,5
2024-09-26,210948.45951619995,5
2024-09-27,209204.27951619992,5
2024-09-30,210686.7095161999,5
2024-10-01,209824.47951619994,5
2024-10-02,208820.5569761999,5
2024-10-03,207021.31697619992,5
2024-10-04,207474.28697619995,5
2024-10-07,207152.23645619993,4
2024-10-08,209586.72645619992,4
2024-10-09,211699.5264561999,4
2024-10-10,211418.5064561999,4
2024-10-11,212737.4564561999,4
2024-10-14,215643.61645619993,4
2024-10-15,215474.70645619993,4
2024-10-16,217255.63645619992,4
2024-10-17,216508.8364561999,4
2024-10-18,213732.5964561999,4
2024-10-21,213812.7164561999,4
2024-10-22,212458.99733619991,3
2024-10-23,213099.78274619993,4
2024-10-24,214242.78842619987,4
2024-10-25,211795.3884261999,4
2024-10-28,212767.4443561999,4
2024-10-29,212205.24435619992,4
2024-10-30,211457.1643561999,4
2024-10-31,209636.5143561999,4
2024-11-01,210671.9943561999,4
2024-11-04,209765.7943561999,4
2024-11-05,212222.8943561999,4
2024-11-06,221334.5343561999,4
2024-11-07,218906.46790619992,4
2024-11-08,219728.66790619993,4
2024-11-11,225704.04790619994,4
2024-11-12,224684.66790619993,4
2024-11-13,222575.67703619995,5
2024-11-14,220508.90703619993,5
2024-11-15,221096.64703619992,5
2024-11-18,222250.85703619994,5
2024-11-19,223922.28703619994,5
2024-11-20,226018.4970361999,5
2024-11-21,227348.6270361999,5
2024-11-22,229880.29703619995,5
2024-11-25,229641.6770361999,5
2024-11-26,230440.65703619987,5
2024-11-27,228357.08703619987,5
2024-11-29,228543.32703619992,5
2024-12-02,224856.2970361999,5
2024-12-03,222919.1270361999,5
2024-12-04,223241.31390619988,4
2024-12-05,216363.8239061999,4
2024-12-06,218369.2839061999,4
2024-12-09,213621.8430761999,5
2024-12-10,210600.2730761999,5
2024-12-11,213707.77307619993,5
2024-12-12,214762.5930761999,5
2024-12-13,214772.45307619992,5
2024-12-16,217485.80793619988,6
2024-12-17,215338.9722961999,6
2024-12-18,207236.0722961999,6
2024-12-19,209590.7298461999,7
2024-12-20,214051.06984619988,7
2024-12-23,213837.97312619988,7
2024-12-24,216383.5131261999,7
2024-12-26,216370.33312619987,7
2024-12-27,212495.7731261999,7
2024-12-30,208357.0295261999,8
2024-12-31,206372.4795261999,8
2025-01-02,207030.0695261999,8
2025-01-03,208799.3667161999,7
2025-01-06,208229.1667161999,7
2025-01-07,202101.0799661999,7
2025-01-08,202337.1699661999,7
2025-01-10,195493.3599661999,7
2025-01-13,193525.14999619988,8
2025-01-14,194749.65500619993,7
2025-01-15,199852.62500619993,7
2025-01-16,200458.3850061999,7
2025-01-17,202655.3550061999,7
2025-01-21,207143.6050061999,7
2025-01-22,211953.0350061999,7
2025-01-23,211952.40500619996,7
2025-01-24,214602.41666619992,7
2025-01-27,196212.4066661999,7
2025-01-28,201160.82666619995,7
2025-01-29,203329.99666619994,7
2025-01-30,208417.0866661999,7
2025-01-31,208391.68666619988,7
2025-02-03,206688.81666619994,7
2025-02-04,208827.56666619994,7
2025-02-05,215116.0266661999,7
2025-02-06,215305.5266661999,7
2025-02-07,213811.35666619986,7
2025-02-10,213163.3466661999,7
2025-02-11,209369.0166661999,7
2025-02-12,212278.47666619992,7
2025-02-13,216154.22666619992,7
2025-02-14,217190.19543619992,7
2025-02-18,216896.07007619995,8
2025-02-19,213514.0600761999,8
2025-02-20,208589.13007619992,8
2025-02-21,200022.9100761999,8
2025-02-24,194894.69007619994,8
2025-02-25,188361.5300761999,8
2025-02-26,193691.7413561999,7
2025-02-27,190687.79782619994,6
2025-02-28,196601.12892619992,6
2025-03-03,194511.4401861999,5
2025-03-04,193456.1672461999,5
2025-03-05,194634.8272461999,5
2025-03-06,190469.6472461999,5
2025-03-07,192045.1272461999,5
2025-03-10,187398.4372461999,5
2025-03-11,183988.0372461999,5
2025-03-12,182442.22718619992,5
2025-03-13,180796.75718619992,5
2025-03-14,183616.1871861999,5
2025-03-17,184332.37192619988,5
2025-03-18,183469.33192619987,5
2025-03-19,182795.2619261999,5
2025-03-20,182236.93192619988,5
2025-03-21,181717.81192619988,5
2025-03-24,183642.9054261999,5
2025-03-25,184103.68688619987,5
2025-03-26,182642.27494619993,6
2025-03-27,182651.83479619992,6
2025-03-28,179813.36479619992,6
2025-03-31,181160.4751761999,6
2025-04-01,181940.2051761999,6
2025-04-02,182521.3851761999,6
2025-04-03,178766.1751761999,6
2025-04-04,166655.2851761999,6
2025-04-07,166592.7951761999,6
2025-04-08,165987.97517619992,6
2025-04-09,174898.84384119994,6
2025-04-10,170397.6524811999,5
2025-04-11,173014.5224811999,5
2025-04-14,174793.0724811999,5
2025-04-15,174803.69488119992,6
2025-04-16,173109.3248811999,6
2025-04-17,173556.8248811999,6
2025-04-21,170628.1048811999,6
2025-04-22,174508.5648811999,6
2025-04-23,175628.6565111999,6
2025-04-24,176507.99280119996,6
2025-04-25,180363.22280119994,6
2025-04-28,182471.3383911999,7
2025-04-29,183927.5583911999,7
2025-04-30,185219.7283911999,7
2025-05-01,183571.6283911999,7
2025-05-02,186752.2083911999,7
2025-05-05,187007.5883911999,7
2025-05-06,185190.81839119992,7
2025-05-07,187045.5183911999,7
2025-05-08,185733.0883911999,7
2025-05-09,184771.50839119992,7
2025-05-12,185581.92839119994,7
2025-05-13,187272.16839119993,7
2025-05-14,186619.1183911999,7
2025-05-15,188703.8083911999,7
2025-05-16,190545.19839119993,7
2025-05-19,191082.45483119992,7
2025-05-20,190577.35483119992,7
2025-05-21,189477.7248311999,7
2025-05-22,189140.1548311999,7
2025-05-23,188927.38483119992,7
2025-05-27,188218.13483119995,7
2025-05-28,189711.02212119993,6
2025-05-29,189607.3321211999,6
2025-05-30,191062.60608119992,7
2025-06-02,192679.08608119993,7
2025-06-03,194357.0860811999,7
2025-06-04,193721.36608119993,7
2025-06-05,192469.0660811999,7
2025-06-06,192000.8160811999,7
2025-06-09,190807.15608119988,7
2025-06-10,189881.5960811999,7
2025-06-11,192092.14240119993,7
2025-06-12,194638.98240119993,7
2025-06-13,194156.4024011999,7
2025-06-16,196885.60240119993,7
2025-06-17,196695.0824011999,7
2025-06-18,198291.2924011999,7
2025-06-20,196984.9324011999,7
2025-06-23,197979.6324011999,7
2025-06-24,201676.77240119994,7
2025-06-25,202410.4124011999,7
2025-06-26,204866.5324011999,7
2025-06-27,203780.3824011999,7
2025-06-30,208395.3019111999,6
2025-07-01,205336.2219111999,6
2025-07-02,208325.38191119992,6
2025-07-03,208737.84191119988,6
2025-07-07,209503.2319111999,6
2025-07-08,206825.84191119988,6
2025-07-09,208033.0619111999,6
2025-07-10,208507.11367119988,7
2025-07-11,207964.8936711999,7
2025-07-14,209766.19367119993,7
2025-07-15,210778.1236711999,7
2025-07-16,212208.94367119987,7
2025-07-17,214066.4736711999,7
2025-07-18,216267.42916119995,7
2025-07-21,215193.22916119994,7
2025-07-22,211182.82916119992,7
2025-07-23,216315.21916119993,7
2025-07-24,214023.1648511999,6
2025-07-25,215936.7248511999,6
2025-07-28,217367.7014411999,6
2025-07-29,217022.5114411999,6
2025-07-30,218328.64144119993,6
2025-07-31,217823.2114411999,6
2025-08-01,213584.42144119993,6
2025-08-04,219421.66144119992,6
2025-08-05,217711.4215911999,6
2025-08-06,218615.09159119992,6
2025-08-07,218861.5815911999,6
2025-08-08,221059.2415911999,6
2025-08-11,221078.54159119993,6
2025-08-12,222879.86159119988,6
2025-08-13,218601.4915911999,6
2025-08-14,220553.7015911999,6
2025-08-15,217694.8233311999,6
2025-08-18,220128.66333119996,6
2025-08-19,217070.6633311999,6
2025-08-20,216245.5633311999,6
2025-08-21,216284.6433311999,6
2025-08-22,218803.62333119992,6
2025-08-25,220995.69333119993,6
2025-08-26,222195.1528511999,6
2025-08-27,222315.9628511999,6
2025-08-28,226254.1528511999,6
2025-08-29,223872.94081119992,7
2025-09-02,224359.1408111999,7
2025-09-03,225790.5408111999,7
2025-09-04,231321.20081119993,7
2025-09-05,233189.3508111999,7
2025-09-08,241734.40655119988,7
2025-09-09,243747.6314311999,6
2025-09-10,246803.32196119992,7
2025-09-11,248142.5519611999,7
2025-09-12,247512.1019611999,7
2025-09-15,251146.6519611999,7
2025-09-16,251435.33196119993,7
2025-09-17,250671.7019611999,7
2025-09-18,255807.9019611999,7
2025-09-19,257300.8619611999,7
2025-09-22,260038.4019611999,7
2025-09-23,258860.53196119991,7
2025-09-24,255733.41196119992,7
2025-09-25,255427.8419611999,7
2025-09-26,256961.6719611999,7
2025-09-29,265391.4619611999,7
2025-09-30,268882.8319611999,7
2025-10-01,275451.05196119985,7
2025-10-02,276487.5319611999,7
2025-10-03,276305.5460111999,7
2025-10-06,271699.1160111999,7
2025-10-07,266629.5560111999,7
2025-10-08,269928.1260111999,7
2025-10-09,270826.3660111999,7
2025-10-10,261150.68601119987,7
2025-10-13,267639.2406011999,7
2025-10-14,263696.4206011999,7
2025-10-15,271286.8106011999,7
2025-10-16,271339.56060119986,7
2025-10-17,270217.7606011999,7
2025-10-20,273075.4606011999,7
2025-10-21,269377.85784119996,8
2025-10-22,264421.3461911999,8
2025-10-23,275905.00619119994,8
2025-10-24,285838.2861911999,8
2025-10-27,287362.4010311999,8
2025-10-28,285059.7710311999,8
2025-10-29,302816.8910311999,8
2025-10-30,295643.36514119996,8
2025-10-31,295429.1251411999,8
2025-11-03,302522.67514119996,8
2025-11-04,288535.3851411999,8
2025-11-05,298197.90514119994,8
2025-11-06,296950.22514119995,8
2025-11-07,294314.15514119994,8
2025-11-10,306190.4651412,8
2025-11-11,298710.41514119995,8
2025-11-12,297302.21514119994,8
2025-11-13,281804.49514119996,8
2025-11-14,280874.5151411999,8
2025-11-17,278732.90514119994,8
2025-11-18,273241.2237211999,10
2025-11-19,277305.1837211999,10
2025-11-20,261919.5649311999,9
2025-11-21,270675.7030912,9
2025-11-24,280293.79250119993,9
2025-11-25,283970.0325011999,9
2025-11-26,286264.9525011999,9
2025-11-28,285478.1515111999,7
2025-12-01,278372.3921611999,9
2025-12-02,272788.76216119993,9
2025-12-03,268579.27216119994,9
2025-12-04,271613.5621611999,9
2025-12-05,270443.40518619993,8
2025-12-08,272588.3751861999,8
2025-12-09,274058.3041261999,9
2025-12-10,277684.7041261999,9
2025-12-11,278511.7066861999,9
2025-12-12,265666.6301861999,10
2025-12-15,263643.3201861999,10
2025-12-16,259542.84018619993,10
2025-12-17,252411.54018619994,10
2025-12-18,263042.8879461999,9
2025-12-19,273470.61794619996,9
2025-12-22,276702.2762061999,9
2025-12-23,277009.16620619997,9
2025-12-24,279810.6762061999,9
2025-12-26,279546.64620619995,9
2025-12-29,278546.7462061999,9
2025-12-30,277149.9908011999,10
2025-12-31,273221.88080119994,10
2026-01-02,290283.75080119993,10
2026-01-05,287012.09080119996,10
2026-01-06,313238.8808011999,10
2026-01-07,306473.38080119994,10
2026-01-08,292595.75080119993,10
2026-01-09,306284.8308011999,10
2026-01-12,313307.25080119993,10
2026-01-13,314410.88080119994,10
2026-01-14,311735.3493961999,9
2026-01-15,317282.3893961999,9
2026-01-16,322532.92371619993,9
2026-01-20,324344.05371619994,9
2026-01-21,335542.3937161999,9
2026-01-22,335950.1387161999,9
2026-01-23,331534.7037161999,9
2026-01-26,332903.0237161999,9
2026-01-27,349604.8909561999,9
2026-01-28,359821.08095619985,9
2026-01-29,361334.1009561999,9
2026-01-30,342727.4509561999,9
2026-02-02,357993.7209562,9
2026-02-03,359015.15095619997,9
2026-02-04,329330.0809561999,9
2026-02-05,326358.7809561999,9
2026-02-06,348577.0872561999,9
2026-02-09,349554.0072561999,9
2026-02-10,337619.6328161999,10
2026-02-11,354643.8728161999,10
2026-02-12,358084.22281619994,10
2026-02-13,358675.8928361999,10
2026-02-17,353943.1628362,10
2026-02-18,362088.9528361999,10
2026-02-19,361482.0528361999,10
2026-02-20,372284.08283619996,10
2026-02-23,372875.32283619995,10
2026-02-24,371557.50283619994,10
2026-02-25,384009.75283619994,10
2026-02-26,375682.7176861998,9
2026-02-27,370443.1822861999,10
2026-03-02,374211.0622861998,10
2026-03-03,351950.07228619984,10
2026-03-04,356768.9322861999,10
2026-03-05,343402.4022861999,10
2026-03-06,322284.28228619986,10
2026-03-09,340752.6194461999,11
2026-03-10,343593.9182411998,11
2026-03-11,343612.95824119984,11
2026-03-12,333093.91824119986,11
2026-03-13,333746.8382411999,11
2026-03-16,341894.0382411998,11
2026-03-17,344150.20144119987,10
2026-03-18,345787.7614411999,10
2026-03-19,353896.8327411999,11
2026-03-20,341822.2824411999,11
2026-03-23,344611.0878811999,12
2026-03-24,356734.52548019984,11
2026-03-25,355331.66903019976,10
2026-03-26,335603.18903019984,10
2026-03-27,338237.4268301999,11
2026-03-30,322601.48615019984,11
2026-03-31,338057.8161501998,11
2026-04-01,349826.0898701999,11
2026-04-02,355380.0703101999,11
2026-04-06,353053.0803101998,11
2026-04-07,356651.8203101998,11
2026-04-08,373519.7603101999,11
2026-04-09,376533.1003101999,11
2026-04-10,381461.7603101998,11
2026-04-13,383951.4303101998,11
2026-04-14,382511.8703101999,11
2026-04-15,376835.36031019985,11
2026-04-16,383997.8532701998,10
2026-04-17,388675.16327019985,10
2026-04-20,386816.8126501998,11
2026-04-21,383998.4126501999,11
2026-04-22,393006.09265019983,11
2026-04-23,394782.5926501999,11
2026-04-24,403570.34265019995,11
2026-04-27,405203.81265019986,11
2026-04-28,389120.5726501998,11
2026-04-29,392891.8026501998,11
2026-04-30,407026.84265019995,11
2026-05-01,415866.4222801999,10
2026-05-04,420219.96228019986,10
2026-05-05,436979.5822801999,10
2026-05-06,452128.90228019987,10
2026-05-07,432665.0122801999,10
2026-05-08,458320.46546519996,10
2026-05-11,478338.53546519985,10
2026-05-12,464223.8554651999,10
2026-05-13,468939.0754651998,10
2026-05-14,462551.90546519996,10
2026-05-15,448913.6954651999,10
2026-05-18,434415.5054651999,10
2026-05-19,438783.63546519994,10
2026-05-20,446037.3554651999,10
2026-05-21,465359.64546519984,10
2026-05-22,464253.45652519993,11
2026-05-26,491495.7990251999,12
2026-05-27,491970.33846019994,11
2026-05-28,494151.58846019994,11
2026-05-29,496613.8884601998,11
2026-06-01,506517.7184601999,11
2026-06-02,536836.9912601999,11
2026-06-03,537189.7018202,11
2026-06-04,518852.1218201999,11
2026-06-05,464946.1218201998,11
2026-06-08,484686.7598201999,10
2026-06-09,471461.46747019986,10
2026-06-10,454021.9874702,10
2026-06-11,492502.9470701999,11
2026-06-12,505864.8970701999,11
2026-06-15,539708.5597701998,10
2026-06-16,525180.3897701999,10
2026-06-17,532700.7997701999,10
2026-06-18,558265.2266701998,10
2026-06-22,572687.7104451999,11
2026-06-23,527802.6104451998,11
2026-06-24,521824.95044519985,11
2026-06-25,558870.8204451998,11
2026-06-26,519065.96963519993,12
2026-06-29,543048.3996351999,12
2026-06-30,568177.9496151998,13
2026-07-01,520293.62961519987,13
2026-07-02,471133.22961519985,13
2026-07-06,481011.72961519996,13
2026-07-07,448919.6353901999,13
2026-07-08,452423.6846801999,13
2026-07-09,466824.31540019985,12
2026-07-10,464060.72540019976,12
2026-07-13,446707.6054001999,12
2026-07-14,461637.5654001998,12
2026-07-15,447965.4450651998,12
2026-07-16,440210.04560019984,11
2026-07-17,437200.42790019984,11
2026-07-20,433345.4513201999,10
2026-07-21,436633.12807519984,9
2026-07-22,434846.6880751999,9
2026-07-23,431063.5180751999,9
2026-07-24,428115.88069019985,9
2026-07-27,420105.1258401999,10
2026-07-28,412922.3735801999,10
2026-07-29,403163.87872019986,9
2026-07-30,419152.1987201999,9
2026-07-31,417979.45942019986,9
2026-08-03,419876.6708701998,9
2026-08-04,423022.79094019986,8
2026-08-05,409008.4309401999,8
2026-08-06,405518.01511019986,9
2026-08-07,405774.12511019985,9
2026-08-10,405936.98596019985,8
2026-08-11,404295.9001801999,9
2026-08-12,414362.85018019995,9
2026-08-13,417241.38018019986,9
2026-08-14,419524.1801801999,9
2026-08-17,417649.20162019983,9
2026-08-18,408353.8916201999,9
2026-08-19,396143.40162019985,9
2026-08-20,395893.1416201999,9
2026-08-21,397348.7925801999,10
2026-08-24,390969.5925801998,10
2026-08-25,398290.9725801999,10
2026-08-26,404404.53258019994,10
2026-08-27,399703.78914519993,10
2026-08-28,391130.5691451999,10
2026-08-31,392320.1191451999,10
2026-09-01,388187.3594851998,10
2026-09-02,391825.9805251999,10
2026-09-03,394803.01052519993,10
2026-09-04,400080.24884519994,9
2026-09-08,399258.49884519994,9
2026-09-09,398863.90229519986,9
2026-09-10,389709.7484301999,9
2026-09-11,396119.92843019986,9
2026-09-14,391528.0784301999,9
2026-09-15,392047.0584301999,9
2026-09-16,394393.5484301999,9
2026-09-17,401351.3744301999,9
