symbol,entry_date,exit_date,pnl,pnl_fixed_1.5atr,pnl_fixed_2.0atr,pnl_fixed_2.5atr,pnl_trail_2.0atr,pnl_trail_2.5atr,pnl_trail_3.0atr
COR,2018-10-19,2018-10-23,-1011.4618100000018,-788.4182910714268,-1037.3102214285716,-1286.2021517857127,-1037.3102214285716,-1286.2021517857127,-1011.4618100000018
CI,2018-10-19,2018-10-25,-1282.6993999999995,-794.2297871428582,-1043.0878228571453,-1291.945858571429,-1043.0878228571453,-1291.945858571429,-1282.6993999999995
LLY,2018-10-19,2018-10-29,-1027.87498,-788.9605621428582,-1038.2531628571433,-1287.5457635714286,-1028.4515457142877,-1275.2937421428574,-1522.1359385714304
CAG,2018-10-29,2018-11-01,-47.66290000000122,-47.66290000000122,-47.66290000000122,-47.66290000000122,-47.66290000000122,-47.66290000000122,-47.66290000000122
TWTR,2018-10-26,2018-11-26,87.97421010000035,87.97421010000035,87.97421010000035,87.97421010000035,299.45122140000035,129.47351925000117,-40.50418289999986
CBOE,2018-11-01,2018-11-26,-1033.3968,-768.1623000000001,-1012.1780399999993,-1033.3968,-1012.1780399999993,-1159.2568853571422,-1033.3968
LW,2018-10-23,2018-11-29,226.85365999999905,226.85365999999905,226.85365999999905,226.85365999999905,1060.4948985714254,859.506088571429,624.9380342857123
MKTX,2018-10-25,2018-11-29,241.7907500000012,241.7907500000012,241.7907500000012,241.7907500000012,-655.448255714284,241.7907500000012,241.7907500000012
CME,2018-10-19,2018-12-10,905.4257900000008,-801.7699482142848,905.4257900000008,905.4257900000008,1115.723852857144,869.7903896428552,622.170043571429
SEE,2018-11-26,2018-12-10,-1558.457600000001,-777.0398000000002,-1023.792799999999,-1270.5457999999999,-963.0536000000001,-1194.6217999999994,-1426.1899999999991
POOL,2018-11-29,2018-12-14,-1566.3837300000034,-768.8884521428552,-1009.7594828571417,-1250.6305135714283,-416.6018057142907,-658.8910596428605,-901.1803135714301
NWL,2018-11-29,2018-12-18,-948.03606,-749.4248700000004,-990.2937600000005,-948.03606,-461.4688285714285,-711.6947807142857,-961.9207328571428
EQR,2018-12-10,2018-12-18,-1446.6936999999991,-758.5985553571444,-993.3689071428557,-1228.1392589285706,-959.4956714285711,-1185.7977142857128,-1412.0997571428586
RMD,2018-12-14,2018-12-21,-1404.7061399999998,-734.622965357144,-964.8278871428568,-1195.0328089285695,-964.8278871428568,-1195.0328089285695,-1425.2377307142851
MRK,2018-12-18,2018-12-24,-799.1109000000005,-707.1779250000008,-930.3795000000002,-1153.5810749999998,-930.3795000000002,-1153.5810749999998,-799.1109000000005
ETSY,2018-12-18,2018-12-24,-1326.7727999999995,-682.8286458857146,-905.5028345142858,-1128.177023142857,-905.5028345142858,-1128.177023142857,-1350.8512117714292
CTRA,2018-12-21,2018-12-24,-581.70554,-581.70554,-581.70554,-581.70554,-581.70554,-581.70554,-581.70554
WDAY,2018-12-06,2018-12-26,-983.7689500000002,-728.700088471428,-965.29852462857,-983.7689500000002,-626.0930696285703,-856.1343195357133,-1086.1755694428562
AVGO,2018-12-18,2018-12-26,-851.5295099999998,-695.5624189285702,-919.2873985714276,-851.5295099999998,-919.2873985714276,-851.5295099999998,-851.5295099999998
CIEN,2018-12-21,2018-12-26,-477.0057299999991,-477.0057299999991,-477.0057299999991,-477.0057299999991,-477.0057299999991,-477.0057299999991,-477.0057299999991
LLY,2018-12-24,2018-12-26,-379.3048300000013,-379.3048300000013,-379.3048300000013,-379.3048300000013,-379.3048300000013,-379.3048300000013,-379.3048300000013
AIV,2018-12-24,2018-12-26,-667.944683999999,-646.497295714286,-667.944683999999,-667.944683999999,-667.944683999999,-667.944683999999,-667.944683999999
MKTX,2018-12-10,2018-12-27,-1761.1974,-740.5262357142856,-974.7275142857123,-1208.9287928571416,-497.3311028571411,-733.9613785714273,-970.5916542857135
CIEN,2018-12-27,2018-12-31,288.26667000000043,288.26667000000043,288.26667000000043,288.26667000000043,288.26667000000043,288.26667000000043,288.26667000000043
LLY,2018-12-27,2019-01-03,527.7373200000002,527.7373200000002,527.7373200000002,527.7373200000002,527.7373200000002,527.7373200000002,527.7373200000002
AVGO,2018-12-27,2019-01-04,-429.4345199999995,-429.4345199999995,-429.4345199999995,-429.4345199999995,-394.7777828571438,-578.5584610714293,-429.4345199999995
LW,2019-01-07,2019-01-08,-899.6339999999996,-651.8106428571424,-860.2448571428565,-899.6339999999996,-860.2448571428565,-899.6339999999996,-899.6339999999996
NOW,2019-01-08,2019-01-15,-30.42816000000051,-30.42816000000051,-30.42816000000051,-30.42816000000051,-30.42816000000051,-30.42816000000051,-30.42816000000051
CELG,2019-01-08,2019-01-31,10.593629999999258,10.593629999999258,10.593629999999258,10.593629999999258,10.593629999999258,10.593629999999258,10.593629999999258
FL,2019-01-04,2019-02-08,492.9297599999996,492.9297599999996,492.9297599999996,492.9297599999996,368.6998285714287,231.10898571428652,492.9297599999996
AVGO,2019-01-08,2019-02-11,1343.5894599999992,1343.5894599999992,1343.5894599999992,1343.5894599999992,1343.5894599999992,1343.5894599999992,1343.5894599999992
CIEN,2019-01-15,2019-02-13,826.6872999999982,826.6872999999982,826.6872999999982,826.6872999999982,546.5605642857132,388.74175535714244,230.9229464285716
XRAY,2019-01-04,2019-02-28,1033.2627300000015,1033.2627300000015,1033.2627300000015,1033.2627300000015,1443.4963714285711,1334.0919567857152,1224.6875421428563
PAYC,2019-02-08,2019-03-07,648.0170399999989,648.0170399999989,648.0170399999989,648.0170399999989,582.2885485714271,410.40203571428367,648.0170399999989
MTCH,2019-02-11,2019-03-07,-534.1776800000007,-695.9978407142853,-534.1776800000007,-534.1776800000007,-497.26891142857164,-629.2728467857154,-761.2767821428578
FLEX,2019-02-13,2019-03-12,-76.37069199999938,-76.37069199999938,-76.37069199999938,-76.37069199999938,-23.424548285715215,-141.10646285714427,-258.78837742857195
ERIE,2018-12-31,2019-03-18,4788.771399999998,-652.8814999999989,4788.771399999998,4788.771399999998,4385.643502857144,4186.804683571429,4695.734529999999
KEYS,2019-03-07,2019-03-22,520.8621599999996,520.8621599999996,520.8621599999996,520.8621599999996,-119.04109620000042,520.8621599999996,520.8621599999996
ENPH,2019-01-31,2019-03-26,2235.26,-669.3182285714284,2235.26,2235.26,-170.7642530285716,1025.8803045714274,2235.26
PANW,2019-02-28,2019-04-04,-887.3140799999984,-745.7843228571428,-982.4702571428571,-1219.1561914285744,-959.5845942857154,-1190.5491128571427,-1421.513631428573
EPAM,2019-03-18,2019-05-14,-669.8277299999992,-746.3965309821413,-979.0621146428575,-1211.72769830357,-469.6136444999994,-714.2026856249975,-958.7917267499995
FSLR,2019-01-07,2019-05-16,2605.5612799999994,2605.5612799999994,2605.5612799999994,2605.5612799999994,284.7747895999992,152.47981699999974,914.1643700000001
CDNS,2019-03-22,2019-05-29,92.1628499999992,-742.7427265392877,92.1628499999992,92.1628499999992,-62.34962571428377,-296.7043221428566,912.1424567357112
PAYC,2019-04-04,2019-05-31,1154.4205400000012,-718.5010921428575,1154.4205400000012,1154.4205400000012,1154.4205400000012,1154.4205400000012,1154.4205400000012
MKTX,2019-05-14,2019-05-31,15.755199999997636,15.755199999997636,15.755199999997636,15.755199999997636,-99.32959999999764,15.755199999997636,15.755199999997636
MTCH,2019-05-16,2019-06-03,-420.78960000000063,-801.1738349999998,-420.78960000000063,-420.78960000000063,-452.9574000000011,-638.726444999999,-824.4954900000004
ENPH,2019-04-04,2019-06-10,7733.063220000002,7733.063220000002,7733.063220000002,7733.063220000002,-85.2417917142856,-274.15047964285714,-463.0591675714268
GPN,2019-05-31,2019-07-02,1370.7499399999988,1370.7499399999988,1370.7499399999988,1370.7499399999988,1370.7499399999988,1370.7499399999988,1370.7499399999988
MSCI,2019-06-10,2019-07-26,-795.2156200000002,-856.1085946428578,-1126.102972857143,-795.2156200000002,-1091.2649885714272,-750.4554249999999,-947.1356907142814
ERIE,2019-05-29,2019-07-29,3429.35208,3429.35208,3429.35208,3429.35208,4523.2970399999995,4252.997610000002,5611.613348571429
VEEV,2019-05-31,2019-08-01,1060.4199,1060.4199,1060.4199,1060.4199,806.618041628572,630.530327035715,454.4426124428557
FICO,2019-05-31,2019-08-08,4301.851660000001,4301.851660000001,4301.851660000001,4301.851660000001,423.582625471431,199.23470510714554,-44.63591587142663
BX,2019-07-29,2019-08-15,-1746.660999999999,-892.3511649999992,-1172.895339999999,-1453.4395149999987,-1172.895339999999,-1453.4395149999987,-1733.9836899999984
ENPH,2019-07-02,2019-09-04,6089.519099999999,6089.519099999999,6089.519099999999,6089.519099999999,860.7317214000002,592.4674042500018,7067.783356499997
WST,2019-08-08,2019-09-11,114.4374000000016,114.4374000000016,114.4374000000016,114.4374000000016,723.0082199999983,558.2281649999984,393.4481099999983
PODD,2019-08-07,2019-09-13,239.9491499999993,239.9491499999993,239.9491499999993,239.9491499999993,1725.5620499999998,1460.2526249999994,1194.9431999999988
BLL,2019-08-15,2019-09-13,-1133.6519700000003,-912.9261310714298,-1202.3175214285704,-1491.708911785715,338.8426328571391,149.16464357142326,-40.51334571428836
MKTX,2019-09-04,2019-09-16,-4364.484730000001,-934.7507542857134,-1231.0884057142844,-1527.4260571428556,-398.5746099999978,-697.6327524999961,-996.6908949999977
ARES,2019-07-26,2019-09-24,1201.7928899999963,-917.3676139285726,-1201.0675585714284,-1484.7675032142893,-626.3799642857131,-908.5182578571403,-1190.6565514285726
WU,2019-09-13,2019-09-25,-2300.67568,-911.169434285716,-1191.8427657142852,-1472.5160971428586,-1191.8427657142852,-1472.5160971428586,-1753.1894285714277
BX,2019-09-16,2019-09-25,-426.89807999999937,-426.89807999999937,-426.89807999999937,-426.89807999999937,-426.89807999999937,-426.89807999999937,-426.89807999999937
WDC,2019-09-11,2019-09-30,-736.781759999999,-876.0023999999994,-736.781759999999,-736.781759999999,-563.4238628571422,-721.7910514285719,-957.3381257142862
ACGL,2019-09-25,2019-10-04,-166.2874799999982,-166.2874799999982,-166.2874799999982,-166.2874799999982,-160.29918857142158,-436.5091307142818,-712.7190728571419
SEDG,2019-09-24,2019-10-08,-576.2644000000003,-810.2338035357138,-1074.1241847142853,-576.2644000000003,-917.1945000571429,-1114.8419975714287,-576.2644000000003
KLAC,2019-09-24,2019-10-09,-331.881599999999,-331.881599999999,-331.881599999999,-331.881599999999,-734.849657142856,-331.881599999999,-331.881599999999
ENPH,2019-10-08,2019-10-15,305.4957,305.4957,305.4957,305.4957,305.4957,305.4957,305.4957
CINF,2019-10-04,2019-10-21,251.7513300000009,251.7513300000009,251.7513300000009,251.7513300000009,251.7513300000009,251.7513300000009,251.7513300000009
ZTS,2019-10-09,2019-10-28,-387.0081600000013,-849.4152900000005,-1112.2222199999992,-387.0081600000013,-519.7053299999978,-799.9772774999992,-1080.2492249999968
ENPH,2019-10-21,2019-10-30,-1236.140715,-816.1445530071427,-1081.9013373428577,-1347.6581216785714,-1081.9013373428577,-1347.6581216785714,-1613.4149060142854
BLL,2019-10-21,2019-11-06,-2936.480040000002,-842.4761399999999,-1108.4299200000012,-1374.3836999999983,-1100.569217142858,-1284.8590285714263,-1532.9078742857141
LRCX,2019-10-28,2019-11-13,-266.45196,-266.45196,-266.45196,-266.45196,-266.45196,-266.45196,-266.45196
KLAC,2019-10-28,2019-11-26,-755.7204899999998,-822.5885549999995,-1083.9819000000016,-1345.3752450000013,-908.5617814285698,-1180.8103317857122,-371.0120121428582
LEG,2019-11-13,2019-11-26,-371.193499999998,-371.193499999998,-371.193499999998,-371.193499999998,-743.3566785714271,-371.193499999998,-371.193499999998
WU,2019-11-06,2019-11-29,373.5878400000026,373.5878400000026,373.5878400000026,373.5878400000026,-6.037868571422912,-277.28278071428065,-548.5276928571384
JBL,2019-10-01,2019-12-09,1510.2617400000013,-832.8342471428558,1510.2617400000013,1510.2617400000013,1183.842771428572,1051.6536642857134,919.4645571428582
ANSS,2019-11-29,2019-12-17,439.0136500000014,-844.2518000000003,-1106.1896000000006,439.0136500000014,-1096.8346785714289,439.0136500000014,439.0136500000014
PODD,2019-09-27,2019-12-26,653.3140200000005,-838.7283762107133,-1105.7863616142843,-1372.8443470178586,-1062.0829659000015,-1318.2151023750007,-1574.3472388500004
QRVO,2019-12-17,2020-01-08,-848.1272799999989,-830.2601650000013,-1091.9032599999998,-848.1272799999989,-432.2871364000014,-642.5925205000027,-852.8979046000015
AMD,2019-12-26,2020-01-21,1556.5640999999996,-840.2588207142848,1556.5640999999996,1556.5640999999996,1556.5640999999996,1556.5640999999996,1556.5640999999996
PAYC,2020-01-21,2020-01-30,1937.18016,1937.18016,1937.18016,1937.18016,1937.18016,1937.18016,1937.18016
BX,2020-01-30,2020-02-14,367.3944000000012,-895.7126571428557,367.3944000000012,367.3944000000012,367.3944000000012,367.3944000000012,367.3944000000012
APO,2019-12-17,2020-02-19,256.0061700000007,256.0061700000007,256.0061700000007,256.0061700000007,-119.45798999999883,1304.3118150000028,1039.3020899999995
AAPL,2020-02-14,2020-02-20,-214.50030000000163,-214.50030000000163,-214.50030000000163,-214.50030000000163,-214.50030000000163,-214.50030000000163,-214.50030000000163
TYL,2019-11-26,2020-02-27,3045.2479199999984,-846.0468900000028,-1107.994679999998,3045.2479199999984,-852.3763827428589,-1054.6867555714337,-1247.5722769714312
MSCI,2020-02-19,2020-03-03,-950.472010000002,-1000.5183421428566,-1317.0836028571407,-1633.6488635714293,-1308.4365442857124,-1622.8400403571407,-1937.2435364285686
AMD,2020-03-03,2020-03-04,-156.1558400000002,-156.1558400000002,-156.1558400000002,-156.1558400000002,-156.1558400000002,-156.1558400000002,-156.1558400000002
SEDG,2020-01-08,2020-03-05,4941.42492,-850.3583277428577,4941.42492,4941.42492,178.07069948571336,-139.65184564285704,-457.37439077142744
BRO,2020-02-27,2020-03-05,168.77688000000228,-929.6992585714283,-1220.2270114285711,-1510.7547642857141,-1220.2270114285711,-1510.7547642857141,-1801.2825171428567
NVDA,2020-02-20,2020-03-09,-4618.109866,-1013.8027096428557,-1338.5812488571416,-1663.3597880714276,-1338.5812488571416,-1663.3597880714276,-1988.1383272857136
GEN,2020-03-03,2020-03-10,-1771.2385599999984,-926.3657071428571,-1224.1347828571438,-1521.9038585714272,-1224.1347828571438,-1521.9038585714272,-1819.6729342857143
NOW,2020-03-05,2020-03-10,-1486.7798400000008,-957.5781428571427,-1267.4108571428574,-1577.2435714285718,-1267.4108571428574,-1577.2435714285718,-1887.0762857142868
VRTX,2020-03-05,2020-03-12,-2250.5164400000003,-952.7483642857139,-1259.4856057142852,-1566.2228471428566,-1259.4856057142852,-1566.2228471428566,-1872.9600885714278
ETSY,2020-03-10,2020-03-12,-2104.9658,-852.8361829999998,-1131.4962440000004,-1410.156305,-1131.4962440000004,-1410.156305,-1688.8163660000005
CBOE,2020-03-10,2020-03-12,-1418.7882099999988,-861.1514049999996,-1140.09718,-1419.0429550000003,-1140.09718,-1419.0429550000003,-1697.9887300000007
DXCM,2020-02-27,2020-03-13,-599.7334500000004,-885.8880803571421,-1175.029007142857,-1464.1699339285715,-723.8092500000005,-1013.094675,-1302.3800999999994
BIO,2020-03-10,2020-03-13,-708.1173599999992,-859.2476855357147,-1138.6885007142855,-708.1173599999992,-1138.6885007142855,-708.1173599999992,-708.1173599999992
ENPH,2019-12-09,2020-03-19,-70.3432499999995,-796.205304214286,-70.3432499999995,-70.3432499999995,334.24083235714306,8959.564410535713,8409.284562642855
COG,2020-03-18,2020-03-19,24.465499999999253,24.465499999999253,24.465499999999253,24.465499999999253,24.465499999999253,24.465499999999253,24.465499999999253
GILD,2020-03-09,2020-03-23,-259.1872,-839.0638857142861,-1112.2761142857144,-1385.4883428571427,-1112.2761142857144,-1385.4883428571427,-259.1872
BIO,2020-03-20,2020-03-23,-350.11205,-724.544068175,-350.11205,-350.11205,-350.11205,-350.11205,-350.11205
MKTX,2020-03-09,2020-03-24,-1478.78336,-842.5744914285726,-1116.631588571429,-1390.6886857142852,-750.7349942857142,-1039.6115428571431,-1328.4880914285723
CPB,2020-03-16,2020-03-24,-466.5221599999998,-737.3706832142864,-466.5221599999998,-466.5221599999998,122.95777000000055,-159.0874024999986,-441.1325749999994
REGN,2020-03-05,2020-03-26,-1644.5688000000005,-957.1319250000005,-1266.6471000000001,-1576.1622749999995,-913.8145714285708,-1235.2963392857137,-1556.7781071428565
CPB,2020-03-25,2020-03-26,-192.5636400000006,-192.5636400000006,-192.5636400000006,-192.5636400000006,-192.5636400000006,-192.5636400000006,-192.5636400000006
TDY,2020-03-26,2020-03-30,-165.67488000000048,-165.67488000000048,-165.67488000000048,-165.67488000000048,-165.67488000000048,-165.67488000000048,-165.67488000000048
MRVL,2020-03-27,2020-03-30,42.70569000000022,42.70569000000022,42.70569000000022,42.70569000000022,42.70569000000022,42.70569000000022,42.70569000000022
CRWD,2020-03-25,2020-03-31,73.46157999999993,73.46157999999993,73.46157999999993,73.46157999999993,73.46157999999993,73.46157999999993,73.46157999999993
TER,2020-03-31,2020-04-02,-469.7074800000001,-469.7074800000001,-469.7074800000001,-469.7074800000001,-469.7074800000001,-469.7074800000001,-469.7074800000001
TDY,2020-03-31,2020-04-02,-344.19492000000014,-344.19492000000014,-344.19492000000014,-344.19492000000014,-344.19492000000014,-344.19492000000014,-344.19492000000014
LRCX,2020-04-01,2020-04-02,-170.5346500000002,-170.5346500000002,-170.5346500000002,-170.5346500000002,-170.5346500000002,-170.5346500000002,-170.5346500000002
SPGI,2020-04-01,2020-04-02,-26.42166000000006,-26.42166000000006,-26.42166000000006,-26.42166000000006,-26.42166000000006,-26.42166000000006,-26.42166000000006
POOL,2020-03-31,2020-04-06,-397.7943200000004,-397.7943200000004,-397.7943200000004,-397.7943200000004,-397.7943200000004,-397.7943200000004,-397.7943200000004
WST,2020-04-02,2020-04-08,376.5730499999994,376.5730499999994,376.5730499999994,376.5730499999994,376.5730499999994,376.5730499999994,376.5730499999994
CPB,2020-03-27,2020-04-13,590.7193400000003,590.7193400000003,590.7193400000003,590.7193400000003,590.7193400000003,590.7193400000003,590.7193400000003
DVA,2020-03-27,2020-04-14,228.97280000000083,228.97280000000083,228.97280000000083,228.97280000000083,-530.7834832000001,228.97280000000083,228.97280000000083
PODD,2020-04-08,2020-04-17,987.3949499999992,987.3949499999992,987.3949499999992,987.3949499999992,987.3949499999992,987.3949499999992,987.3949499999992
GEN,2020-04-02,2020-04-22,401.2784200000003,401.2784200000003,401.2784200000003,401.2784200000003,401.2784200000003,401.2784200000003,401.2784200000003
TIF,2020-04-02,2020-04-24,-91.92453999999884,-91.92453999999884,-91.92453999999884,-91.92453999999884,-258.18810999999926,-91.92453999999884,-91.92453999999884
AKAM,2020-03-27,2020-04-30,228.06819000000013,228.06819000000013,228.06819000000013,228.06819000000013,356.8552739999993,241.15009499999886,125.44491599999924
FTNT,2020-03-31,2020-05-05,315.0212800000004,315.0212800000004,315.0212800000004,315.0212800000004,171.66763428571468,30.08507285714306,315.0212800000004
ENPH,2020-04-13,2020-05-06,1023.62168,1023.62168,1023.62168,1023.62168,-429.68318894285704,1023.62168,1023.62168
AMD,2020-03-20,2020-05-07,1325.0905200000002,1325.0905200000002,1325.0905200000002,1325.0905200000002,1151.6044226142856,990.1810682678566,1325.0905200000002
MKTX,2020-04-17,2020-05-21,646.7757500000005,-829.7551696428578,646.7757500000005,646.7757500000005,646.7757500000005,646.7757500000005,646.7757500000005
GEN,2020-04-30,2020-05-22,-814.0291800000012,-852.6127007142865,-1127.1386142857136,-814.0291800000012,-878.4275742857161,-1112.1493328571444,-814.0291800000012
REGN,2020-04-02,2020-05-28,620.1353999999998,620.1353999999998,620.1353999999998,620.1353999999998,386.96880000000056,265.4704200000007,620.1353999999998
PODD,2020-04-24,2020-05-28,-1341.95454,-838.9581827142848,-1111.3122702857147,-1383.6663578571429,71.27498725714173,-202.00042092857296,-475.27582911428766
ENPH,2020-05-21,2020-06-02,-150.57120000000032,-891.9544175142853,-150.57120000000032,-150.57120000000032,-150.57120000000032,-150.57120000000032,-150.57120000000032
DXCM,2020-04-08,2020-06-08,2682.11459,2682.11459,2682.11459,2682.11459,3247.581414285714,3016.126315357143,2784.6712164285723
VRTX,2020-03-23,2020-06-09,1351.2532799999994,1351.2532799999994,1351.2532799999994,1351.2532799999994,1002.0945596571427,878.9607595714282,1202.9132542285708
FTNT,2020-05-22,2020-06-10,-551.4454600000012,-909.0293039285706,-1203.648318571428,-551.4454600000012,-1203.648318571428,-551.4454600000012,-551.4454600000012
PENN,2020-06-15,2020-06-18,649.6946600000001,649.6946600000001,649.6946600000001,649.6946600000001,649.6946600000001,649.6946600000001,649.6946600000001
CRWD,2020-06-08,2020-06-25,952.78736,952.78736,952.78736,952.78736,952.78736,952.78736,952.78736
REGN,2020-06-10,2020-06-26,-73.6600300000002,-73.6600300000002,-73.6600300000002,-73.6600300000002,-328.3764871428574,-73.6600300000002,-73.6600300000002
SEDG,2020-06-02,2020-06-29,-1352.68055,-877.2482796071425,-1163.142706142857,-1449.0371326785726,-839.6476678571429,-1094.9929598214294,-1350.3382517857142
SMCI,2020-04-03,2020-07-06,2009.1266880000005,2009.1266880000005,2009.1266880000005,2009.1266880000005,695.0881847142863,528.3468786428574,2019.0726606428582
MRNA,2020-03-04,2020-07-07,5683.793849999999,-943.0119964285713,-1253.8972285714285,-1564.7824607142854,-1038.8517749999996,-1370.8257187499996,6300.159795642857
CTLT,2020-03-31,2020-07-13,2521.47146,2521.47146,2521.47146,2521.47146,1981.3333245285703,1982.5755382142856,1868.0391178571424
WST,2020-05-07,2020-07-15,3052.9336000000003,3052.9336000000003,3052.9336000000003,3052.9336000000003,476.99782857143043,202.64388571428623,-71.71005714285565
DDOG,2020-05-21,2020-07-16,2291.4978500000007,-899.3571188392858,2291.4978500000007,2291.4978500000007,-828.6528046428572,1910.575582142857,2291.4978500000007
PYPL,2020-07-07,2020-07-17,-730.5834199999973,-974.9031414285715,-1286.6325285714265,-730.5834199999973,-675.2687899999995,-988.8124324999967,-1302.356074999997
TER,2020-07-15,2020-07-17,-218.279360000002,-218.279360000002,-218.279360000002,-218.279360000002,-218.279360000002,-218.279360000002,-218.279360000002
REGN,2020-07-17,2020-07-20,318.0708500000027,318.0708500000027,318.0708500000027,318.0708500000027,318.0708500000027,318.0708500000027,318.0708500000027
ETSY,2020-06-26,2020-07-22,329.10120000000035,329.10120000000035,329.10120000000035,329.10120000000035,239.62276800000103,-61.1681399999994,-361.9590479999998
CTXS,2020-03-12,2020-07-28,2512.2455999999997,2512.2455999999997,2512.2455999999997,2512.2455999999997,2316.784114285712,2545.1555142857133,2369.3600571428583
REGN,2020-07-22,2020-07-29,-301.4657000000011,-977.9613842857137,-1290.792525714284,-301.4657000000011,-1264.3803928571408,-301.4657000000011,-301.4657000000011
AAPL,2020-07-17,2020-07-31,1640.9787200000007,-993.3650135714281,-1305.845791428571,-1618.3265692857135,-901.3963599999968,-1211.0064399999987,-1520.6165199999962
MRNA,2020-07-15,2020-08-12,-1237.3585699999994,-947.3841668107143,-1257.1691824142863,-1566.9541980178565,-597.7449381714284,-931.2326452142855,-1264.7203522571426
WST,2020-07-29,2020-08-18,733.3600000000037,733.3600000000037,733.3600000000037,733.3600000000037,-164.36994285713916,733.3600000000037,733.3600000000037
DXCM,2020-06-25,2020-08-25,507.9821999999997,507.9821999999997,507.9821999999997,507.9821999999997,335.2351199999993,52.04858999999827,-231.1379400000009
AMD,2020-07-31,2020-08-27,1209.911779999999,1209.911779999999,1209.911779999999,1209.911779999999,-166.94818180000186,1209.911779999999,1209.911779999999
ETSY,2020-08-06,2020-08-28,-1213.9714800000006,-1034.5415930678573,-1369.4964707571426,-1704.4513484464278,-1259.2411221857144,-1392.8572187678578,-1696.0986345214287
GEN,2020-08-28,2020-09-03,-318.9132000000029,-1094.8686107142864,-1442.5313142857167,-318.9132000000029,-1354.098407142856,-1679.6528839285713,-318.9132000000029
SEDG,2020-07-28,2020-09-08,679.9904300999992,-919.4724559500006,679.9904300999992,679.9904300999992,1810.6909406142863,1557.6497957678584,1304.6086509214285
MRNA,2020-08-26,2020-09-09,-2260.734450000001,-1068.2093830714284,-1415.5787374285715,-1762.9480917857147,-1176.7734960000007,-1484.2042575,-1791.6350190000005
AMD,2020-09-08,2020-09-09,472.2014000000013,472.2014000000013,472.2014000000013,472.2014000000013,472.2014000000013,472.2014000000013,472.2014000000013
XYZ,2020-06-29,2020-09-10,4827.66828,4827.66828,4827.66828,4827.66828,1699.7273519999983,1313.7756899999983,927.8240279999982
ENPH,2020-07-20,2020-09-10,1596.36813,1596.36813,1596.36813,1596.36813,2242.6282372714295,1865.0479490892865,1487.4676609071432
PENN,2020-08-19,2020-09-10,1034.8951599999991,1034.8951599999991,1034.8951599999991,1034.8951599999991,-587.3995071285725,1034.8951599999991,1034.8951599999991
CRWD,2020-09-03,2020-09-10,-84.3900799999999,-1019.2571342857142,-1351.4988457142865,-84.3900799999999,-1351.4988457142865,-84.3900799999999,-84.3900799999999
PYPL,2020-09-10,2020-09-14,-870.0619200000016,-991.0208400000006,-870.0619200000016,-870.0619200000016,-870.0619200000016,-870.0619200000016,-870.0619200000016
NVDA,2020-05-28,2020-09-18,5783.85934,5783.85934,5783.85934,5783.85934,2080.3231548571416,1878.5942285714273,6267.292565714287
AAPL,2020-08-18,2020-09-18,-793.3707599999996,-1068.0557999999999,-1409.5939200000018,-793.3707599999996,2438.5141200000016,2118.1647900000016,1797.815460000002
EPAM,2020-09-10,2020-09-21,-771.8000400000002,-998.4905511428568,-771.8000400000002,-771.8000400000002,-585.357526285713,-925.7794778571443,-771.8000400000002
CRM,2020-09-03,2020-09-22,-1220.382999999999,-1007.2927321428564,-1334.1976428571422,-1661.102553571428,-1334.1976428571422,-1430.8865714285705,-1220.382999999999
FBHS,2020-09-21,2020-09-22,-56.67396000000305,-56.67396000000305,-56.67396000000305,-56.67396000000305,-56.67396000000305,-56.67396000000305,-56.67396000000305
VEEV,2020-09-09,2020-09-25,-87.2487199999993,-87.2487199999993,-87.2487199999993,-87.2487199999993,-87.2487199999993,-87.2487199999993,-87.2487199999993
TMO,2020-09-18,2020-09-25,-650.6556000000012,-650.6556000000012,-650.6556000000012,-650.6556000000012,-650.6556000000012,-650.6556000000012,-650.6556000000012
MRVL,2020-09-10,2020-09-30,-330.70439999999894,-991.4087485714275,-330.70439999999894,-330.70439999999894,-330.70439999999894,-330.70439999999894,-330.70439999999894
CRL,2020-09-22,2020-10-08,1660.9681200000016,-1017.648881700001,1660.9681200000016,1660.9681200000016,1660.9681200000016,1660.9681200000016,1660.9681200000016
PENN,2020-09-14,2020-10-22,464.1723999999997,464.1723999999997,464.1723999999997,464.1723999999997,451.7105885714275,553.7126272857123,298.56971131428446
HOLX,2020-09-30,2020-10-22,-158.07207000000017,-158.07207000000017,-158.07207000000017,-158.07207000000017,-43.682873700001146,-158.07207000000017,-158.07207000000017
CRWD,2020-09-25,2020-10-26,-197.14845000000108,-197.14845000000108,-197.14845000000108,-197.14845000000108,504.277992857144,232.40727857142934,-39.46343571428533
WHR,2020-09-22,2020-10-27,1887.3437400000005,1887.3437400000005,1887.3437400000005,1887.3437400000005,1765.7211985714318,1887.3437400000005,1887.3437400000005
CZR,2020-09-09,2020-10-28,-962.5192499999984,-995.1450415499993,-962.5192499999984,-962.5192499999984,445.6859352000009,519.6935534999998,335.61406725000023
DDOG,2020-10-22,2020-10-28,-420.4332000000005,-420.4332000000005,-420.4332000000005,-420.4332000000005,-420.4332000000005,-420.4332000000005,-420.4332000000005
NVDA,2020-10-26,2020-10-28,-435.283679999998,-1058.4363321428548,-1395.5310428571427,-435.283679999998,-1375.3683685714266,-435.283679999998,-435.283679999998
XYZ,2020-10-22,2020-10-29,-789.1721999999988,-1062.3984145714287,-789.1721999999988,-789.1721999999988,-789.1721999999988,-789.1721999999988,-789.1721999999988
SEDG,2020-10-08,2020-10-30,-1803.1,-1082.6728625714297,-1435.270483428572,-1787.8681042857147,-1435.270483428572,-1787.8681042857147,-2140.465725142857
MRNA,2020-09-18,2020-11-03,-243.09438000000017,-243.09438000000017,-243.09438000000017,-243.09438000000017,499.26080742857243,266.1418383214293,31.358049985715436
VEEV,2020-10-28,2020-11-03,-2015.501359999998,-995.1436069892844,-1315.1635559857136,-1635.183504982143,-1315.1635559857136,-1635.183504982143,-1955.2034539785723
ETSY,2020-09-25,2020-11-04,2241.2832,2241.2832,2241.2832,2241.2832,2730.692729142857,2393.305311428568,2055.917893714283
SEDG,2020-11-03,2020-11-04,-315.1827000000001,-315.1827000000001,-315.1827000000001,-315.1827000000001,-315.1827000000001,-315.1827000000001,-315.1827000000001
FSLR,2020-10-29,2020-11-09,534.7418599999992,-1000.8756710285718,-1327.087361371428,534.7418599999992,-1297.1663123714288,-1615.897740464285,534.7418599999992
MPWR,2020-10-27,2020-11-20,-486.5279999999997,-1044.933321428573,-1377.9214285714281,-486.5279999999997,780.2396785714279,306.66016071428385,-166.91935714285603
TMO,2020-11-03,2020-11-23,-1992.0718799999988,-1009.3298914285709,-1328.381948571428,-1647.434005714285,363.5958085714316,-18.110674285711973,-399.8171571428524
ENPH,2020-09-25,2020-12-09,8959.11975,8959.11975,8959.11975,8959.11975,4424.049074571429,3972.0239807142875,3519.9988868571436
XYZ,2020-11-09,2020-12-15,1575.3165199999992,-967.3133870607153,-1282.2265194142872,1575.3165199999992,-1282.2265194142872,1575.3165199999992,1575.3165199999992
MRNA,2020-11-20,2020-12-22,4901.792,4901.792,4901.792,4901.792,4318.7020735999995,3788.594312000001,4099.7052896
TWTR,2020-10-30,2021-01-13,752.4214600000005,-964.9845648500005,752.4214600000005,752.4214600000005,695.7481899999998,512.4891325000007,1472.235475449999
IDXX,2020-11-04,2021-01-20,1178.1248700000012,-1005.3198389464285,-1328.5896919285713,1178.1248700000012,-482.13413764285514,-816.257412053571,-1150.3806864642845
CRWD,2020-11-20,2021-01-20,7104.575550000001,7104.575550000001,7104.575550000001,7104.575550000001,-455.67234857142756,4803.354431785713,7104.575550000001
POOL,2020-10-28,2021-01-29,-153.98711999999787,-1008.1834971428567,-1328.1603428571423,-1648.137188571428,-170.6333142857128,-547.9213628571405,-925.2094114285723
ENPH,2020-12-22,2021-02-03,1665.2346719999998,1665.2346719999998,1665.2346719999998,1665.2346719999998,1019.4753634285701,506.7192042857119,1665.2346719999998
CPRI,2020-11-23,2021-02-04,2915.3569500000003,2915.3569500000003,2915.3569500000003,2915.3569500000003,1615.2001225714305,2071.567655357143,1735.3074664285712
COHR,2020-11-23,2021-02-05,5536.916,5536.916,5536.916,5536.916,566.870220800002,4088.178188,5536.916
ETSY,2020-12-09,2021-02-05,4954.81334,4954.81334,4954.81334,4954.81334,1334.4348995857147,976.5874944821439,618.7400893785708
AMAT,2021-01-20,2021-02-10,-680.9223199999991,-1285.1339321428563,-1698.7320628571406,-2112.330193571428,-1690.3005028571424,-2101.7907435714287,-2513.2809842857123
PENN,2020-12-16,2021-02-11,4402.58895,4402.58895,4402.58895,4402.58895,320.06548864285844,-45.458639196426816,4402.58895
FFIV,2021-02-05,2021-02-22,-432.7191899999998,-432.7191899999998,-432.7191899999998,-432.7191899999998,120.99576934285443,-146.6286740357156,-512.0894688428593
MAC,2021-01-28,2021-02-23,-2904.62985,-1209.329704285714,-1607.5154057142859,-2005.701107142857,-1607.5154057142859,-2005.701107142857,-2403.886808571428
ETSY,2021-02-22,2021-02-26,54.064919999998935,-1346.0898950571427,-1783.1978067428568,-2220.305718428571,-1783.1978067428568,-2220.305718428571,54.064919999998935
MRNA,2021-01-29,2021-03-01,-1459.9447170000008,-1164.8570999999995,-1544.9765999999993,-1925.096099999999,-1544.9765999999993,-1925.096099999999,-1354.994772000001
SIVB,2021-01-20,2021-03-04,1611.286430000002,-1268.9051667571416,-1676.9582623428555,1611.286430000002,-1582.637063671425,1182.166194071428,822.9817808857136
CRWD,2021-02-22,2021-03-04,-2705.758059999998,-1362.1515828571414,-1802.6135371428568,-2243.07549142857,-1802.6135371428568,-2243.07549142857,-2683.537445714285
ENPH,2021-03-01,2021-03-04,-1276.3899499999989,-1348.3249251607135,-1791.167300214286,-1276.3899499999989,-1728.5127317857148,-1276.3899499999989,-1276.3899499999989
PENN,2021-03-04,2021-03-08,-657.3156499999997,-1325.5462790428567,-1759.8613720571434,-657.3156499999997,-1759.8613720571434,-657.3156499999997,-657.3156499999997
AMG,2021-02-11,2021-03-09,-860.3321199999995,-1308.6597721428589,-1729.5905628571438,-860.3321199999995,-1284.0251457142863,-1506.4696214285723,-1879.0894857142878
ZBRA,2021-03-04,2021-03-10,-550.8001200000027,-1334.0843088857139,-550.8001200000027,-550.8001200000027,-550.8001200000027,-550.8001200000027,-550.8001200000027
SBNY,2021-02-10,2021-03-11,1613.5366099999997,1613.5366099999997,1613.5366099999997,1613.5366099999997,-656.2584657142861,1613.5366099999997,1613.5366099999997
MAT,2021-03-11,2021-03-24,-842.51085,-842.51085,-842.51085,-842.51085,-786.6846606428597,-1145.1623598214323,-842.51085
DISCA,2021-01-29,2021-03-30,429.5984000000012,-1166.2033009000002,-1546.3424812000003,-1926.4816615000004,2906.0794399999986,2605.969849999999,7279.573967599997
VIAC,2021-02-03,2021-03-30,-661.5095999999999,-1193.6076835714287,-1584.879591428571,-1976.1514992857149,5034.6713742857155,6882.059993571428,6268.666144285712
CPRI,2021-02-26,2021-03-30,235.39177000000072,235.39177000000072,235.39177000000072,235.39177000000072,-1115.34003182857,1490.1455459285733,999.9122271142859
XEC,2021-03-08,2021-04-01,-1976.3316999999995,-1393.7273874999994,-1847.3108499999998,-2300.8943124999983,-1545.562899999998,-1923.7093749999985,-2301.855849999997
MRO,2021-03-09,2021-04-01,-1427.4598400000018,-1366.3627125714293,-1813.6355634285717,-2260.908414285714,-1277.745704000001,-1619.8372699999995,-1960.582754857143
KSS,2021-03-25,2021-04-01,1592.228040000001,1592.228040000001,1592.228040000001,1592.228040000001,1592.228040000001,1592.228040000001,1592.228040000001
DISCK,2021-02-04,2021-04-05,1020.8400300000002,-1257.2171324999993,-1664.3321100000005,-2071.4470875000006,4061.5094168999976,3694.7722961249992,3328.035175349998
LB,2021-03-30,2021-04-06,337.0651200000001,337.0651200000001,337.0651200000001,337.0651200000001,337.0651200000001,337.0651200000001,337.0651200000001
SBNY,2021-03-30,2021-04-07,535.5468000000003,535.5468000000003,535.5468000000003,535.5468000000003,535.5468000000003,535.5468000000003,535.5468000000003
TRIP,2021-03-04,2021-04-08,-442.5197499999989,-1327.627277907143,-442.5197499999989,-442.5197499999989,-569.8634074428568,-1044.3562218035709,-1518.8490361642848
PENN,2021-03-10,2021-04-14,-1492.438219999999,-1391.8357232000003,-1848.6040975999995,-1492.438219999999,-173.32395469999935,-624.2264258750005,-1007.7867565999999
ADS,2021-04-05,2021-04-14,-1249.5841799999987,-1208.9095382142864,-1249.5841799999987,-1249.5841799999987,-1350.7885885714281,-1249.5841799999987,-1249.5841799999987
AMAT,2021-04-01,2021-04-22,-459.4814399999999,-1220.2656085714284,-459.4814399999999,-459.4814399999999,-638.8219200000017,-944.426010000001,-1250.0301000000006
ON,2021-04-01,2021-04-23,-390.4176100000002,-390.4176100000002,-390.4176100000002,-390.4176100000002,-354.31219441428567,-612.6856730178579,-871.0591516214301
ETSY,2021-03-24,2021-05-05,-1604.4075199999993,-1288.0283943928566,-1709.5678258571434,-1604.4075199999993,-1606.6237301428562,-977.2644872321422,-1201.7096566785708
XYZ,2021-04-06,2021-05-06,263.7665999999999,263.7665999999999,263.7665999999999,263.7665999999999,1112.2738434000014,838.2448681071428,732.3426120857146
LB,2021-04-14,2021-05-06,-43.977150000001615,-43.977150000001615,-43.977150000001615,-43.977150000001615,-904.4158500000008,-43.977150000001615,-43.977150000001615
HPQ,2021-05-06,2021-05-13,-3116.547600000001,-1312.781742857146,-1721.6353371428556,-2130.488931428571,-372.63711428571787,-803.9011328571465,-1235.165151428575
LB,2021-05-13,2021-05-14,268.7361600000023,268.7361600000023,268.7361600000023,268.7361600000023,268.7361600000023,268.7361600000023,268.7361600000023
SBNY,2021-05-14,2021-05-17,209.7374400000012,209.7374400000012,209.7374400000012,209.7374400000012,209.7374400000012,209.7374400000012,209.7374400000012
CZR,2021-04-22,2021-05-18,1126.3145999999988,1126.3145999999988,1126.3145999999988,1126.3145999999988,51.897235714283255,-296.5272053571442,-288.29408957142937
LB,2021-05-17,2021-05-20,-602.4784999999997,-1242.7839821428563,-1642.366142857144,-602.4784999999997,-1498.1176785714283,-1920.890910714287,-602.4784999999997
STX,2021-05-18,2021-05-20,-706.19066,-1220.7491578571423,-1615.2121571428586,-2009.6751564285717,-1615.2121571428586,-2009.6751564285717,-706.19066
GPS,2021-04-01,2021-05-21,1731.5145300000015,1731.5145300000015,1731.5145300000015,1731.5145300000015,592.350548571429,1731.5145300000015,1731.5145300000015
AMG,2021-04-08,2021-05-21,391.7778399999966,391.7778399999966,391.7778399999966,391.7778399999966,-433.9513185714297,1486.845961428563,1003.2728757142775
IVZ,2021-03-10,2021-05-24,1983.7496799999967,-1414.3395435714292,1983.7496799999967,1983.7496799999967,-459.9527428571465,-830.7137535714317,-1201.4747642857167
CPRI,2021-04-23,2021-05-24,-199.83049999999943,-199.83049999999943,-199.83049999999943,-199.83049999999943,760.5929722857152,334.8029028571431,-90.98716657142893
SIVB,2021-05-13,2021-05-24,731.2069499999996,731.2069499999996,731.2069499999996,731.2069499999996,731.2069499999996,731.2069499999996,731.2069499999996
COF,2021-05-20,2021-06-15,275.1619200000027,275.1619200000027,275.1619200000027,275.1619200000027,301.00034142857305,-3.589049999997826,275.1619200000027
LB,2021-05-27,2021-06-22,-707.128890000001,-1185.6534578571427,-1569.706877142858,-707.128890000001,-901.3587514285716,-1060.7788146428563,-1218.083852142857
CINF,2021-05-21,2021-06-28,-477.8155200000023,-1213.176565714285,-1595.439634285713,-1977.7027028571413,-224.01243428571584,-480.04186285714377,-736.0712914285717
DXC,2021-06-15,2021-06-28,-1221.1278200000004,-1222.646185828569,-1611.5035677714288,-2000.3609497142834,-1575.4813118000002,-1955.333129749999,-2335.184947699998
MRNA,2021-06-22,2021-06-28,696.5681600000005,696.5681600000005,696.5681600000005,696.5681600000005,696.5681600000005,696.5681600000005,696.5681600000005
BX,2021-05-24,2021-06-29,2678.1019400000023,2678.1019400000023,2678.1019400000023,2678.1019400000023,2678.1019400000023,2678.1019400000023,2678.1019400000023
IPG,2021-05-24,2021-06-30,-1533.5603399999986,-1221.093120000001,-1605.6681600000013,-1533.5603399999986,-239.0532857142851,-546.3699471428582,-853.6866085714313
KKR,2021-06-28,2021-07-21,-1320.4914000000017,-1218.6925864285724,-1599.1981285714298,-1979.7036707142827,-1475.4334457142854,-1824.9978171428545,-2174.562188571428
LB,2021-06-30,2021-07-21,1223.518120000001,1223.518120000001,1223.518120000001,1223.518120000001,-514.6591057142854,-109.70660642856936,-463.67014571428194
MRNA,2021-07-19,2021-08-02,3665.957539999999,3665.957539999999,3665.957539999999,3665.957539999999,3665.957539999999,3665.957539999999,3665.957539999999
DXC,2021-08-03,2021-08-24,-4739.013500000001,-1366.0113071428561,-1802.2817428571414,-2238.552178571427,-1802.2817428571414,-2238.552178571427,-2674.822614285712
CPRI,2021-08-25,2021-09-03,-1395.8819100000007,-1376.4822219642854,-1819.7754492857136,-1395.8819100000007,-1819.7754492857136,-1395.8819100000007,-1395.8819100000007
FTNT,2021-06-29,2021-09-16,8543.554719999998,8543.554719999998,8543.554719999998,8543.554719999998,2992.9052114285682,2551.815314285716,2110.725417142858
IT,2021-07-21,2021-09-24,12251.286179999996,12251.286179999996,12251.286179999996,12251.286179999996,4698.571055400008,4142.45387925001,3586.3367031000007
BX,2021-09-16,2021-09-27,-3153.009820000001,-1415.891534285714,-1860.9003657142837,-2305.909197142859,-1860.9003657142837,-2305.909197142859,-2750.9180285714283
EPAM,2021-06-28,2021-09-29,3758.778659999997,-1222.7313863142854,3758.778659999997,3758.778659999997,-310.08554571429215,6682.583250107139,6200.124456128566
MRNA,2021-09-08,2021-09-30,-2108.6216000000013,-1340.6501972857152,-1775.9677297142869,-2211.2852621428588,-930.1115754285729,-1375.743069285715,-1821.374563142859
CRL,2021-09-24,2021-11-05,-7187.882720000001,-1391.8996762571414,-1828.068128342857,-2264.2365804285673,-1828.068128342857,-2264.2365804285673,-2700.405032514283
NVDA,2021-11-19,2021-11-29,27.394559999998744,27.394559999998744,27.394559999998744,27.394559999998744,27.394559999998744,27.394559999998744,27.394559999998744
SIVB,2021-09-24,2021-11-30,3577.3619199999985,3577.3619199999985,3577.3619199999985,3577.3619199999985,3517.8693578285715,3133.436147285712,2749.002936742853
M,2021-09-29,2021-12-02,1870.3059299999995,-1270.3049582142871,-1680.162904285715,-2090.020850357143,-1680.162904285715,-2090.020850357143,-2499.8787964285707
BX,2021-11-05,2021-12-02,-1562.7031000000002,-1359.0319750000006,-1792.0735000000009,-1562.7031000000002,-921.0953500000013,-1339.8886375000016,-1752.0385750000003
FTNT,2021-11-30,2021-12-02,-2539.163660000004,-1278.7653200000018,-1690.453220000001,-2102.1411200000002,-1690.453220000001,-2102.1411200000002,-2513.8290200000015
TECH,2021-09-27,2021-12-06,-4688.045270000001,-1344.074730714283,-1771.0780142857118,-2198.0812978571407,-1771.0780142857118,-2198.0812978571407,-2625.084581428566
FDS,2021-12-02,2021-12-06,287.3555600000044,287.3555600000044,287.3555600000044,287.3555600000044,287.3555600000044,287.3555600000044,287.3555600000044
MRO,2021-09-30,2021-12-15,1909.9586000000004,1909.9586000000004,1909.9586000000004,1909.9586000000004,3041.604392857144,2693.9470410714307,2346.289689285715
SBNY,2021-11-30,2021-12-20,-2124.6883200000025,-1275.9379200000017,-1685.9275200000009,-2095.91712,-1685.9275200000009,-2095.91712,-2505.906720000003
INTU,2021-12-02,2021-12-20,-1516.660500000001,-1241.6536392857133,-1642.7913857142867,-1516.660500000001,-865.369585714285,-1200.573332142857,-1440.6009214285707
KEYS,2021-12-15,2021-12-20,-456.9032199999997,-456.9032199999997,-456.9032199999997,-456.9032199999997,-456.9032199999997,-456.9032199999997,-456.9032199999997
DRE,2021-12-06,2021-12-23,1620.6451399999962,1620.6451399999962,1620.6451399999962,1620.6451399999962,1620.6451399999962,1620.6451399999962,1620.6451399999962
PFE,2021-12-20,2022-01-10,-1629.6209999999996,-1215.8851499999998,-1608.0426000000018,-2000.2000500000006,-1491.1596000000002,-1854.096300000001,-2012.0382000000002
ZTS,2021-12-23,2022-01-10,-6410.934250000004,-1282.1524514285713,-1679.1864485714323,-2076.2204457142875,-676.0934028571443,-1072.84339857143,-1469.5933942857155
MRVL,2021-12-06,2022-01-14,-1162.5062399999986,-1230.050057142856,-1162.5062399999986,-1162.5062399999986,-164.77925142857157,73.00701000000163,-226.0636199999986
FDS,2021-12-20,2022-01-18,-3356.568719999999,-1225.8044742857164,-1612.9312457142885,-2000.0580171428567,-1491.6811885714294,-681.0526285714308,-1043.4669942857147
ON,2021-12-06,2022-01-24,-3130.303379999998,-1232.4348482999994,-1631.1196643999997,-2029.8044805000002,521.770033714288,171.8975421428607,-177.97494942856872
SBNY,2022-01-18,2022-01-26,-3170.2389600000006,-1146.5846400000005,-1515.0158399999975,-1883.4470399999977,-1515.0158399999975,-1883.4470399999977,-2251.8782399999977
GT,2022-01-18,2022-01-28,-3470.57389,-1145.5709702499994,-1515.394027,-1885.217083750001,-1515.394027,-1885.217083750001,-2255.040140499999
MRO,2022-01-10,2022-02-01,1406.727539999997,-1158.2756035714285,1406.727539999997,1406.727539999997,28.695522857139842,-351.7165414285747,-732.1286057142892
CMA,2022-01-26,2022-02-02,260.98869999999977,260.98869999999977,260.98869999999977,260.98869999999977,260.98869999999977,260.98869999999977,260.98869999999977
WFC,2022-02-01,2022-02-04,585.6029999999993,585.6029999999993,585.6029999999993,585.6029999999993,585.6029999999993,585.6029999999993,585.6029999999993
HES,2022-01-28,2022-02-23,775.2165299999989,775.2165299999989,775.2165299999989,775.2165299999989,775.2165299999989,775.2165299999989,775.2165299999989
BX,2022-02-04,2022-02-23,-1269.9494500000003,-1122.3489839285712,-1484.6002985714292,-1269.9494500000003,-1274.2066171428587,-1654.438861428571,-1269.9494500000003
BNY,2022-02-02,2022-02-24,-2751.565479999999,-1108.0891728571432,-1464.7849771428575,-1821.4807814285718,-6.267811428570226,-241.16125428571166,-476.0546971428562
MCK,2022-01-10,2022-02-25,3828.947610000001,-1196.0623499999995,3828.947610000001,3828.947610000001,209.62484142857295,-183.02854071428408,-575.6819228571411
RHI,2022-02-25,2022-03-02,-617.8042499999996,-617.8042499999996,-617.8042499999996,-617.8042499999996,-936.3354,-617.8042499999996,-617.8042499999996
ANET,2022-02-25,2022-03-09,-265.07589999999925,-265.07589999999925,-265.07589999999925,-265.07589999999925,-265.07589999999925,-265.07589999999925,-265.07589999999925
PXD,2022-01-24,2022-03-24,6167.0259000000015,6167.0259000000015,6167.0259000000015,6167.0259000000015,1540.4371200000028,1141.2367200000022,6167.0259000000015
HP,2022-03-02,2022-03-25,1985.8655500000004,1985.8655500000004,1985.8655500000004,1985.8655500000004,803.620407142858,348.806033928573,1985.8655500000004
NOV,2022-03-09,2022-03-25,-1135.0313000000008,-1107.9030982142854,-1468.3904642857146,-1135.0313000000008,-1069.5325785714285,-1446.639023214286,-1135.0313000000008
MRO,2022-02-24,2022-03-28,1779.7323599999982,1779.7323599999982,1779.7323599999982,1779.7323599999982,-221.31030857142954,-573.0896057142883,-924.8689028571443
CTRA,2022-03-09,2022-04-18,2448.595759999999,-1110.4637607142852,-1470.8437342857142,-1831.2237078571436,-1159.1371814285726,-1537.9540567857168,-1916.7709321428586
ABBV,2022-02-23,2022-04-25,2436.178139999998,2436.178139999998,2436.178139999998,2436.178139999998,5574.024295714288,5171.67383464286,4769.323373571432
COR,2022-04-25,2022-04-27,-255.50667999999737,-255.50667999999737,-255.50667999999737,-255.50667999999737,-255.50667999999737,-255.50667999999737,-255.50667999999737
MCK,2022-03-25,2022-05-02,768.8512000000018,768.8512000000018,768.8512000000018,768.8512000000018,1551.427839999995,1128.1715199999949,704.9151999999945
CTRA,2022-04-27,2022-05-02,-166.3963700000009,-166.3963700000009,-166.3963700000009,-166.3963700000009,-166.3963700000009,-166.3963700000009,-166.3963700000009
HES,2022-03-24,2022-05-03,-785.5545600000002,-1162.9368000000004,-1537.4419200000004,-785.5545600000002,332.4120685714272,24.491725714284044,-283.42861714285914
HP,2022-05-02,2022-05-03,-284.21160000000066,-284.21160000000066,-284.21160000000066,-284.21160000000066,-284.21160000000066,-284.21160000000066,-284.21160000000066
VRTX,2022-04-18,2022-05-04,-2266.4412000000048,-1240.311214285717,-1630.7346857142848,-2021.1581571428592,-1585.2111120000006,-1964.2536900000023,-2343.296268000004
BMY,2022-05-02,2022-05-09,80.03619999999778,80.03619999999778,80.03619999999778,80.03619999999778,80.03619999999778,80.03619999999778,80.03619999999778
ANTM,2022-05-03,2022-05-12,-842.199510000001,-1174.2016041428583,-842.199510000001,-842.199510000001,-1053.4092317142874,-1454.5604646428576,-842.199510000001
UNM,2022-05-09,2022-05-13,-982.8187499999988,-1129.7698660714277,-1493.022321428571,-982.8187499999988,-1493.022321428571,-982.8187499999988,-982.8187499999988
AIZ,2022-05-04,2022-05-16,-186.72942999999916,-186.72942999999916,-186.72942999999916,-186.72942999999916,-358.32766000000197,-749.7258700000021,-186.72942999999916
MAT,2022-05-12,2022-05-24,-1010.0033200000008,-1107.0557240178578,-1466.0129253571415,-1824.9701266964273,-218.4931225000006,-535.0206531249999,-851.5481837499992
ABBV,2022-05-16,2022-05-24,-1081.2095000000002,-1081.2095000000002,-1081.2095000000002,-1081.2095000000002,-1069.9707499999997,-1081.2095000000002,-1081.2095000000002
HP,2022-05-24,2022-05-25,118.87274000000092,118.87274000000092,118.87274000000092,118.87274000000092,118.87274000000092,118.87274000000092,118.87274000000092
SMCI,2022-05-05,2022-06-01,-1340.4589100000003,-1162.2323149999986,-1541.447719999999,-1920.6631249999991,-1438.9403300000004,-1772.7861500000001,-1829.304575000001
K,2022-05-16,2022-06-02,-1404.0920999999987,-1169.3270999999988,-1540.2557999999985,-1911.184499999998,-1421.5317857142861,-1805.0371821428578,-2188.542578571426
MCK,2022-05-24,2022-06-09,-883.293119999999,-1128.130894285715,-883.293119999999,-883.293119999999,-683.847051428569,-1010.7084342857154,-883.293119999999
PXD,2022-05-09,2022-06-10,1108.1352,-1123.2419035714283,1108.1352,1108.1352,770.3989885714282,1108.1352,1108.1352
CTRA,2022-05-12,2022-06-17,-157.006139999999,-157.006139999999,-157.006139999999,-157.006139999999,2004.080610000001,1721.8681050000012,1439.6556000000012
HRB,2022-05-25,2022-06-21,-120.26729999999984,-120.26729999999984,-120.26729999999984,-120.26729999999984,64.93873714285539,-163.87686107143006,-347.4677292857156
HP,2022-06-09,2022-06-21,-4607.543999999999,-1146.294428571428,-1516.3525714285727,-1886.4107142857144,-1516.3525714285727,-1886.4107142857144,-2256.4688571428587
HES,2022-06-10,2022-06-21,-3553.66075,-1132.6934264285715,-1494.7574285714277,-1856.8214307142866,-1494.7574285714277,-1856.8214307142866,-2218.8854328571433
FLR,2022-06-17,2022-06-21,-358.7494000000002,-358.7494000000002,-358.7494000000002,-358.7494000000002,-358.7494000000002,-358.7494000000002,-358.7494000000002
MRO,2022-04-27,2022-06-22,-692.4014400000011,-692.4014400000011,-692.4014400000011,-692.4014400000011,634.2020571428559,187.6319314285696,-258.9381942857144
MTB,2022-06-21,2022-06-24,-935.4406599999988,-1032.69331,-935.4406599999988,-935.4406599999988,-935.4406599999988,-935.4406599999988,-935.4406599999988
SMCI,2022-06-21,2022-06-24,-458.8566879999994,-458.8566879999994,-458.8566879999994,-458.8566879999994,-458.8566879999994,-458.8566879999994,-458.8566879999994
WRB,2022-06-02,2022-07-15,-3451.83091,-1184.642867499997,-1556.867769999998,-1929.0926724999988,-700.3808285714281,-1035.6391632142866,-1370.897497857145
EG,2022-06-22,2022-07-15,-175.45619,-175.45619,-175.45619,-175.45619,384.67740142857446,73.69226928571752,-237.29286285713948
BMY,2022-06-24,2022-07-15,-1586.2694400000012,-1059.8663699999981,-1388.9669399999989,-1718.0675099999955,-810.4760100000018,-1151.0201249999975,-1491.5642399999977
MCK,2022-07-15,2022-07-21,-402.17700000000207,-402.17700000000207,-402.17700000000207,-402.17700000000207,-402.17700000000207,-402.17700000000207,-402.17700000000207
VRTX,2022-07-15,2022-08-01,-562.181339999997,-981.8416952785703,-562.181339999997,-562.181339999997,-936.4845763714253,-562.181339999997,-562.181339999997
LLY,2022-07-15,2022-08-05,-2473.7439500000005,-990.0666124999985,-1301.9169499999998,-1613.767287500001,-1159.8662857142858,-1436.2039571428547,-1712.5416285714286
CTRA,2022-08-01,2022-08-11,-651.998489999999,-995.6088214285724,-1316.8486885714299,-1638.0885557142872,-1277.4766714285718,-1588.8735342857156,-651.998489999999
AIV,2022-08-11,2022-08-26,87.76230199999944,87.76230199999944,87.76230199999944,87.76230199999944,-428.9244939999997,87.76230199999944,87.76230199999944
CNC,2022-07-21,2022-09-02,277.570049999999,277.570049999999,277.570049999999,277.570049999999,903.715063928573,688.3236174107136,472.93217089285776
SMCI,2022-08-26,2022-09-08,-1811.2776000000008,-1008.521516785714,-1336.939555714286,-1665.3575946428562,-1209.2245414285708,-1505.7138267857144,-1697.342363571428
HRB,2022-07-15,2022-09-12,5033.462200000001,5033.462200000001,5033.462200000001,5033.462200000001,3631.5940428571444,3275.994641071431,2920.395239285718
MCK,2022-08-05,2022-09-14,810.2043700000028,810.2043700000028,810.2043700000028,810.2043700000028,1732.7309200000013,1513.2206500000018,1293.7103799999984
CAH,2022-09-02,2022-09-19,-2434.251360000003,-1033.8731399999986,-1356.8498399999994,-1679.82654,-1356.8498399999994,-1679.82654,-2002.8032400000006
MRO,2022-09-12,2022-09-21,-278.5829200000001,-278.5829200000001,-278.5829200000001,-278.5829200000001,-918.1826800000015,-278.5829200000001,-278.5829200000001
ERIE,2022-09-14,2022-09-21,292.51298000000014,292.51298000000014,292.51298000000014,292.51298000000014,292.51298000000014,292.51298000000014,292.51298000000014
ENPH,2022-06-21,2022-09-27,4255.547560000002,4255.547560000002,4255.547560000002,4255.547560000002,14.754940514286297,-291.04836435714236,3692.486270628573
FTI,2022-09-21,2022-10-03,-927.0837159999992,-973.7311647142868,-1289.0722222857148,-1604.4132798571427,-1289.0722222857148,-1604.4132798571427,-1919.754337428571
CI,2022-09-21,2022-10-05,40.56925999999743,-1000.2085632142869,-1313.2684042857159,-1626.3282453571383,-1298.7543614285723,-1608.1856917857106,-1917.6170221428551
FSLR,2022-09-12,2022-10-18,-1442.7523400000005,-1001.3568380535709,-1325.3600640714285,-1649.3632900892844,-517.5490694000019,-869.3595567500008,-1221.1700441000012
REGN,2022-10-05,2022-10-25,-89.9278399999996,-978.3752889285726,-89.9278399999996,-89.9278399999996,-891.1829257142849,-1142.785713928571,-89.9278399999996
BIIB,2022-10-03,2022-10-26,501.648,501.648,501.648,501.648,501.648,501.648,501.648
VRTX,2022-09-19,2022-11-08,1490.9723799999986,1490.9723799999986,1490.9723799999986,1490.9723799999986,174.74321242857457,459.16689689285823,1490.9723799999986
NOV,2022-10-06,2022-11-29,2876.9745199999998,2876.9745199999998,2876.9745199999998,2876.9745199999998,2971.280119999999,2644.1575699999985,2317.035019999998
MRO,2022-10-18,2022-11-29,1272.9144400000002,1272.9144400000002,1272.9144400000002,1272.9144400000002,1428.4787200000017,1158.2791900000009,888.0796600000019
FTI,2022-11-29,2022-11-30,90.7196799999998,90.7196799999998,90.7196799999998,90.7196799999998,90.7196799999998,90.7196799999998,90.7196799999998
SMCI,2022-11-29,2022-12-06,-1302.7700739999984,-1036.3988547142867,-1373.2004302857154,-1302.7700739999984,-1373.2004302857154,-1302.7700739999984,-1302.7700739999984
FSLR,2022-11-02,2022-12-13,388.1240799999984,388.1240799999984,388.1240799999984,388.1240799999984,999.7902015999989,701.4384520000002,427.32678091428454
HUM,2022-09-27,2022-12-14,1583.3861400000008,1583.3861400000008,1583.3861400000008,1583.3861400000008,2076.6324000000036,1828.196085000003,1579.759770000002
HRB,2022-10-25,2022-12-16,-437.94191999999714,-1036.3828799999976,-1366.7721599999984,-1697.161439999999,-956.2345371428518,-1240.093251428568,-1523.9519657142844
FLEX,2022-12-16,2022-12-23,-482.38774000000006,-482.38774000000006,-482.38774000000006,-482.38774000000006,-482.38774000000006,-482.38774000000006,-482.38774000000006
CI,2022-12-14,2022-12-30,-265.33723999999523,-1052.934568571431,-265.33723999999523,-265.33723999999523,-265.33723999999523,-265.33723999999523,-265.33723999999523
ERIE,2022-11-08,2023-01-03,-1429.5619800000009,-1058.435977500001,-1394.9466300000013,-1731.4572824999989,-673.3931914285718,-1013.718596785715,-267.4045864285755
CAH,2022-12-12,2023-01-12,-433.7622299999996,-433.7622299999996,-433.7622299999996,-433.7622299999996,-171.72738428571313,-316.7625610714265,-508.1534785714236
SMCI,2022-12-23,2023-01-23,-1269.3135080000002,-1011.3046322857148,-1340.8230697142865,-1670.341507142858,-721.0075057142864,-980.1553841428581,-1239.3032625714286
MRK,2022-12-30,2023-02-03,-3308.2919999999986,-1048.0188214285695,-1367.520428571428,-1687.0220357142866,140.39871428571874,-165.13473214285682,-470.668178571426
LW,2023-01-12,2023-02-03,-72.00863999999804,-72.00863999999804,-72.00863999999804,-72.00863999999804,-72.00863999999804,-72.00863999999804,-72.00863999999804
FSLR,2023-01-23,2023-02-09,-70.92354500000062,-70.92354500000062,-70.92354500000062,-70.92354500000062,-374.8243400000016,-70.92354500000062,-70.92354500000062
MKTX,2023-02-03,2023-02-23,-672.54414,-979.0205710714271,-1293.4668814285724,-672.54414,-1293.4668814285724,-672.54414,-672.54414
JBL,2023-02-03,2023-03-07,1296.426740000004,1296.426740000004,1296.426740000004,1296.426740000004,1296.426740000004,1296.426740000004,1296.426740000004
FTI,2023-01-04,2023-03-13,4532.296879999999,4532.296879999999,4532.296879999999,4532.296879999999,2739.9881257142824,4192.023208571424,4532.296879999999
COTY,2023-02-03,2023-03-17,1512.9831999999992,-998.591896528571,1512.9831999999992,1512.9831999999992,593.1784397714256,1525.6204429642823,1172.9993955571417
SMCI,2023-02-09,2023-03-21,1700.6298980000013,1700.6298980000013,1700.6298980000013,1700.6298980000013,-121.4698925714284,305.08805107142933,1700.6298980000013
ACGL,2023-03-13,2023-03-21,655.47432,-1009.9735649999988,-1326.8613599999983,655.47432,-542.6406514285705,-885.056464285714,-1227.4722771428574
VNT,2023-03-07,2023-03-23,-1472.2905499999988,-1057.5057499999984,-1394.518399999999,-1731.5310499999994,-1127.8710285714265,-1398.221835714285,-1668.572642857143
FSLR,2023-03-03,2023-03-30,1502.4045799999983,1502.4045799999983,1502.4045799999983,1502.4045799999983,-151.51357484285796,1502.4045799999983,1502.4045799999983
ANET,2023-03-17,2023-04-11,-114.0102000000014,-114.0102000000014,-114.0102000000014,-114.0102000000014,-276.61885714285955,-566.7712714285734,-114.0102000000014
MKTX,2023-03-21,2023-04-21,-3240.78422,-1040.416076428571,-1372.8996885714266,-1705.383300714286,-1020.2812314285728,-1296.1886192857137,-1572.0960071428576
SMCI,2023-03-30,2023-04-21,-55.39011000000122,-1013.2305607499993,-55.39011000000122,-55.39011000000122,-781.9455415714293,-1116.9034269642864,-55.39011000000122
CDNS,2023-03-23,2023-04-28,340.2075600000012,-1045.7693899714295,-1376.3332666285703,340.2075600000012,548.4666923999998,297.8944154999973,47.322138599998624
COTY,2023-04-24,2023-05-10,-1017.7037800000008,-1038.3402264678577,-1364.7658419571449,-1691.1914574464279,-1320.6341464000016,-1636.0268379999989,-1951.4195296
WST,2023-04-28,2023-05-16,-160.68849999999824,-160.68849999999824,-160.68849999999824,-160.68849999999824,-231.91719999999765,-160.68849999999824,-160.68849999999824
ACGL,2023-05-10,2023-05-30,-2142.865409999996,-1035.7511325000003,-1361.6074499999984,-1687.4637675000022,-1067.7815699999987,-1379.9715674999964,-1692.1615649999997
LW,2023-04-11,2023-05-31,787.1325000000011,787.1325000000011,787.1325000000011,787.1325000000011,1388.5305000000008,1145.523750000003,902.5170000000053
AMD,2023-05-30,2023-06-23,-2774.8142499999985,-1043.3818441428564,-1379.8731588571432,-1716.364473571428,-1379.8731588571432,-1716.364473571428,-2052.855788285715
SMCI,2023-05-30,2023-06-28,-273.5340300000013,-273.5340300000013,-273.5340300000013,-273.5340300000013,-106.05738857142791,-494.8153842857133,-273.5340300000013
NVDA,2023-03-21,2023-07-07,10814.654249999998,10814.654249999998,10814.654249999998,10814.654249999998,174.769071428569,9522.358553571434,10814.654249999998
ORCL,2023-05-31,2023-07-12,3481.425839999999,3481.425839999999,3481.425839999999,3481.425839999999,4509.807857142855,3966.344721428569,3422.8815857142868
PANW,2023-07-07,2023-07-18,-272.8466100000002,-1096.4842907142859,-1444.0870542857147,-1791.6898178571432,-1369.6116042857127,-1698.5955053571433,-2027.5794064285706
FTI,2023-07-12,2023-07-25,-500.4244799999993,-1074.975068571427,-1418.260011428571,-500.4244799999993,-1396.578857142856,-500.4244799999993,-500.4244799999993
LLY,2023-05-16,2023-07-26,1070.3434499999992,1070.3434499999992,1070.3434499999992,1070.3434499999992,-640.8793285714271,603.6641678571444,360.21857142857124
JBL,2023-06-28,2023-08-01,1575.0596600000008,1575.0596600000008,1575.0596600000008,1575.0596600000008,1930.1299485714292,1644.4972957142877,1358.864642857143
NVDA,2023-07-25,2023-08-02,366.17558000000025,366.17558000000025,366.17558000000025,366.17558000000025,-657.4112371428566,366.17558000000025,366.17558000000025
PLTR,2023-07-18,2023-08-08,-379.0046700000005,-1097.1318953571422,-1452.221807142858,-379.0046700000005,-1335.2360528571405,-1698.9091585714255,-1068.1842790928567
PANW,2023-08-02,2023-08-09,-3852.184440000001,-1099.155225000001,-1448.7702599999986,-1798.385294999999,-1448.7702599999986,-1798.385294999999,-2148.000329999999
FICO,2023-08-08,2023-08-10,102.6696,102.6696,102.6696,102.6696,102.6696,102.6696,102.6696
AVGO,2023-07-26,2023-08-14,-2756.348150000002,-1110.442132142856,-1459.6047628571432,-1808.767393571425,-1015.914611428577,-1349.194569285719,-1682.4745271428608
SMCI,2023-07-12,2023-08-17,-791.6942499999994,-1053.566044642857,-791.6942499999994,-791.6942499999994,463.83467857142847,1431.1075089285707,1040.9534107142858
LRCX,2023-08-09,2023-08-18,-1695.7224599999988,-1021.9697442857158,-1348.4272457142874,-1674.8847471428596,-1348.4272457142874,-1477.7106900000008,-1704.2367942857147
ADBE,2023-08-01,2023-08-21,-1900.3956399999972,-1127.9882491428593,-1485.0639588571457,-1842.1396685714294,-1485.0639588571457,-1842.1396685714294,-1896.0052918857166
ERIE,2023-08-10,2023-09-05,-329.6185599999997,-329.6185599999997,-329.6185599999997,-329.6185599999997,-591.1353528571417,-464.20169928571113,-499.96304499999695
IBKR,2023-08-18,2023-09-18,705.7626400000024,705.7626400000024,705.7626400000024,705.7626400000024,43.65969142857528,249.62637571428803,705.7626400000024
CBOE,2023-08-21,2023-09-21,982.004129999998,982.004129999998,982.004129999998,982.004129999998,-117.98620714285022,-329.55478392856867,-569.0554007142815
NVDA,2023-09-05,2023-09-21,-2126.924179999999,-995.1217582142863,-1316.6681042857142,-1638.2144503571421,-1170.5415200000004,-1270.070462857144,-1517.9880114285716
SMCI,2023-09-18,2023-09-21,-300.90408000000053,-300.90408000000053,-300.90408000000053,-300.90408000000053,-300.90408000000053,-300.90408000000053,-300.90408000000053
LLY,2023-08-14,2023-09-29,591.7982799999982,591.7982799999982,591.7982799999982,591.7982799999982,2082.0208514285705,1849.0176592857142,1616.0144671428582
DELL,2023-09-21,2023-09-29,167.93907999999925,167.93907999999925,167.93907999999925,167.93907999999925,167.93907999999925,167.93907999999925,167.93907999999925
FTI,2023-09-18,2023-10-06,-1992.053249999999,-1007.4937949999978,-1328.4275399999997,-1649.3612849999977,-989.6209714285711,-1331.9243967857142,-1674.2278221428571
APO,2023-09-21,2023-10-13,-1076.1085100000007,-1011.3222896428598,-1327.5254128571462,-1643.728536071428,-774.2021471428602,-1081.904493928575,-1389.6068407142898
VNT,2023-09-29,2023-10-25,-1430.6070700000014,-999.289890357143,-1313.5956271428572,-1627.9013639285718,-794.8448971428571,-1088.6736314285706,-1382.5023657142874
NVDA,2023-10-13,2023-10-26,-2433.9185000000016,-983.2384892857132,-1296.3143857142854,-1609.3902821428574,-1296.3143857142854,-1609.3902821428574,-1922.4661785714295
SMCI,2023-10-06,2023-10-27,-1728.4363200000005,-964.8563785714293,-1277.6018914285712,-1590.347404285715,-218.30796000000007,-568.9569600000001,-919.6059600000001
LLY,2023-10-20,2023-11-01,-1133.1728000000026,-907.0448685714275,-1197.0631314285724,-1133.1728000000026,-1037.0861257142858,-1306.13109714286,-1133.1728000000026
JBL,2023-09-29,2023-11-07,-175.03850000000145,-988.0246999999995,-1302.050360000001,-175.03850000000145,844.1812599999984,517.1685999999999,190.155939999996
FTI,2023-10-27,2023-11-07,-157.92192000000048,-157.92192000000048,-157.92192000000048,-157.92192000000048,-157.92192000000048,-157.92192000000048,-157.92192000000048
AVGO,2023-10-25,2023-11-30,1264.9728000000007,-910.7742749999989,-1202.4573000000014,1264.9728000000007,-1200.6591000000014,1198.1397000000002,961.976099999998
DELL,2023-10-26,2023-12-08,663.6452200000016,663.6452200000016,663.6452200000016,663.6452200000016,2090.516920000001,1873.8438099999985,1657.1706999999967
PLTR,2023-11-07,2023-12-12,-699.7989999999988,-918.24861742857,-699.7989999999988,-699.7989999999988,291.812110571428,38.93045964285636,-95.99783414285776
CBOE,2023-11-07,2023-12-26,344.2632599999998,-953.8027317857157,344.2632599999998,344.2632599999998,708.8525914285729,519.3758292857128,329.8990671428581
CRWD,2023-12-26,2024-01-09,1093.8648800000003,-1052.001391428573,-1384.6598285714279,-1717.3182657142854,-1005.8618628571448,-1309.47508857143,-1613.088314285718
GPS,2023-11-01,2024-01-10,9229.607579999998,9229.607579999998,9229.607579999998,9229.607579999998,3799.4260542857137,8221.401794999994,7901.72679
COIN,2023-11-30,2024-01-16,308.830995,308.830995,308.830995,308.830995,4030.963065642859,3554.0112270535733,3077.0593884642876
FICO,2023-12-08,2024-01-17,2692.192880000003,2692.192880000003,2692.192880000003,2692.192880000003,285.9963993714285,5.161244214285553,-62.14035824286057
AMD,2024-01-09,2024-02-15,4436.76285,4436.76285,4436.76285,4436.76285,2512.2412266428632,4436.76285,4436.76285
CRWD,2024-01-17,2024-03-06,6387.232000000002,6387.232000000002,6387.232000000002,6387.232000000002,2232.3053714285716,1806.560114285714,1573.079542857142
LLY,2024-03-06,2024-03-12,-2116.777920000001,-1631.623559999998,-2150.8238399999973,-2670.024119999997,-2150.8238399999973,-2670.024119999997,-2116.777920000001
SMCI,2024-01-10,2024-03-27,27887.178179999995,-1037.7743421428584,-1374.399522857143,27887.178179999995,-1374.399522857143,298.6864307142838,-249.63826714285602
DELL,2024-01-17,2024-04-01,14383.100160000002,14383.100160000002,14383.100160000002,14383.100160000002,1581.9255771428623,1145.265531428574,11580.579771428567
COIN,2024-02-20,2024-04-02,3931.2180399999993,-1263.8513332142866,3931.2180399999993,3931.2180399999993,2719.3354214285714,3931.2180399999993,3931.2180399999993
CRWD,2024-03-12,2024-04-04,313.50968999999816,313.50968999999816,313.50968999999816,313.50968999999816,-454.24464428571366,313.50968999999816,313.50968999999816
GPS,2024-03-27,2024-04-10,-4391.138429999999,-1583.8388967857143,-2095.1138957142866,-2606.388894642859,-1803.8854157142864,-2242.3532946428572,-2680.821173571428
JPM,2024-04-01,2024-04-15,-5221.336199999995,-1694.0555828571385,-2211.6802971428615,-2729.3050114285747,-2028.5207828571404,-2500.355618571425,-2972.1904542857105
NVDA,2024-01-09,2024-04-17,17421.434080000003,17421.434080000003,17421.434080000003,17421.434080000003,8029.863622857141,7437.01420857143,6844.164794285717
AVGO,2024-04-15,2024-04-17,-589.808380000003,-1481.3184775000007,-589.808380000003,-589.808380000003,-589.808380000003,-589.808380000003,-589.808380000003
DELL,2024-04-05,2024-04-18,-1597.1327999999996,-1543.0155428571422,-2041.5793371428565,-1597.1327999999996,-2041.5793371428565,-1597.1327999999996,-1597.1327999999996
MU,2024-04-02,2024-04-19,-2427.092480000001,-1565.848871428573,-2072.8527885714307,-2579.856705714286,-969.1690057142877,-1441.9700171428603,-1914.7710285714334
WDC,2024-04-10,2024-04-19,-1208.81475,-1518.7544999999986,-1208.81475,-1208.81475,-1185.159857142853,-1639.9100089285675,-1208.81475
KKR,2024-04-15,2024-04-19,-1771.2231999999983,-1491.2463142857152,-1966.2850857142869,-1771.2231999999983,-1966.2850857142869,-1771.2231999999983,-1771.2231999999983
FTI,2024-04-18,2024-04-19,-756.2847499999964,-756.2847499999964,-756.2847499999964,-756.2847499999964,-756.2847499999964,-756.2847499999964,-756.2847499999964
HIG,2024-04-17,2024-04-23,1907.149079999996,1907.149079999996,1907.149079999996,1907.149079999996,1907.149079999996,1907.149079999996,1907.149079999996
GDDY,2024-04-19,2024-05-01,278.21214000000043,278.21214000000043,278.21214000000043,278.21214000000043,278.21214000000043,278.21214000000043,278.21214000000043
NKTR,2024-04-17,2024-05-07,757.7304000000006,757.7304000000006,757.7304000000006,757.7304000000006,757.7304000000006,757.7304000000006,757.7304000000006
PGR,2024-04-19,2024-05-13,1227.2724599999942,-1488.8679664285673,1227.2724599999942,1227.2724599999942,-1289.7622714285653,1227.2724599999942,1227.2724599999942
SMCI,2024-05-10,2024-05-23,1776.3607400000012,1776.3607400000012,1776.3607400000012,1776.3607400000012,346.9116199999995,1776.3607400000012,1776.3607400000012
APH,2024-05-01,2024-06-04,3451.41615,3451.41615,3451.41615,3451.41615,3963.7532999999935,3590.7017250000017,3217.650149999996
DELL,2024-05-23,2024-06-07,-4242.421659999998,-1560.9679407142835,-2065.1040142857146,-2569.2400878571407,505.2402114285759,-127.76258071428161,-760.7653728571391
QCOM,2024-06-07,2024-06-17,1030.0976399999986,1030.0976399999986,1030.0976399999986,1030.0976399999986,1030.0976399999986,1030.0976399999986,1030.0976399999986
GDDY,2024-05-13,2024-06-24,828.4224000000044,828.4224000000044,828.4224000000044,828.4224000000044,904.2367954285667,521.9919942857156,828.4224000000044
COIN,2024-06-05,2024-06-25,-1849.755460000001,-1527.6316883607146,-2026.8032778142856,-1849.755460000001,-1184.3825418142865,-1628.6480922678586,-2072.9136427214307
NVDA,2024-05-01,2024-06-26,8879.00484,8879.00484,8879.00484,8879.00484,4733.680028571428,8879.00484,8879.00484
CRWD,2024-06-24,2024-06-26,639.0426600000012,639.0426600000012,639.0426600000012,639.0426600000012,639.0426600000012,639.0426600000012,639.0426600000012
BNY,2024-04-23,2024-06-27,2386.852440000001,2386.852440000001,2386.852440000001,2386.852440000001,1101.019560000002,835.9249200000061,570.8302800000043
GPS,2024-06-04,2024-06-27,-3821.8820800000008,-1552.3082114285726,-2055.37606857143,-2558.4439257142876,-2055.37606857143,-2558.4439257142876,-3061.5117828571424
SMCI,2024-06-27,2024-07-02,-548.3015999999994,-548.3015999999994,-548.3015999999994,-548.3015999999994,-548.3015999999994,-548.3015999999994,-548.3015999999994
MU,2024-06-17,2024-07-03,-2724.0220799999984,-1577.60393142857,-2083.4290285714283,-2589.254125714287,-650.2579199999948,-1204.0235999999932,-1757.7892799999975
APH,2024-06-27,2024-07-09,517.3660799999968,517.3660799999968,517.3660799999968,517.3660799999968,517.3660799999968,517.3660799999968,517.3660799999968
LLY,2024-06-26,2024-07-12,1657.09584,1657.09584,1657.09584,1657.09584,-1328.2757999999956,1657.09584,1657.09584
ANET,2024-06-25,2024-07-24,907.203399999996,907.203399999996,907.203399999996,907.203399999996,2114.3322057142823,1638.2130871428585,1162.0939685714284
KLAC,2024-07-09,2024-08-02,-7062.950159999999,-1589.004585000001,-2093.4446399999993,-2597.8846949999975,-1206.662309999999,-1703.0778975,-2199.4934850000013
FICO,2024-07-03,2024-08-06,1972.773300000003,1972.773300000003,1972.773300000003,1972.773300000003,-951.2283428571391,6.1954178571483425,1972.773300000003
KKR,2024-07-24,2024-09-11,-45.18634999999891,-1520.5655653571412,-2002.7982071428546,-2485.030848928573,-571.4652585714308,-1168.309245714288,-1765.153232857145
LUMN,2024-08-01,2024-09-12,6306.644220000001,-1501.0905867857148,-1995.0928757142858,6306.644220000001,-1995.0928757142858,4135.42868035714,4411.820097985714
GDDY,2024-08-06,2024-09-16,1009.8261499999952,1009.8261499999952,1009.8261499999952,1009.8261499999952,3431.9923877428505,3120.242157178566,2808.49192661428
ERIE,2024-09-11,2024-09-23,1453.7128000000014,1453.7128000000014,1453.7128000000014,1453.7128000000014,1453.7128000000014,1453.7128000000014,1453.7128000000014
JEF,2024-07-12,2024-10-01,6953.786210000001,-1610.1873153571405,-2115.327027142856,-2620.466738928572,592.5695085714258,92.77872821427952,354.5420599999971
UHS,2024-08-05,2024-10-04,979.9346900000028,979.9346900000028,979.9346900000028,979.9346900000028,3064.428110000004,2844.1536050000022,2623.879100000004
LUMN,2024-10-01,2024-10-04,-876.4720000000017,-876.4720000000017,-876.4720000000017,-876.4720000000017,-876.4720000000017,-876.4720000000017,-876.4720000000017
FICO,2024-09-23,2024-10-21,268.7008799999976,268.7008799999976,268.7008799999976,268.7008799999976,772.4023885714221,273.2135057142798,268.7008799999976
PGR,2024-09-16,2024-10-23,-2220.862319999995,-1695.8050457142856,-2221.9241142857163,-2748.0431828571404,-1653.156308571428,-1953.82105714286,-2408.799908571431
FICO,2024-10-22,2024-10-25,678.2187299999993,678.2187299999993,678.2187299999993,678.2187299999993,678.2187299999993,678.2187299999993,678.2187299999993
KKR,2024-10-25,2024-11-06,874.0480000000033,-1676.1992000000032,-2204.4704000000042,-2732.741599999996,-2150.581485714291,-2665.3804571428614,874.0480000000033
BNY,2024-10-04,2024-11-12,8152.670850000005,8152.670850000005,8152.670850000005,8152.670850000005,4559.29782000001,3994.453229999995,8152.670850000005
LUMN,2024-11-12,2024-12-03,-4787.48313,-1714.9920716249997,-2275.8517755000003,-2836.7114793749984,-2275.8517755000003,-2836.7114793749984,-3397.571183249999
IBKR,2024-11-06,2024-12-13,4800.176590000001,4800.176590000001,4800.176590000001,4800.176590000001,5929.11794714286,5329.91061142857,4730.703275714288
FISV,2024-10-23,2024-12-16,1729.8995999999966,1729.8995999999966,1729.8995999999966,1729.8995999999966,5006.0432626285665,4519.88567828571,4033.728093942855
FI,2024-11-12,2024-12-16,-2683.529640000003,-1803.144477857141,-2362.442477142855,-2921.7404764285684,382.60481348570977,-72.38882314285996,-527.3824597714297
JEF,2024-12-16,2024-12-20,-4283.227060000007,-1732.7401000000038,-2275.396900000002,-2818.0537,-2275.396900000002,-2818.0537,-3360.710499999998
HOOD,2024-12-06,2025-01-02,-492.9928100000018,-1667.7370683928555,-2212.115537857144,-492.9928100000018,-648.6898856428567,-1196.2100495535722,-1743.7302134642848
ALK,2024-12-18,2025-01-06,517.0540500000006,517.0540500000006,517.0540500000006,517.0540500000006,393.1061790857138,98.0085863571436,517.0540500000006
GDDY,2024-12-16,2025-01-10,-3183.066950000001,-1725.1295967500012,-2266.3056290000013,-2807.481661250002,-2201.249749999998,-2732.892574999992,-3264.535399999992
PLTR,2024-12-13,2025-01-13,-2474.511699999997,-1645.5129571428579,-2181.0340428571412,-2474.511699999997,-185.17418628571153,-810.1038453571414,-1435.0335044285675
HOOD,2025-01-10,2025-01-13,-494.360720000001,-494.360720000001,-494.360720000001,-494.360720000001,-494.360720000001,-494.360720000001,-494.360720000001
APO,2024-12-20,2025-01-23,64.25692000000124,-1662.4296649999999,-2196.779779999998,64.25692000000124,-465.3529399999999,-891.8460199999988,-1318.3390999999976
JEF,2025-01-06,2025-02-13,-4999.852799999998,-1633.0601057142858,-2152.0862742857144,-2671.112442857143,-2152.0862742857144,-2671.112442857143,-3190.1386114285715
ALK,2025-02-14,2025-02-25,-273.59872,-273.59872,-273.59872,-273.59872,-737.9227312000044,-1299.8174740000034,-273.59872
AVGO,2024-12-27,2025-02-26,-2786.1732,-1623.3286371428576,-2152.7957828571425,-2682.262928571428,-1365.6979542857136,-1698.390642857141,-1723.8993942857128
IBKR,2025-01-10,2025-02-26,2612.88786,-1534.4196096428586,2612.88786,2612.88786,2863.107389999993,2205.333322499993,4178.655524999998
FLEX,2025-01-13,2025-02-26,-374.97822999999977,-374.97822999999977,-374.97822999999977,-374.97822999999977,1482.7710896428598,975.3412595535744,467.9114294642891
PLTR,2025-02-13,2025-02-27,-3918.2106600000006,-1654.6235593821427,-2194.1991258428566,-2733.774692303571,-1020.7708715571431,-1546.317266946428,-2071.8636623357147
CIEN,2024-12-13,2025-02-28,-3197.30874,-1663.8180157500017,-2199.9461010000005,-2736.07418625,-1004.327202428569,-1557.6441530357126,-1350.0627921857133
HOOD,2025-01-23,2025-03-03,2268.0362599999994,-1628.7093937000018,-2157.3223516000025,2268.0362599999994,3872.465824399999,3128.9589754999997,2385.4521266
SATS,2025-02-27,2025-03-11,-3846.16096,-1482.2929085714268,-1958.2450514285702,-2434.197194285713,-338.51782857142615,-849.897365714284,-1361.276902857142
BNY,2025-02-26,2025-03-14,-3963.9963600000074,-1555.4519582142896,-2039.0361042857098,-2522.62025035714,-1151.0977885714308,-1675.234555714283,-2199.3713228571446
BK,2025-03-03,2025-03-14,-5120.090820000003,-1554.2537978571465,-2039.8255971428594,-2525.3973964285724,-2039.8255971428594,-2525.3973964285724,-3010.9691957142854
UNM,2025-03-11,2025-03-21,1110.3974000000003,1110.3974000000003,1110.3974000000003,1110.3974000000003,1110.3974000000003,1110.3974000000003,1110.3974000000003
GILD,2025-02-26,2025-03-24,-1117.6198199999974,-1526.8002299999973,-1117.6198199999974,-1117.6198199999974,420.0980657142906,-45.166917857139865,-510.4319014285703
BRO,2025-03-14,2025-03-26,1391.3381999999988,1391.3381999999988,1391.3381999999988,1391.3381999999988,1391.3381999999988,1391.3381999999988,1391.3381999999988
CME,2025-03-14,2025-03-26,392.4764800000002,392.4764800000002,392.4764800000002,392.4764800000002,392.4764800000002,392.4764800000002,392.4764800000002
PODD,2025-03-25,2025-03-28,-1329.75063,-1418.2289952107137,-1329.75063,-1329.75063,-1623.9039536571454,-1329.75063,-1329.75063
BSX,2025-03-26,2025-04-08,-3103.802240000002,-1439.992286857141,-1895.7908891428597,-2351.589491428573,-1657.7251931428573,-2042.0764571428585,-2435.972452571428
HOOD,2025-03-28,2025-04-08,-1527.037575,-1368.5112421607148,-1816.9689962142863,-2265.426750267858,-1808.491310957143,-2254.8296436964297,-2701.1679764357164
PLTR,2025-03-21,2025-04-09,-1048.4213599999996,-1379.0464753571434,-1831.0593671428571,-2283.072258928571,-37.253054771427784,-405.5992184642854,-773.9453821571411
UNM,2025-03-24,2025-04-14,-2091.350140000004,-1439.1765378571445,-1896.8762371428554,-2354.5759364285723,-1177.4421057142922,-1575.338097142863,-1973.2340885714336
GILD,2025-04-08,2025-04-22,-193.10788000000116,-1300.8536682142865,-1715.3369842857142,-2129.8203003571416,-1715.3369842857142,-2129.8203003571416,-193.10788000000116
COR,2025-04-14,2025-04-23,112.18629000000146,112.18629000000146,112.18629000000146,112.18629000000146,112.18629000000146,112.18629000000146,112.18629000000146
BRO,2025-04-23,2025-04-25,-397.4505600000014,-1359.4533085714265,-397.4505600000014,-397.4505600000014,-397.4505600000014,-397.4505600000014,-397.4505600000014
FTNT,2025-04-14,2025-05-16,520.7220800000005,-1340.4352710571422,520.7220800000005,520.7220800000005,348.9109488285715,79.59475603571394,-189.72143675714364
VRSN,2025-03-26,2025-05-27,8159.007780000008,-1474.6089599999991,-1928.8942200000013,-2383.1794799999966,3.960989999997821,-489.80225249999626,-970.2138599999997
WRB,2025-04-08,2025-05-27,2450.681839999999,2450.681839999999,2450.681839999999,2450.681839999999,2450.681839999999,2450.681839999999,2450.681839999999
PODD,2025-05-16,2025-06-10,-1343.01978,-1475.4776752285704,-1949.699806971429,-1343.01978,-614.259698142853,-866.2350776785695,-1118.2104572142812
MCK,2025-04-22,2025-06-27,1223.259510000001,1223.259510000001,1223.259510000001,1223.259510000001,90.23081571428803,-176.2956053571404,-442.82202642856885
CAH,2025-05-27,2025-07-17,2294.9119899999946,2294.9119899999946,2294.9119899999946,2294.9119899999946,386.21830857142584,-39.49412428571816,-465.20655714286215
AVGO,2025-05-29,2025-07-23,3869.672939999999,3869.672939999999,3869.672939999999,3869.672939999999,-13.180320000002943,-474.1039350000028,3869.672939999999
JBL,2025-07-17,2025-07-23,735.8422500000019,735.8422500000019,735.8422500000019,735.8422500000019,735.8422500000019,735.8422500000019,735.8422500000019
STX,2025-06-10,2025-07-25,5549.404350000002,5549.404350000002,5549.404350000002,5549.404350000002,3794.8606499999955,3383.759662499997,2972.658674999991
PLTR,2025-04-25,2025-08-04,5372.835940000001,5372.835940000001,5372.835940000001,5372.835940000001,360.31928847142945,22.461438089286748,5372.835940000001
HOOD,2025-04-25,2025-08-14,13235.2245,13235.2245,13235.2245,13235.2245,11615.60502642857,11106.179783035712,10596.754539642856
APH,2025-07-25,2025-08-25,1691.513760000002,1691.513760000002,1691.513760000002,1691.513760000002,546.8995199999973,50.776139999999586,1691.513760000002
ORCL,2025-07-09,2025-09-05,-370.20544000000086,-1610.107154285713,-370.20544000000086,-370.20544000000086,1053.1925942857117,654.5973028571408,256.00201142857003
HOOD,2025-08-25,2025-09-08,338.0748800000001,-1686.8568470285707,-2236.4129693714276,338.0748800000001,-1897.9618164571427,338.0748800000001,338.0748800000001
LITE,2025-08-14,2025-10-02,11592.60424,11592.60424,11592.60424,11592.60424,7622.118699999997,6889.234817499997,6177.651612999996
STX,2025-10-02,2025-10-10,-5482.748750000003,-2133.1656146428586,-2822.0406928571438,-3510.915771071429,-2668.524362857143,-3319.0203585714307,-3969.5163542857144
BNY,2025-07-23,2025-10-20,6009.0534,6009.0534,6009.0534,6009.0534,-280.3009500000056,4702.837708928566,4076.7697607142845
SATS,2025-08-28,2025-10-21,4936.856039999999,4936.856039999999,4936.856039999999,4936.856039999999,3926.889817199999,3445.651808357139,4759.821451799997
HOOD,2025-09-09,2025-10-24,4219.890520000002,4219.890520000002,4219.890520000002,4219.890520000002,1771.3636835285722,3786.8486917321447,3124.910232078574
WDC,2025-08-04,2025-10-29,23678.91704,-1712.1586107142853,23678.91704,23678.91704,-1996.9756514285732,17521.526665357138,16364.39816642857
SNDK,2025-10-10,2025-10-29,6641.916269999997,6641.916269999997,6641.916269999997,6641.916269999997,6641.916269999997,6641.916269999997,6641.916269999997
GLW,2025-10-20,2025-11-17,-1856.007779999993,-2133.0290528571445,-2813.9602971428567,-1856.007779999993,-692.2898057142883,-1390.9397421428546,-2089.5896785714285
LRCX,2025-10-21,2025-11-19,565.2935600000003,565.2935600000003,565.2935600000003,565.2935600000003,2060.375552857146,1326.9268785714276,593.4782042857156
PLTR,2025-10-24,2025-11-19,-2870.1064799999967,-2200.424196921432,-2911.221809228576,-3622.01942153572,1674.9331593428572,981.8542391785725,288.7753190142875
LUMN,2025-10-29,2025-11-19,-5724.592719999998,-2316.7766758428575,-3072.784154457142,-3828.7916330714265,-2546.9547958857124,-3353.4228348571387,-4159.89087382857
CIEN,2025-09-05,2025-11-20,19418.839110000004,19418.839110000004,19418.839110000004,19418.839110000004,17626.881432857146,16503.525556071432,15380.16967928572
MU,2025-10-20,2025-11-21,-719.3913999999969,-2087.5254678571414,-719.3913999999969,-719.3913999999969,2272.442342857147,1438.5841785714317,604.7260142857159
APH,2025-10-29,2025-11-21,-3003.9692000000005,-2359.822562857139,-3115.788697142855,-3871.7548314285714,-1170.3189714285684,-1824.652554285714,-2478.9861371428597
WDC,2025-11-17,2025-11-26,135.49652999999986,-2120.4288578571436,135.49652999999986,135.49652999999986,-2657.0053157142866,135.49652999999986,135.49652999999986
STX,2025-11-19,2025-11-26,767.9024800000003,767.9024800000003,767.9024800000003,767.9024800000003,767.9024800000003,767.9024800000003,767.9024800000003
SNDK,2025-11-17,2025-12-04,-3137.556975000001,-2078.793812271428,-2763.109483028572,-3447.4251537857135,-2763.109483028572,-3447.4251537857135,-3137.556975000001
COR,2025-11-20,2025-12-08,-3634.2124499999977,-2071.5766500000036,-2722.674900000002,-3373.77315,102.59699999999586,-423.22665000000376,-949.0503000000033
LLY,2025-11-21,2025-12-10,-2367.596250000001,-2102.6354046428573,-2367.596250000001,-2367.596250000001,427.91401285713937,-112.99346678571972,-680.6413221428675
CAH,2025-11-19,2025-12-11,-2491.299000000001,-2188.077525000002,-2491.299000000001,-2491.299000000001,-123.69040714286012,-648.5828464285768,-1173.4752857142853
NKTR,2025-11-21,2025-12-17,-1853.23224,-2064.166366157142,-2739.392221542856,-3414.618076928571,737.3810677714303,28.32246471428536,-576.2840949428553
HOOD,2025-11-28,2025-12-19,-1434.1122899999984,-2173.1715266785704,-1434.1122899999984,-1434.1122899999984,-1050.6718285714255,-1667.3035082142837,-2219.4138452142843
LITE,2025-11-17,2026-01-13,6291.278595,6291.278595,6291.278595,6291.278595,5357.9156921999975,4571.437407749995,5746.4702986500015
GLW,2025-12-11,2026-01-15,-876.9818200000028,-2172.9424192857155,-2867.5663857142868,-3562.1903521428585,-2867.5663857142868,-3562.1903521428585,-4256.814318571431
CIEN,2025-11-28,2026-01-26,3195.0087999999982,-2173.748725485715,3195.0087999999982,3195.0087999999982,1890.1839595428562,1180.8912194285676,471.5984793142827
SATS,2025-12-10,2026-02-05,3025.9964400000017,3025.9964400000017,3025.9964400000017,3025.9964400000017,6059.459397685718,5352.127302107144,4644.7952065285735
APH,2026-01-15,2026-02-09,-4450.663409999999,-2477.143548214285,-3269.2888242857166,-4061.434100357138,1268.918425714293,263.30932714286456,-742.2997714285639
KLAC,2026-01-26,2026-02-12,-992.6899800000042,-2569.3677953571405,-3399.0026871428618,-4228.637578928575,946.0778828571363,57.76173107142306,-830.5544207142902
MU,2025-12-11,2026-02-25,18401.87664,-2137.003919999998,-2829.830399999999,-3522.6568800000005,-2751.6686399999994,-3397.7818799999986,-4065.6333599999975
STX,2025-12-19,2026-02-25,9552.858449999998,9552.858449999998,9552.858449999998,9552.858449999998,304.52318571428304,-337.9194428571425,-980.362071428573
WDC,2025-12-08,2026-03-06,10619.0217,10619.0217,10619.0217,10619.0217,-370.9344857142865,2673.5947232142853,1912.040967857145
LRCX,2025-12-08,2026-03-06,9000.788160000002,9000.788160000002,9000.788160000002,9000.788160000002,-1046.845577142859,-1640.833851428572,10518.263451428573
SNDK,2025-12-29,2026-03-09,19502.737595,19502.737595,19502.737595,19502.737595,4462.550166242856,3670.349991553571,22238.44683302857
AMAT,2026-02-26,2026-03-16,-4742.2068,-2876.5436164285743,-3807.767888571432,-4738.992160714291,-3609.141000000001,-4490.70855,-5372.276100000005
GLW,2026-02-09,2026-03-18,1877.4012400000015,1877.4012400000015,1877.4012400000015,1877.4012400000015,4870.256817142858,3966.354481428573,3062.4521457142864
FTI,2026-02-25,2026-03-19,-946.4672000000068,-2990.421199999998,-3949.221439999997,-946.4672000000068,-2493.678440000002,-3407.263939999997,-4320.849439999999
COHR,2026-03-06,2026-03-23,997.2452000000006,997.2452000000006,997.2452000000006,997.2452000000006,997.2452000000006,997.2452000000006,997.2452000000006
MRNA,2026-03-09,2026-03-23,-838.0189309999992,-838.0189309999992,-838.0189309999992,-838.0189309999992,-838.0189309999992,-838.0189309999992,-838.0189309999992
KEYS,2026-03-06,2026-03-24,554.4335499999987,554.4335499999987,554.4335499999987,554.4335499999987,554.4335499999987,554.4335499999987,554.4335499999987
MU,2026-03-18,2026-03-27,-7396.489800000002,-2642.5235249999987,-3501.688500000001,-4360.853474999999,-3501.688500000001,-4360.853474999999,-5220.018450000001
STX,2026-03-26,2026-03-31,-1879.3314000000007,-2550.3597000000004,-1879.3314000000007,-1879.3314000000007,-1879.3314000000007,-1879.3314000000007,-1879.3314000000007
LRCX,2026-03-27,2026-04-01,771.1459200000002,771.1459200000002,771.1459200000002,771.1459200000002,771.1459200000002,771.1459200000002,771.1459200000002
SEDG,2026-03-31,2026-04-15,-3279.6670400000007,-2568.8120922285734,-3411.68620297143,-4254.560313714289,-2054.062328685717,-2927.9197108571457,-3596.1698774857155
CTRA,2026-03-23,2026-04-17,-4847.481779999999,-2697.3460287535745,-3557.5755916714284,-4417.805154589282,2289.128280471433,1434.2574605892955,579.386640707158
LITE,2026-02-05,2026-04-30,16931.88857,16931.88857,16931.88857,16931.88857,8852.358673228568,7866.700939035713,6881.043204842857
SATS,2026-03-06,2026-04-30,3650.70712,3650.70712,3650.70712,3650.70712,3937.5741087142933,3083.3458706071515,3650.70712
TER,2026-02-09,2026-05-07,8094.57632,-2676.5721067857125,-3548.735855714287,8094.57632,1239.9306842857109,501.67432249999956,-296.68901500000277
KLAC,2026-03-18,2026-05-07,8612.331539999996,-2666.4583799999955,8612.331539999996,8612.331539999996,-1177.8142285714312,-2011.241395714287,6734.1287657142775
JBL,2026-04-01,2026-05-21,9368.086200000002,9368.086200000002,9368.086200000002,9368.086200000002,9180.205697142856,8400.10443642857,7620.003175714285
FTI,2026-04-30,2026-05-22,-2936.8668999999995,-3182.4161050000066,-4198.404100000004,-2936.8668999999995,-3051.4350742857137,-4041.9992328571416,-2936.8668999999995
LITE,2026-05-07,2026-05-26,1309.524434999999,1309.524434999999,1309.524434999999,1309.524434999999,-702.6149828571436,-1858.0767573214305,1309.524434999999
INTC,2026-05-07,2026-06-01,-579.3439999999965,-579.3439999999965,-579.3439999999965,-579.3439999999965,454.5970240000004,-886.1169199999974,-2226.830863999995
COHR,2026-05-22,2026-06-02,-72.30879999999891,-72.30879999999891,-72.30879999999891,-72.30879999999891,-72.30879999999891,-72.30879999999891,-72.30879999999891
GLW,2026-05-21,2026-06-05,1126.7880000000025,1126.7880000000025,1126.7880000000025,1126.7880000000025,-951.8955214285717,1126.7880000000025,1126.7880000000025
CIEN,2026-02-12,2026-06-08,15496.788449999998,15496.788449999998,15496.788449999998,15496.788449999998,875.7560323714313,6.631505464287585,-862.4930214428562
AMD,2026-05-21,2026-06-12,4313.2527,4313.2527,4313.2527,4313.2527,3375.2344571999965,2327.6787614999985,1280.1230658000004
FLEX,2026-06-08,2026-06-17,-2564.14512,-3713.1138582857147,-4920.771277714283,-2564.14512,-4920.771277714283,-2564.14512,-2564.14512
TER,2026-06-10,2026-06-17,5452.063999999999,5452.063999999999,5452.063999999999,5452.063999999999,5452.063999999999,5452.063999999999,5452.063999999999
MU,2026-04-17,2026-06-25,55796.11992999999,55796.11992999999,55796.11992999999,55796.11992999999,17194.81701571429,15522.705087142866,13850.593158571426
DELL,2026-06-01,2026-06-29,-3177.4675199999974,-3838.0748228571415,-5090.204297142857,-6342.333771428573,-4449.291565714287,-5760.3334971428585,-3177.4675199999974
HPE,2026-06-02,2026-06-29,-15068.2168,-4120.200775000001,-5460.69394,-6801.187104999999,-5460.69394,-6801.187104999999,-8141.680269999997
LITE,2026-06-18,2026-07-06,-4792.165225000001,-4198.339958971428,-4792.165225000001,-4792.165225000001,-4056.805435171431,-5149.894780214287,-4792.165225000001
SNDK,2026-03-19,2026-07-07,30933.32138,-2638.9145425214265,-3502.5239900285696,-4366.133437535713,-3502.5239900285696,-4366.133437535713,35554.70792458571
GLW,2026-06-29,2026-07-07,-5869.6599,-4112.796379285714,-5461.685425714284,-6810.5744721428555,-1242.754294285712,-2575.3910378571436,-3908.0277814285714
WDC,2026-03-20,2026-07-08,18115.00572000001,-2607.9305999999992,-3459.9177600000007,-4311.904919999997,-3459.9177600000007,-4311.904919999997,16409.5329
MU,2026-07-06,2026-07-14,-453.5383600000001,-453.5383600000001,-453.5383600000001,-453.5383600000001,-453.5383600000001,-453.5383600000001,-453.5383600000001
STX,2026-04-17,2026-07-15,22329.2498,22329.2498,22329.2498,22329.2498,12935.56717142857,11489.743014285716,10043.918857142853
LRCX,2026-06-17,2026-07-15,-2727.34975,-4053.918603250002,-5377.9754710000025,-6702.032338750004,-766.5961805714322,-2309.51264821429,-3852.4291158571477
INTC,2026-06-25,2026-07-15,-7516.3623499999985,-4249.0054775,-5642.51807,-7036.0306625,-5306.5708534999985,-6616.096641874999,-7925.622430249999
AMAT,2026-06-17,2026-07-16,-2172.125719999996,-4069.932442142856,-2172.125719999996,-2172.125719999996,2499.0555657142845,824.5485346428608,-849.9584964285706
MRVL,2026-05-22,2026-07-17,-2307.941099999998,-2307.941099999998,-2307.941099999998,-2307.941099999998,13519.943742857151,11447.32557857144,9374.707414285716
TER,2026-06-29,2026-07-17,-10021.54028,-4091.962222142858,-5434.22076285714,-6776.47930357143,-1951.355685714283,-3221.2987571428553,-4491.2418285714275
AMD,2026-06-25,2026-07-20,-2043.702524999996,-4255.081229132148,-5646.97037884286,-2043.702524999996,-2600.3928631285735,-3904.8477489107154,-5209.302634692856
COHR,2026-06-29,2026-07-20,-6194.98598,-4116.847598599999,-5471.9449448000005,-6827.0422910000025,-3870.0550096571405,-5085.963327071429,-4981.199324514285
FTNT,2026-07-14,2026-07-23,-1249.8923850000049,-1249.8923850000049,-1249.8923850000049,-1249.8923850000049,-1249.8923850000049,-1249.8923850000049,-1249.8923850000049
CRWD,2026-07-17,2026-07-27,-2422.0613400000007,-3338.449748571429,-2422.0613400000007,-2422.0613400000007,-3991.9362365142865,-2422.0613400000007,-2422.0613400000007
PANW,2026-07-07,2026-07-28,-6326.494860000002,-3453.148607475006,-4568.930883300003,-5684.713159125008,-4568.930883300003,-5684.713159125008,-6800.495434950004
DELL,2026-07-07,2026-07-30,-908.7385999999992,-908.7385999999992,-908.7385999999992,-908.7385999999992,-108.93919999999804,-1165.9810999999963,-2223.022999999999
HUM,2026-07-16,2026-07-31,-7349.533510000004,-3408.4617553428548,-4505.841020457145,-5603.220285571428,-4505.841020457145,-4873.087952339289,-5824.440750807139
HPE,2026-07-27,2026-08-03,-444.2199300000015,-3217.486387500001,-444.2199300000015,-444.2199300000015,-444.2199300000015,-444.2199300000015,-444.2199300000015
DVA,2026-07-20,2026-08-07,-17460.861660000002,-3387.0634603714298,-4465.96145382857,-5544.85944728571,-2202.681427971425,-3075.5342799642904,-3948.3871319571463
WDC,2026-07-24,2026-08-07,-3691.1533500000014,-3239.355599999998,-4302.990899999999,-5366.626199999998,-4257.329464285713,-5240.109985714288,-3691.1533500000014
TRV,2026-07-30,2026-08-14,-3116.2254,-3278.0163042857193,-3116.2254,-3116.2254,-3188.4274114285704,-3116.2254,-3116.2254
FTNT,2026-08-07,2026-08-26,-3817.498139999996,-3123.057704142859,-4133.714178857143,-3817.498139999996,-3355.392593828571,-3970.337861571424,-4315.122845742858
PANW,2026-08-14,2026-08-26,-9451.542315,-3235.113687707144,-4276.189476942858,-5317.265266178573,-4220.550171942853,-5247.716134928568,-6274.882097914284
HPE,2026-08-05,2026-08-31,698.4855300000024,698.4855300000024,698.4855300000024,698.4855300000024,961.5650442857184,-160.82322964285038,698.4855300000024
NTAP,2026-07-31,2026-09-01,1500.1677600000023,1500.1677600000023,1500.1677600000023,1500.1677600000023,3483.0828600000013,2434.0579350000007,2159.51775
MRVL,2026-08-10,2026-09-03,-2719.141680000002,-3092.7768351214263,-2719.141680000002,-2719.141680000002,-1094.959744885718,-2017.3944511071454,-2939.829157328573
STX,2026-07-23,2026-09-08,-784.0695000000006,-3263.894014607142,-4333.758686142856,-5403.623357678572,-4333.758686142856,-5403.623357678572,-3142.22619707143
MU,2026-08-26,2026-09-09,2774.4777449999974,2774.4777449999974,2774.4777449999974,2774.4777449999974,2774.4777449999974,2774.4777449999974,2774.4777449999974
CRL,2026-08-31,2026-09-09,-1658.3000500000007,-1658.3000500000007,-1658.3000500000007,-1658.3000500000007,-2266.585783942863,-1658.3000500000007,-1658.3000500000007
MRNA,2026-08-20,2026-09-16,-703.8543999999994,-703.8543999999994,-703.8543999999994,-703.8543999999994,-2360.0346190857094,-703.8543999999994,-703.8543999999994
STT,2026-07-15,2026-09-17,180.4351250000022,-3533.3469218821456,180.4351250000022,180.4351250000022,-4389.520230828586,-553.669196553578,-927.3945649428659
